,subject_id,title,title_other_text,years_split,years,institution_type,institution_type_other_text,country,lab_size,lab_size_total,lab_size_ra,lab_size_gs,lab_size_pd,lab_size_fts,lab_size_pts,collaboration,research_area,research_area_text,data_type,funder,funder_nih,funder_nsf,funder_government,funder_private,funder_professional,funder_commercial,funder_internal,funder_other,funder_none,funder_other_text,funder_role,funder_role_pi,funder_role_ci,funder_role_associate,funder_role_consultant,funder_role_pd,funder_role_gs,funder_role_ug,funder_role_na,funder_role_other,funder_role_other_text,dmp,education_method,education_methods_courses_school,education_methods_courses_other,education_methods_best_practices_psych,education_methods_best_practices_other,education_methods_person_collab,education_methods_person_other,education_methods_social_media,education_methods_self,education_methods_other,education_methods_none,education_methods_other_text,education_management,education_management_courses_school,education_management_courses_other,education_management_best_practices_psych,education_management_best_practices_other,education_management_person_collab,education_management_person_other,education_management_social_media,education_management_self,education_management_other,education_management_none,education_management_other_text,institution_resource_rdm,institution_resource_sharing,institution_resource_it,limits_time,limits_cost,limits_norms,limits_training,limits_incentives,limits_support,limits_guidance,limits_pi,limits_data,limits_knowldge,motivations_loss,motivations_continuity,motivations_compliance_funding,motivations_compliance_ethics,motivations_guidance,motivations_training,motivations_best_practice,motivations_support,motivations_pi,motivations_transparency,motivations_reproducibility,collect_mature_self,collect_mature_field,collect_change,collect_how,collect_how_lab,collect_how_travel,collect_how_send,collect_how_internet,collect_how_prompt,collect_how_secondary,collect_how_other,collect_how_other_text,collect_vulnerable,collect_software,collect_software_eprime,collect_software_builder,collect_software_inquisit,collect_software_presentation,collect_software_psychopy,collect_software_matlab,collect_software_redcap,collect_software_qualtrics,collect_software_custom,collect_software_other,collect_software_none,collect_software_other_text,collect_data,collect_data_av,collect_data_demographics,collect_data_clinical,collect_data_scales_quantitative,collect_data_scales_qualitative,collect_data_behavioral,collect_data_qualitative,collect_data_neurpsych,collect_data_neuroimaging,collect_data_writing,collect_data_physiology,collect_data_genetic,collect_data_eye_tracking,collect_data_other,collect_data_other_text,collect_information,collect_information_session,collect_information_paradigm,collect_information_stimuli,collect_information_text,collect_information_scripts,collect_information_coding,collect_information_consent,collect_information_other,collect_information_other_text,collect_code,collect_code_ir,collect_code_github,collect_code_osf,collect_code_repo,collect_code_article,collect_code_website,collect_code_other,collect_code_none,collect_code_other_text,collect_storage,collect_storage_own_both,collect_storage_own_analysis,collect_storage_workstation,collect_storage_server,collect_storage_none,collect_storage_other,collect_storage_other_text,collect_organize,collect_organize_names,collect_organize_structures,collect_organize_notebook,collect_organize_general,collect_organize_none,collect_organize_na,collect_organize_other,collect_organize_other_text,collect_organize_lab,collect_backup,collect_backup_digitize,collect_backup_cabinet,collect_backup_hard_drive,collect_backup_backup_manual,collect_backup_backup_automatic,collect_backup_server_lab,collect_backup_server_department,collect_backup_server_institution,collect_backup_cloud,collect_backup_ir,collect_backup_other,collect_backup_none,collect_backup_other_text,collect_backup_lab,collect_backup_copy,collect_education_dmp,collect_education_storing,collect_education_security,collect_education_organizing,collect_education_documenting,analyze_mature_self,analyze_mature_field,analyze_change,analyze_tools_taught,analyze_tools_taught_excel,analyze_tools_taught_jasp,analyze_tools_taught_jamovi,analyze_tools_taught_lisrel,analyze_tools_taught_literate,analyze_tools_taught_matlab,analyze_tools_taught_mplus,analyze_tools_taught_python,analyze_tools_taught_sas,analyze_tools_taught_spss,analyze_tools_taught_stata,analyze_tools_taught_systat,analyze_tools_taught_r,analyze_tools_taught_other,analyze_tools_taught_no_tools,analyze_tools_taught_no_training,analyze_tools_taught_other_text,analyze_tools_use,analyze_tools_use_excel,analyze_tools_use_jasp,analyze_tools_use_jamovi,analyze_tools_use_lisrel,analyze_tools_use_literate,analyze_tools_use_matlab,analyze_tools_use_mplus,analyze_tools_use_python,analyze_tools_use_sas,analyze_tools_use_spss,analyze_tools_use_stata,analyze_tools_use_systat,analyze_tools_use_r,analyze_tools_use_other,analyze_tools_use_no_tools,analyze_tools_use_other_text,analyze_tools_lab,analyze_tools_vc,analyze_code,analyze_code_shared,analyze_code_shared_ir,analyze_code_shared_github,analyze_code_shared_osf,analyze_code_shared_repo,analyze_code_shared_article,analyze_code_shared_website,analyze_code_shared_other,analyze_code_shared_none,analyze_code_shared_other_text,analyze_docs,analyze_docs_paper,analyze_docs_word,analyze_docs_project_management,analyze_docs_eln,analyze_docs_literate,analyze_docs_vc,analyze_docs_wiki,analyze_docs_readme,analyze_docs_none,analyze_docs_other,analyze_docs_other_text,analyze_docs_lab,analyze_docs_others,analyze_education_methods,analyze_education_tools,analyze_education_organizing,analyze_education_documenting,analyze_education_sharing,share_mature_self,share_mature_field,share_change,share_cant,share_cant_publish,share_cant_sensitive,share_cant_irb,share_cant_format,share_cant_ip,share_cant_pi,share_cant_time,share_cant_knowledge,share_cant_other,share_cant_no_authorship,share_cant_no_citation,share_cant_other_text,share_archive,share_archive_article,share_archive_repo_government,share_archive_OSF,share_archive_repo_other,share_archive_repo_disclipline,share_archive_repo_ir,share_archive_other,share_archive_none,share_archive_other_text,share_motivation,share_motivation_results,share_motivation_validity,share_motivation_incentives,share_motivation_ip,share_motivation_mandate,share_motivation_transparency,share_motivation_reuse,share_motivation_other,share_motivation_na,share_motivation_other_text,share_publisher,share_request,share_request_usable,share_receive,share_receive_usable,share_use,share_use_replicate,share_use_meta,share_use_extend,share_use_test,share_use_none,share_use_other,share_use_na,share_use_other_text,share_docs_others,share_preserve_time,share_preserve_time_text,share_preserve_what,share_preserve_what_av,share_preserve_what_demographic,share_preserve_what_medical,share_preserve_what_scales_quantitative,share_preserve_what_scales_qualitative,share_preserve_what_behavioral,share_preserve_what_qualitative,share_preserve_what_neurphysiological,share_preserve_what_neuroimaging,share_preserve_what_writing,share_preserve_what_physiological,share_preserve_what_genetic,share_preserve_what_eye_tracking,share_preserve_what_session,share_preserve_what_paradigm,share_preserve_what_stimuli,share_preserve_what_code_collection,share_preserve_what_schemes,share_preserve_what_consent,share_preserve_what_other,share_preserve_what_other_text,share_education_useful,share_education_platforms,share_education_confidentiality,share_education_reuse,share_education_archiving,sc_publish,sc_publish_communicate,sc_publish_validity,sc_publish_incentives,sc_publish_ip,sc_publish_funder,sc_publish_employer,sc_publish_other,sc_publish_other_describe,sc_limited,sc_firstclass,sc_activities_current_preprint,sc_activities_current_oa_gold,sc_activities_current_oa_green,sc_activities_current_cite_data,sc_activities_current_cite_code,sc_activities_current_data_paper,sc_activities_current_data_mediated,sc_activities_current_share_materials,sc_activities_current_share_protocol,sc_activities_current_preregister,sc_activities_current_register_report,sc_activities_current_curation,sc_activities_current_replication,sc_activities_future_preprint,sc_activities_future_oa_gold,sc_activities_future_oa_green,sc_activities_future_cite_data,sc_activities_future_cite_code,sc_activities_future_data_paper,sc_activities_future_data_mediated,sc_activities_future_share_materials,sc_activities_future_share_protocol,sc_activities_future_preregister,sc_activities_future_register_report,sc_activities_future_curation,sc_activities_future_replication,sc_education_oa,sc_education_preregister,sc_education_tools,sc_education_practices,sc_education_datasets,
0,1,"Associate Professor  (US), Senior Lecturer (UK), or equivalent",,2,15,Equally research/teaching focused university or college,, France,1,2,0,0,2,0,0,,Social and Personality Psychology,,Primarily quantitative,1,,,1,,,,,,,,1,1,,,,,,,,,,"Yes, though I generally do not revisit my DMPs after I submit a grant or project proposal.",1,,,,,1,,1,1,1,,I create some myself ,1,,1,1,,1,,1,1,1,,I create them myself ,No,No,No,1,1,1,2,3,1,1,1,1,1,5,5,1,5,5,4,5,2,4,5,5,,,,0,,,,,,,,,,0,,,,,,,,,,,,,0,,,,,,,,,,,,,,,,0,,,,,,,,,,0,,,,,,,,,,0,,,,,,,,0,,,,,,,,,,0,,,,,,,,,,,,,,,,,,,,,,,,0,,,,,,,,,,,,,,,,,,0,,,,,,,,,,,,,,,,,,,,0,,,,,,,,,,0,,,,,,,,,,,,,,,,,,,,,,0,,,,,,,,,,,,,0,,,,,,,,,,0,,,,,,,,,,,,,,,,0,,,,,,,,,,,,0,,,,,,,,,,,,,,,,,,,,,,,,,,,0,,,,,,,,,,,,,,,,,,,,,,,,,,,,,,,,,,,,,,,,,,
1,2,Graduate Student,,1,6,Predominantly research focused university or college,, Canada,1,7,3,4,0,0,0,2,Industrial/Organizational Psychology,,Primarily quantitative,1,,,1,,,,,,,,1,,,,,,1,,,,,No,1,1,1,1,,1,,1,1,,,,1,,,,,1,,,,,,,Im not sure if my institution offers these services,Im not sure if my institution offers these services,Im not sure if my institution offers these services,3,2,4,4,2,2,2,4,2,4,5,5,2,4,4,4,2,2,5,5,5,4,3,5,1,,1,,,,1,,,No,1,,,,,,,,1,,,,,1,,1,,1,,,,,,,,,,,,1,1,,,1,,1,1,1,Scoring keys for the quesionnaires,1,,,1,,,,,,,1,,1,,,,,,1,,,,,1,,,,No,1,,,,,,,,1,1,,,,,Im not sure.,1,3,4,3,4,4,2,2,4,1,1,,,,,,1,,,1,,,1,,,,,1,1,,,,,,1,,,,,,1,,,,"Some tools are used by everyone, but sometimes different people or different projects use additional tools.","Sometimes, when possible","Yes, I use both code I have created myself and adapt code written by others.",1,,,1,,,,,,,1,,1,,,1,,,,,,,No ,Someone could recreate my data analysis but not cleaning/coding steps.,2,4,4,4,3,2,2,4,1,1,1,1,,,1,,,,,,,1,,,,,,,,1,,1,,,,,,,,,1,,No,No,,No,,1,,,,,,,1,,"No, I would have to be present.",8+ years (and maintained so it is always accessible),,1,,,,,,,,,,,,,,,,,,,,1,,4,3,2,4,4,1,1,1,,,,1,,,No,Yes,No,No,No,No,No,No,No,No,No,No,No,No,No,Yes,Yes,Yes,Yes,Yes,I dont know,I dont know,I dont know,I dont know,Yes,Yes,I dont know,Yes,2,4,4,4,4,
2,3,Graduate Student,,2,12,Medical school or health sciences center,, United States of America,1,112,50,5,12,30,15,0,Other (Please describe),affective neuroscience,Primarily quantitative,1,1,,,,,,,,,,1,,,,,,1,,,,,No,1,1,1,1,,1,1,,1,,,,1,1,,,,1,1,,,,,,"Yes, but I have not taken advantage of it.","Yes, but I have not taken advantage of it.","Yes, and I have taken advantage of it.",5,3,4,4,5,2,5,1,3,2,5,3,2,5,3,4,3,5,2,3,3,3,3,5,1,1,,1,1,1,1,,,No,1,1,,,,,1,,1,1,,,,1,,1,1,1,,1,,1,1,,1,,,,,1,1,1,1,1,1,1,1,,,1,,,,,,,,1,,1,1,1,,1,,,,1,,,,,1,,,,No,1,1,1,1,,1,1,,,1,,,,,Yes ,2,4,5,5,4,3,4,3,5,1,1,,,,,,,,,1,,,1,,,,,1,1,,,,,,,1,,,,,1,,,,"Some tools are used by everyone, but sometimes different people or different projects use additional tools.","Sometimes, when possible","Yes, I use both code I have created myself and adapt code written by others.",1,,,,,,,,1,,1,,,,,,,,,1,,,No ,Someone could recreate my data analysis but not cleaning/coding steps.,2,1,3,4,5,2,1,5,1,,1,,,,,1,1,,,,,1,,,,,,,,1,,1,,,,,1,1,1,,,,No,Yes,4,Yes,5,1,,1,,,,,,,"Yes, someone could recreate both my data cleaning/coding and analysis steps.",4-8 years after the conclusion of a project,,1,,,,,,,,,,,,,,,,,,,,1,,5,5,5,5,5,1,1,1,1,,1,,,,No,No,No,No,No,No,Yes,No,No,No,No,No,No,No,No,Yes,I dont know,Yes,I dont know,Yes,I dont know,I dont know,I dont know,No,Yes,Yes,Yes,I dont know,2,4,5,5,5,
3,4,Post-Doctoral Fellow,,1,6,Predominantly teaching focused university or college,, United Kingdom of Great Britain and Northern Ireland,1,6,0,3,2,1,0,2,Cognitive Psychology,,Primarily quantitative,1,,,,1,,,,,,,1,,,,,1,,,,,,No,1,1,,1,,1,,1,1,,,,1,,,,,,,,,,1,,"Yes, but I have not taken advantage of it.","Yes, but I have not taken advantage of it.","Yes, but I have not taken advantage of it.",2,1,1,3,3,1,2,1,1,2,5,4,2,4,3,2,4,2,2,5,5,3,2,4,1,,,,1,,,,,No,1,,,,,,,,1,1,1,,JSPsych,1,,1,,1,1,1,,,,,,,,,,1,1,1,1,1,1,1,1,,,1,,,1,,,,,,,1,,1,,,,,,1,,1,,,,,,,Im not sure.,1,,,1,,,,,,1,,,,,Im not sure.,1,4,4,1,1,4,3,1,4,1,,,,,,,,1,,,,,1,,,,,1,,,,,,,,1,,,,,1,,,,"No, there is no standardization in terms of what software tools my lab or research group members use.",No,"Yes, I use both code I have created myself and adapt code written by others.",1,,,1,,,,,,,1,,,,,1,1,,,,,,No ,Someone could recreate my data analysis but not cleaning/coding steps.,1,1,1,3,1,4,1,4,0,,,,,,,,,,,,,1,,,1,,,,,,,1,1,1,,,,1,1,,,,"Yes, I have been required to both share data and complete a data availability statement.",Yes,5,No,,1,,,1,,,1,,Scale refinement,"Yes, someone could recreate both my data cleaning/coding and analysis steps.",8+ years (and maintained so it is always accessible),,1,,,,,,,,,,,,,,,,,,,1,,,1,1,1,1,1,1,1,1,1,,1,1,,,Yes,No,Yes,Yes,Yes,Yes,Yes,No,I dont know,No,No,Yes,No,No,No,Yes,Yes,Yes,Yes,Yes,Yes,I dont know,Yes,Yes,Yes,Yes,I dont know,Yes,1,1,1,1,1,
4,5,"Associate Professor  (US), Senior Lecturer (UK), or equivalent",,2,17,Predominantly research focused university or college,, United States of America,1,15,9,5,1,0,0,5,Social and Personality Psychology,,Primarily quantitative,1,,1,,,,,1,,,,1,,1,,,,,,,,,No,1,1,1,1,,1,1,,1,,,,1,,1,1,,,,,1,,,,Im not sure if my institution offers these services,Im not sure if my institution offers these services,Im not sure if my institution offers these services,4,4,2,3,4,3,2,1,1,2,2,2,5,3,2,1,4,1,3,2,2,2,2,3,1,1,,,1,,,,,No,1,,,1,,,,,1,,,,,1,1,1,,1,1,1,,1,,,,,,,,1,1,,1,1,1,,1,,,1,,,1,,,,,,,1,1,,,,,,,1,1,1,,,,,,,No,1,,,,1,,,,,1,,,,,No,1,2,2,1,1,1,2,2,4,1,1,,,,,,,,1,1,,,,,,,,1,1,,,,,,,,,1,,,,,,,"Some tools are used by everyone, but sometimes different people or different projects use additional tools.","Sometimes, when possible","Yes, I primarily create my own code.",1,,,1,,,,,,,1,,,,,,,,,1,,,No ,Someone could recreate my data analysis but not cleaning/coding steps.,1,5,2,2,3,1,2,3,1,,1,1,,,,1,,,,,,1,,,1,,,,,,,1,,,,,1,,,,,,"Yes, I have been required to complete a data availability statement.",Yes,3,Yes,2,1,1,,1,,,,,,Someone could recreate my data analysis but not cleaning/coding steps.,8+ years (but in a formats that it may become obsolete),,1,,,,1,,,,,,,,,,,,,,,,,,2,3,1,1,1,1,,,1,,,1,,,No,No,I dont know,No,Yes,No,No,No,No,Yes,Yes,Yes,No,No,Yes,I dont know,Yes,Yes,Yes,No,Yes,No,Yes,Yes,Yes,I dont know,I dont know,Yes,3,1,3,1,4,
5,6,Graduate Student,,1,5.5,Predominantly research focused university or college,, United States of America,1,15,12,2,0,1,0,3,Developmental Psychology,,Primarily quantitative,1,,1,,,1,,1,,,,1,1,,,,,1,,,,,No,1,1,1,1,,1,1,1,1,,,,1,1,1,1,,1,1,1,1,,,,Im not sure if my institution offers these services,Im not sure if my institution offers these services,Im not sure if my institution offers these services,2,1,2,2,2,2,2,2,1,1,5,5,3,3,5,5,5,2,5,5,5,4,2,2,1,1,,,,,,,,Yes,1,1,,,,1,,,1,,,,,1,1,1,,1,,1,,,1,1,,,,,,1,1,1,1,1,1,,1,,,1,,1,1,,,,,,,1,,1,,1,,,,1,1,1,1,,,,,,Yes ,1,,,,,1,,1,,1,,,,,Yes ,1,3,2,2,2,2,4,2,3,1,1,1,,1,1,1,1,1,1,1,,,1,1,,,"HLM for windows, openBUGS, & CEFA",1,,,,,1,,,1,,1,,,1,,,,"Some tools are used by everyone, but sometimes different people or different projects use additional tools.","Sometimes, when possible","Yes, I use both code I have created myself and adapt code written by others.",1,,1,1,,,,,,,1,,1,,,1,1,,1,,,,Not applicable,Yes. Someone could recreate both my data cleaning/coding and analysis steps.,2,2,2,2,2,5,2,3,1,,,,,,,,,,,1,,1,,,1,,1,,,,,1,1,1,1,,,1,1,,,,"Yes, I have been required to complete a data availability statement.",Yes,2,No,,1,,,,1,1,,,,"Yes, someone could recreate both my data cleaning/coding and analysis steps.",Other (Please describe),"Our lab is very young -- we've kept all our datasets hitertho, but have not discussed for how long (it's implied that it will be for a long time, but we're unsure how to define that)",1,,,,,,,,,,,,,,,,,,,,1,,1,3,2,4,3,1,1,1,1,,,,,,I dont know,Yes,Yes,Yes,I dont know,Yes,Yes,No,I dont know,Yes,Yes,Yes,Yes,I dont know,Yes,Yes,Yes,I dont know,Yes,Yes,Yes,I dont know,Yes,Yes,Yes,I dont know,I dont know,Yes,2,2,2,2,4,
6,7,"Assistant Professor (US), Lecturer (UK), or equivalent",,1,,Equally research/teaching focused university or college,, United States of America,1,11,7,1,0,1,2,4,Biopsychology or Behavioral Neuroscience,,Primarily quantitative,1,1,,,,,,,,,,1,1,1,,,,,,,,,"Yes, though I generally do not revisit my DMPs after I submit a grant or project proposal.",1,1,1,1,1,1,1,,1,,,,1,1,1,1,1,1,1,,,,,,"Yes, and I have taken advantage of it.","Yes, but I have not taken advantage of it.","Yes, and I have taken advantage of it.",4,1,3,1,3,2,3,1,1,1,5,5,4,5,2,5,2,2,5,5,5,4,1,5,1,,1,,1,1,,,,Yes,1,,,,,,,1,1,,,,,1,,1,1,1,,,,,,1,1,,,,,1,1,,,1,,,1,,,1,,,,,,,,1,,1,1,,,,,,,1,,,1,,,,,,Yes ,1,,,1,,,,,,,,,,,No,More than 3,4,4,4,4,4,,,,0,,,,,,,,,,,,,,,,,,0,,,,,,,,,,,,,,,,,,,,0,,,,,,,,,,0,,,,,,,,,,,,,,,,,,,,,,0,,,,,,,,,,,,,0,,,,,,,,,,0,,,,,,,,,,,,,,Yes,5,1,,1,,,,,,,,,,0,,,,,,,,,,,,,,,,,,,,,,,,,,,1,1,1,1,1,1,1,,,,,,,,,,,,,,,,,,,,,,,,,,,,,,,,,,,,
7,8,"Assistant Professor (US), Lecturer (UK), or equivalent",,1,10,Predominantly research focused university or college,, United States of America,1,85,20,10,10,40,5,4,Developmental Psychology,,Primarily qualitative,1,1,,,,,,,,,,1,1,,,,,,,,,,"Yes, though I generally do not revisit my DMPs after I submit a grant or project proposal.",1,,1,,,,,,,,,,1,,1,,,1,,,,,,,"Yes, but I have not taken advantage of it.","Yes, but I have not taken advantage of it.","Yes, but I have not taken advantage of it.",4,1,2,2,4,1,2,1,1,2,5,4,3,4,2,3,2,2,4,4,4,3,3,3,1,,,1,,1,,,,Yes,1,,,,,,,,1,,1,,EMA software vendors,1,,1,,1,,1,,,,,,,,,,1,,1,,1,1,1,1,,,1,,1,,,,,,,,1,1,1,,,,,,1,,1,,1,,,,,Yes ,1,,1,,,,,1,,1,,,,,Yes ,2,3,3,2,2,3,4,3,4,1,1,,,1,,,1,,1,1,1,,1,,,,,1,,,,,,,1,,1,1,1,,1,,,,"Some tools are used by everyone, but sometimes different people or different projects use additional tools.","Sometimes, when possible","Yes, I primarily create my own code.",1,1,1,,,1,1,,,,1,,,1,,1,,,,,,,No ,Someone could recreate my data analysis but not cleaning/coding steps.,1,1,3,3,1,1,1,2,1,,,1,1,,1,1,1,,,,,1,,,,,,,,1,,1,,1,,,1,1,1,,,,"Yes, I have been required to complete a data availability statement.",Yes,3,Yes,2,1,,,1,1,1,,,,Someone could recreate my data analysis but not cleaning/coding steps.,8+ years (but in a formats that it may become obsolete),,1,,,,1,,,,,,,,,,,,,,,,,,4,5,4,4,5,1,1,1,1,,1,1,,,No,I dont know,Yes,Yes,Yes,No,Yes,No,No,Yes,Yes,No,I dont know,No,Yes,Yes,I dont know,Yes,I dont know,Yes,I dont know,Yes,Yes,Yes,Yes,I dont know,No,Yes,4,4,4,4,3,
8,9,"Assistant Professor (US), Lecturer (UK), or equivalent",,2,15,Predominantly teaching focused university or college,, United States of America,1,11,10,0,0,0,1,3,Cognitive Psychology,,Primarily quantitative,1,,,,,,,1,,,,1,1,,,,,,,,,,"Yes, though I generally do not revisit my DMPs after I submit a grant or project proposal.",1,1,,1,,1,1,1,1,,,,1,,,1,1,,,1,,,,,"Yes, and I have taken advantage of it.","Yes, but I have not taken advantage of it.","Yes, but I have not taken advantage of it.",1,1,1,1,1,1,1,1,1,1,5,5,5,4,2,1,5,1,2,5,5,3,1,5,1,1,,,,,,,,No,1,,,,,,,,,,1,,"Superlab,tobii",1,1,1,,,,1,,,,,,,1,,,1,1,1,1,1,1,1,1,,,1,,1,1,,1,,,,,1,,1,,,,,,1,1,1,,,,,,,Yes ,1,,1,,,,,,,1,,,,,Yes ,1,1,1,3,1,3,5,2,5,1,,,,,,,,,,1,,,,,,,,1,,,,,,,,,,,,,1,,,,"Yes, everyone uses the same software tool(s).","Yes, always","Yes, I primarily create my own code.",1,,,1,,,,,,,1,,,,,1,,,,,,,Yes,Yes. Someone could recreate both my data cleaning/coding and analysis steps.,1,1,2,3,1,5,2,5,1,,,,,,,,,,,1,,1,,,1,,,,,,,1,1,1,,,,1,1,,,,No,Yes,3,Yes,5,1,,,1,,,,,,"Yes, someone could recreate both my data cleaning/coding and analysis steps.",8+ years (and maintained so it is always accessible),,1,,,,1,,,,,,,,,,,,,,,,,,2,1,1,3,3,1,1,1,1,,,1,,,No,Yes,Yes,Yes,Yes,No,Yes,No,No,I dont know,No,Yes,Yes,No,No,Yes,Yes,Yes,Yes,Yes,I dont know,No,I dont know,Yes,Yes,Yes,I dont know,I dont know,1,1,1,1,1,
9,10,Adjunct Professor or other non-tenure-track faculty,,1,8,Medical school or health sciences center,, United States of America,1,28,20,2,1,3,2,5,Clinical Psychology,,Primarily quantitative,1,1,,,1,,,1,,,,1,,1,,,1,,,,,,"Yes, though I generally do not revisit my DMPs after I submit a grant or project proposal.",1,,1,1,,1,,,,,,,1,1,,,1,1,1,,1,,,,"Yes, but I have not taken advantage of it.",Im not sure if my institution offers these services,"Yes, and I have taken advantage of it.",5,1,1,3,1,1,1,2,1,1,5,5,3,4,1,1,3,2,2,5,5,3,3,4,1,1,1,1,1,,1,,,No,1,1,,,,,,1,1,,,,,1,1,1,1,1,,1,1,1,1,,1,1,,1,Interviews with significant others,1,1,1,1,1,,1,1,1,"Case summaries, medical records",1,,,,,,,,1,,1,,1,1,1,,,,1,1,1,1,,,,,,Im not sure.,1,1,1,,,,,,1,,1,,,,Yes ,1,4,4,2,4,3,4,3,5,1,1,,,1,,,1,,1,1,,,1,,,,,1,1,,,,,,1,,,1,,,1,,,,"Some tools are used by everyone, but sometimes different people or different projects use additional tools.",No,"Yes, I use both code I have created myself and adapt code written by others.",1,,,,,1,,,,,1,,1,,,,,,,,1,In line comments in syntax,No ,Yes. Someone could recreate both my data cleaning/coding and analysis steps.,4,2,3,4,3,3,2,5,1,,1,,,,1,,,,,1,,1,,1,,,,,,,,1,,,,,,,1,1,,So that it can be used by junior scientists who don't have their own funding,"Yes, I have been required to complete a data availability statement.",Yes,4,No,,1,,1,,,,,,,Someone could recreate my data analysis but not cleaning/coding steps.,8+ years (but in a formats that it may become obsolete),,1,,1,,,,,,,,,,,,,,,,,,,,5,5,5,5,5,1,1,,1,,,,,,Yes,I dont know,No,No,Yes,Yes,Yes,No,No,Yes,Yes,No,No,No,No,Yes,Yes,Yes,Yes,Yes,I dont know,No,Yes,Yes,Yes,Yes,I dont know,No,4,4,3,3,3,
10,11,Post-Doctoral Fellow,,1,10,Predominantly research focused university or college,, United States of America,1,38,30,3,3,2,0,4,Social and Personality Psychology,,A mix of quantitative and qualitative,1,1,1,,1,,,,,,,1,,,,,1,,,,,,No,1,1,,,,1,,,1,,,,1,,,,,1,,,,,,,Im not sure if my institution offers these services,Im not sure if my institution offers these services,"Yes, and I have taken advantage of it.",5,2,2,3,5,1,2,2,4,1,4,4,4,4,2,3,3,2,4,3,3,3,1,5,1,1,1,,1,1,1,,,No,1,,,,,,,,1,,,,,1,1,1,,1,1,1,,,,1,,,,,,1,1,,1,1,,1,1,,,1,,,,,,,,1,,1,,1,,1,,,,1,1,1,1,,,,,,Im not sure.,1,1,1,1,,1,1,,,1,,,,,Yes ,1,2,2,2,4,4,5,3,4,1,1,,,1,,,1,,,1,,,1,,,,,1,1,,,,,,,,,1,,,1,,,,"Some tools are used by everyone, but sometimes different people or different projects use additional tools.","Sometimes, when possible","Yes, I use both code I have created myself and adapt code written by others.",1,,,,,,1,,,,1,,1,,,1,,,,,,,No ,Someone could recreate my data analysis but not cleaning/coding steps.,1,3,1,3,3,1,2,5,1,,1,,,,1,1,,,,,,1,,,,,,,,1,,1,1,1,,,,1,1,,,,"Yes, I have been required to complete a data availability statement.",No,,No,,1,,,,,,,1,,Someone could recreate my data analysis but not cleaning/coding steps.,8+ years (but in a formats that it may become obsolete),,1,,,,1,,,,,,,,,,,,,,,,,,4,4,5,3,4,1,1,1,1,,,,,,No,Yes,Yes,Yes,Yes,I dont know,Yes,No,No,No,No,No,No,No,Yes,Yes,Yes,Yes,I dont know,Yes,No,Yes,Yes,Yes,Yes,Yes,Yes,Yes,1,2,2,2,1,
11,12,"Assistant Professor (US), Lecturer (UK), or equivalent",,2,15,Equally research/teaching focused university or college,, United States of America,1,5,2,3,0,0,0,1,Developmental Psychology,,Primarily quantitative,1,,,,,,,1,,,,1,1,,,,,,,,,,"Yes, though I generally do not revisit my DMPs after I submit a grant or project proposal.",1,1,,1,,1,,1,1,,,,1,1,,,,1,,,,,,,"Yes, and I have taken advantage of it.","Yes, and I have taken advantage of it.","Yes, and I have taken advantage of it.",2,1,1,2,1,1,1,1,3,2,5,5,5,5,5,3,4,5,5,5,3,3,4,5,1,,1,,1,,1,,,Yes,1,,,,,,,,1,,,,,1,,1,1,1,,,,,,,,,,1,Academic transcript/government records,1,,1,,,,,,,,1,,,,,,1,,,,1,1,1,,,,,,1,1,1,1,,,,,,No,1,,1,,,,,,1,,1,,,,Im not sure.,1,5,5,5,4,5,3,4,5,1,1,,,,,,1,,1,1,,,1,,,,,1,,,,,,,1,,,1,1,,1,,,,"Some tools are used by everyone, but sometimes different people or different projects use additional tools.","Yes, always","Yes, I use both code I have created myself and adapt code written by others.",1,,,,,,1,1,,on the cloud,1,,,,,,,,,,1,The note is a part of the statistical software syntax.,No ,Yes. Someone could recreate both my data cleaning/coding and analysis steps.,3,3,3,5,4,3,4,5,1,,1,,,,,,,,,,,1,,,,,,,,1,,1,,,,,,,,,1,,No,No,,No,,1,,,,,,,1,,Someone could recreate my cleaning/coding but not analysis steps.,1-3 years after the conclusion of a project,,1,,,,,,,,,,,,,,,,,,,1,,,2,2,5,5,5,1,1,1,1,,1,1,,,Yes,No,Yes,Yes,No,Yes,No,Yes,No,No,No,No,No,No,No,Yes,I dont know,No,Yes,Yes,Yes,Yes,Yes,Yes,No,No,I dont know,I dont know,4,2,5,5,5,
12,13,Research Assistant (including undergraduate RA),,1,6,Predominantly research focused university or college,, Poland,1,2,0,0,0,2,0,2,Social and Personality Psychology,,Primarily quantitative,1,,1,1,,,,1,,,,1,1,1,,1,,,,,,,No,1,1,,,,1,1,,1,,,,1,,,1,,,1,,,,,,No,No,No,3,3,4,5,4,5,4,2,1,3,1,5,2,2,5,4,5,1,1,5,5,3,3,5,1,,1,1,1,,1,,,No,1,,,,,,,,,,,1,,1,,1,,1,,,,,,,,,,,,1,1,1,,1,1,,,,,1,,,1,,,,,,,1,1,1,,,,,,1,1,1,,,,,,,No,1,,,,,,,,,1,,,,,No,I do not keep any backup copies of my digital files/data.,4,4,5,5,5,3,3,4,1,1,,,,,,,,,1,,,1,,,1,,1,1,,,,,,1,,,1,,,1,,,,"No, there is no standardization in terms of what software tools my lab or research group members use.",No,"Yes, I primarily adapt code written by others.",1,,,1,,,,,,,1,,1,,,,,,,,,,No ,Yes. Someone could recreate both my data cleaning/coding and analysis steps.,5,5,4,4,5,4,4,4,1,,,,,,,,,,,1,,1,,,1,,,,,,,1,1,1,1,,,1,1,,,,"Yes, I have been required to complete a data availability statement.",Yes,3,Yes,5,1,,,,1,,,,,"Yes, someone could recreate both my data cleaning/coding and analysis steps.",8+ years (and maintained so it is always accessible),,1,,,,1,,,,,,,,,,,,,,,,,,5,5,5,5,5,1,1,1,,1,,,,,No,Yes,Yes,Yes,Yes,Yes,Yes,Yes,I dont know,Yes,Yes,Yes,Yes,Yes,Yes,Yes,Yes,Yes,Yes,Yes,Yes,I dont know,Yes,Yes,Yes,Yes,Yes,Yes,5,5,5,5,5,
13,14,Post-Doctoral Fellow,,1,10,Predominantly research focused university or college,, United Kingdom of Great Britain and Northern Ireland,1,9,0,4,2,2,1,2,Social and Personality Psychology,,Primarily quantitative,1,,,,,,,1,,,,1,1,1,,,1,,,,,,I dont know.,1,1,,1,,1,,,1,,,,1,1,,,,,,,1,,,,Im not sure if my institution offers these services,Im not sure if my institution offers these services,Im not sure if my institution offers these services,4,2,4,3,2,3,2,1,1,3,4,2,2,5,2,2,3,2,3,4,4,1,1,3,1,1,,,1,,,,,No,1,1,,,1,,,,1,,,,,1,,1,,1,,1,,,1,,1,,1,,,1,1,1,1,,,,1,,,1,,,1,,,,,,,1,1,1,,,,,,1,,,1,1,,,,,No,1,1,1,1,1,,1,,,,,,,,Yes ,3,1,4,3,2,1,1,1,3,1,1,1,,1,,,,,,1,,,1,,,,,1,1,,,,,,,,,1,,,1,,,,"No, there is no standardization in terms of what software tools my lab or research group members use.",Im not sure,"Yes, I primarily create my own code.",1,,,,,,,,1,,1,,,,,,,,,1,,,Not applicable,Someone could recreate my data analysis but not cleaning/coding steps.,2,2,2,4,4,3,2,3,1,1,,,,,1,,,,1,1,,1,,,,,,,,1,,1,,1,,,1,1,1,,1,,No,No,,No,,1,,,,,1,,,,Someone could recreate my data analysis but not cleaning/coding steps.,Other (Please describe),"Saved in institutional repository, have no control over how long they keep it (also switched institutions in the meantime...)",1,,,,,,1,,,,,,,,,,,,,,,,1,1,5,5,5,1,1,1,1,,,1,,,I dont know,I dont know,No,No,Yes,No,No,No,No,Yes,No,Yes,No,I dont know,No,No,I dont know,Yes,I dont know,I dont know,I dont know,Yes,Yes,Yes,Yes,Yes,I dont know,I dont know,1,1,2,2,5,
14,15,Post-Doctoral Fellow,,1,9,Predominantly research focused university or college,, United States of America,1,14,7,3,2,2,0,0,Social and Personality Psychology,,Primarily quantitative,1,,,,,,,1,,,,1,,,,,,,,1,,,"Yes, though I generally do not revisit my DMPs after I submit a grant or project proposal.",1,1,,,,1,,,,,,,1,1,,,,1,,,,,,,"Yes, but I have not taken advantage of it.","Yes, and I have taken advantage of it.","Yes, and I have taken advantage of it.",4,2,4,4,4,4,4,4,3,4,4,4,4,4,3,3,3,5,4,3,3,4,3,5,1,1,,,1,,1,,,Yes,1,,,,,1,1,,1,,,,,1,1,1,1,1,,1,,,1,,,,1,,,1,1,1,1,1,1,1,1,,,1,,,1,,,,,,,1,1,1,,1,,,,1,1,1,,,,,,,Yes ,1,1,1,1,,1,,,1,1,,,,,Yes ,2,1,5,2,4,4,3,2,5,1,,,,,,,,,,1,,,,,,,,1,1,,,,,1,,,,,,,1,,,,"No, there is no standardization in terms of what software tools my lab or research group members use.","Sometimes, when possible","Yes, I use both code I have created myself and adapt code written by others.",1,,1,,,,,,,,1,,,,,1,,,1,,,,No ,Im not sure.,3,1,1,4,4,1,1,5,1,1,,,1,,,1,,,,,,1,,,1,,1,,,,,1,,,,,,1,,,,,"Yes, I have been required to both share data and complete a data availability statement.",No,,No,,1,,,,,,,1,,I am not sure.,8+ years (but in a formats that it may become obsolete),,1,,,,,,,,,1,,,,,,,,,,,,,5,2,1,1,3,1,1,1,1,,,1,,,I dont know,I dont know,Yes,No,Yes,No,Yes,No,No,Yes,No,Yes,No,No,No,Yes,Yes,Yes,Yes,Yes,I dont know,No,Yes,I dont know,Yes,Yes,I dont know,Yes,1,1,1,1,3,
15,16,"Associate Professor  (US), Senior Lecturer (UK), or equivalent",,2,31,Equally research/teaching focused university or college,, United Kingdom of Great Britain and Northern Ireland,1,16,9,4,0,2,1,1,Cognitive Psychology,,Primarily quantitative,1,,,,,,,1,,,,1,1,,,,,,,,,,"Yes, though I generally do not revisit my DMPs after I submit a grant or project proposal.",1,,,,,,,,1,,,,1,,,1,,,,,1,,,,"Yes, and I have taken advantage of it.",Im not sure if my institution offers these services,"Yes, and I have taken advantage of it.",4,4,1,4,4,1,1,1,1,1,5,1,5,5,4,4,4,5,1,5,5,2,2,5,1,1,,,1,,,,,Yes,1,1,,,,,,,1,1,1,,Jisc online survey,1,1,1,,1,1,1,,,,,,,,,,1,,,1,1,1,1,1,,,1,1,,1,,,,,,,1,,,,,,1,University encrypted PC and university filespace,1,1,1,,,,,,,Im not sure.,1,,1,,,,,,1,1,,,,,Im not sure.,More than 3,2,2,1,1,4,3,3,4,1,1,,,,,,,,1,1,,,,,,,,1,1,1,,,,,,,,1,,,,,,,"Some tools are used by everyone, but sometimes different people or different projects use additional tools.",No,No,1,1,,1,,,,,,,1,,,,,,,,,1,,,No ,Someone could recreate my data analysis but not cleaning/coding steps.,1,1,1,4,3,4,3,5,1,,,,,,,,,,,1,,1,,1,1,,,1,,,,1,1,1,,,1,1,1,,,,"Yes, I have been required to both share data and complete a data availability statement.",No,,Yes,5,1,,,,,,,1,,Someone could recreate my data analysis but not cleaning/coding steps.,8+ years (and maintained so it is always accessible),,1,,,,1,,,,,,,,,,,,,,,,,,5,4,1,4,4,1,1,,1,,1,1,,,No,No,No,Yes,Yes,Yes,No,No,No,Yes,Yes,No,No,No,No,No,Yes,Yes,Yes,I dont know,I dont know,I dont know,Yes,Yes,Yes,Yes,No,I dont know,1,5,1,4,1,
16,17,"Assistant Professor (US), Lecturer (UK), or equivalent",,2,15,Medical school or health sciences center,, United States of America,1,20,15,1,0,1,3,3,Clinical Psychology,,Primarily quantitative,1,1,,,,,,1,,,,1,1,1,,,,,,,,,No,1,1,,,,1,1,,,,,,1,,,,,1,1,,,,,,Im not sure if my institution offers these services,No,"Yes, and I have taken advantage of it.",2,3,1,1,1,3,1,1,1,1,5,5,1,4,1,1,4,1,1,3,3,4,2,2,1,1,,1,1,1,,,,Yes,1,1,,,,1,1,1,,,1,,Twilio,1,,1,1,1,,1,,1,1,,1,,,,,1,1,,1,1,1,,1,,,1,,,,,,,,1,,1,1,,,1,,1,University-supported tape back-up,1,1,1,1,,,,,,Yes ,1,1,1,,,1,,,1,1,,,,,Yes ,2,4,2,2,1,1,4,2,4,1,,,,,,,,,1,1,,,,,,,,1,1,,,,,1,1,1,,1,,,,,,,"Some tools are used by everyone, but sometimes different people or different projects use additional tools.","Sometimes, when possible","Yes, I use both code I have created myself and adapt code written by others.",1,,,,,,,,1,,1,,1,,,,,,1,1,,,Yes,Someone could recreate my cleaning/coding but not analysis steps.,1,3,2,2,4,1,2,5,1,1,,1,1,,,,1,,,,,1,,,,,,,,1,,1,,,,,,1,1,,,,"Yes, I have been required to complete a data availability statement.",No,,No,,1,,,,,,,1,,"Yes, someone could recreate both my data cleaning/coding and analysis steps.",8+ years (but in a formats that it may become obsolete),,1,,,,,,,,,,,,,,,,,,,,1,,4,5,4,4,4,1,1,1,1,,1,1,,,No,No,No,Yes,Yes,No,Yes,No,No,No,No,Yes,No,No,No,No,Yes,Yes,I dont know,Yes,No,I dont know,No,No,Yes,Yes,Yes,No,5,4,5,5,5,
17,18,Post-Doctoral Fellow,,2,15,Predominantly research focused university or college,, United States of America,1,15,5,0,8,2,0,2,Cognitive Neuroscience,,Primarily quantitative,1,1,,,,,,,,,,1,,1,,,1,,,,,,"Yes, though I generally do not revisit my DMPs after I submit a grant or project proposal.",1,,1,1,,1,,,,,,,1,,,1,,1,,,,,,,"Yes, and I have taken advantage of it.","Yes, and I have taken advantage of it.","Yes, and I have taken advantage of it.",4,5,4,3,4,2,2,2,4,3,5,5,5,5,4,5,5,5,4,4,5,4,3,5,1,1,,,,,,,,Yes,1,1,,,,1,,1,,,,,,1,,1,1,1,,1,,,1,,,1,,,,1,1,1,1,1,1,1,1,,,1,1,1,,,1,,,,,1,1,1,,1,,,,1,,1,,,,,,,Yes ,1,,1,1,,1,1,,,,,,,,Yes ,3,3,3,4,4,4,4,4,5,1,1,,,1,,1,1,1,,,,,1,,,,,1,1,,,,,1,,,,,,,1,,,,"Some tools are used by everyone, but sometimes different people or different projects use additional tools.","Sometimes, when possible","Yes, I primarily create my own code.",1,,1,,,1,,,,,1,1,1,,,1,1,1,,,,,No ,Yes. Someone could recreate both my data cleaning/coding and analysis steps.,2,2,2,3,3,2,2,4,1,,1,,,,,,,,,,,1,1,,,,,,,,,1,,,,,1,,,,,,"Yes, I have been required to complete a data availability statement.",No,,Yes,2,1,,1,1,,,,,,"Yes, someone could recreate both my data cleaning/coding and analysis steps.",8+ years (and maintained so it is always accessible),,1,,,,,,,,,1,,,,,,,,,,,,,2,2,5,5,5,1,1,1,1,,,,,,No,Yes,Yes,Yes,No,Yes,Yes,No,No,No,No,No,No,No,No,Yes,Yes,Yes,Yes,Yes,I dont know,Yes,Yes,Yes,I dont know,I dont know,I dont know,Yes,3,4,5,5,5,
18,19,Other (Please specify),,2,14,Non-profit organization,, Argentina,1,12,3,1,0,7,1,6,Health Psychology,,A mix of quantitative and qualitative,1,1,,1,1,,1,,,,,1,1,1,,,,,,,,,I dont know.,1,1,,1,1,,,,,,,,1,1,,1,1,,,,,,,,No,No,"Yes, but I have not taken advantage of it.",2,2,5,3,5,4,3,3,5,3,5,5,5,5,4,3,3,4,5,5,5,,,,0,,,,,,,,,,0,,,,,,,,,,,,,0,,,,,,,,,,,,,,,,0,,,,,,,,,,0,,,,,,,,,,0,,,,,,,,0,,,,,,,,,,0,,,,,,,,,,,,,,,,,,,,,,,,0,,,,,,,,,,,,,,,,,,0,,,,,,,,,,,,,,,,,,,,0,,,,,,,,,,0,,,,,,,,,,,,,,,,,,,,,,0,,,,,,,,,,,,,0,,,,,,,,,,0,,,,,,,,,,,,,,,,0,,,,,,,,,,,,0,,,,,,,,,,,,,,,,,,,,,,,,,,,0,,,,,,,,,,,,,,,,,,,,,,,,,,,,,,,,,,,,,,,,,,
19,20,"Assistant Professor (US), Lecturer (UK), or equivalent",,2,14,Predominantly research focused university or college,, United Kingdom of Great Britain and Northern Ireland,1,16,10,5,0,0,1,1,Cognitive Neuroscience,,Primarily quantitative,1,,,,1,,,1,,,,1,1,,,,,,,,,,"Yes, though I generally do not revisit my DMPs after I submit a grant or project proposal.",1,1,,1,,1,1,1,,,,,1,1,,1,,1,,,,,,,Im not sure if my institution offers these services,"Yes, and I have taken advantage of it.","Yes, and I have taken advantage of it.",5,5,3,2,4,2,1,1,2,2,4,4,5,4,2,2,3,2,1,3,4,3,3,4,1,1,,,1,,,,,Yes,1,1,,,,1,,,1,,,,,1,1,1,,,,1,,1,1,,,,,,,1,1,1,1,,1,1,1,,,1,,,,,,,,1,,1,,1,,,,,,1,,,,1,,,,,Im not sure.,1,,1,,,,,,1,1,,,,,Im not sure.,2,1,2,2,2,3,2,2,3,1,1,,,,,,,,,1,,,,,,,,1,1,,,,,1,,,,1,,,1,,,,"Some tools are used by everyone, but sometimes different people or different projects use additional tools.","Sometimes, when possible","Yes, I use both code I have created myself and adapt code written by others.",1,,,1,,,,,,,1,,1,,,,,,1,,,,No ,Yes. Someone could recreate both my data cleaning/coding and analysis steps.,1,1,1,2,3,3,3,4,1,1,1,,,,,,,,,,,1,1,,1,,,,,,,1,1,,1,,1,,,,,,"Yes, I have been required to both share data and complete a data availability statement.",No,,No,,1,,,,,,,1,,"Yes, someone could recreate both my data cleaning/coding and analysis steps.",8+ years (but in a formats that it may become obsolete),,1,,,,,,,,,,,,,,,,,,,,1,,1,1,1,1,2,1,1,,1,,1,1,,,No,No,Yes,Yes,Yes,No,Yes,No,No,Yes,No,Yes,No,Yes,No,Yes,Yes,Yes,I dont know,Yes,No,Yes,Yes,No,I dont know,I dont know,Yes,I dont know,1,3,2,2,1,
20,21,"Associate Professor  (US), Senior Lecturer (UK), or equivalent",,2,18,Predominantly research focused university or college,, Italy,1,9,5,2,2,0,0,1,Cognitive Neuroscience,,Primarily quantitative,1,,,1,1,,,,,,,1,1,1,,,,,,,,,No,1,1,,1,,1,,,,,,,1,,,,,,,,1,,1,,No,No,"Yes, and I have taken advantage of it.",2,2,4,4,3,4,2,2,4,2,4,3,3,2,3,2,4,2,2,5,4,3,3,4,1,1,,,,,1,,,Yes,1,,,,,,1,,,,,,,1,,1,1,1,,1,,,1,,1,,1,,,1,1,1,1,,,,,,,1,,,1,,1,1,,,,1,1,1,,,,,,1,1,1,,,,,,,Yes ,1,,,1,,,,,1,1,,,,,Im not sure.,2,5,4,1,1,2,4,4,2,1,1,1,,,,1,,,,1,,,1,1,,,Statistica,1,1,1,,,,1,,,,1,,,1,1,,Statistica,"Some tools are used by everyone, but sometimes different people or different projects use additional tools.","Sometimes, when possible","Yes, I use both code I have created myself and adapt code written by others.",1,,,,,,,,1,,1,,1,1,,,,,,,,,Yes,Yes. Someone could recreate both my data cleaning/coding and analysis steps.,1,3,1,3,4,3,3,4,1,,1,,,,,,,,,,,1,1,,1,,,,,,,1,1,1,,,,1,1,,,,"Yes, I have been required to both share data and complete a data availability statement.",Yes,1,Yes,3,1,,1,1,,,,,,"Yes, someone could recreate both my data cleaning/coding and analysis steps.",8+ years (and maintained so it is always accessible),,1,,,,,,1,,,,,,,,,,,,,,,,4,5,1,2,4,1,1,1,1,,1,,,,Yes,No,No,Yes,Yes,No,Yes,No,No,No,No,Yes,No,No,No,Yes,Yes,Yes,Yes,Yes,Yes,No,Yes,I dont know,Yes,Yes,I dont know,I dont know,2,3,4,4,4,
21,22,Post-Doctoral Fellow,,1,10,Predominantly research focused university or college,, United States of America,1,4,1,1,1,1,0,5,Cognitive Psychology,,Primarily quantitative,1,1,,,,,,,,,,1,1,,,,,,,,,,No,1,1,,1,,1,,1,1,,,,1,1,,1,,,,1,1,,,,"Yes, but I have not taken advantage of it.","Yes, but I have not taken advantage of it.","Yes, and I have taken advantage of it.",4,1,2,2,2,1,2,1,1,1,5,5,4,4,4,1,5,1,3,5,5,3,3,5,1,1,1,,1,,,,,Yes,1,,,,,,1,1,,1,,,,1,1,1,1,1,,1,,1,1,,,,1,,,1,1,1,1,1,1,1,1,,,1,,1,1,,1,1,,,,1,1,1,,1,,,,1,,,,1,,,,,Im not sure.,1,,1,,1,1,1,1,1,1,,,,,Yes ,3,4,4,4,3,5,3,3,5,1,1,,,,,1,,1,,1,,,1,,,,,1,,,,,,,,,,,,,1,,,,"Some tools are used by everyone, but sometimes different people or different projects use additional tools.","Sometimes, when possible","Yes, I use both code I have created myself and adapt code written by others.",1,,1,1,,,,,,,1,,,,,1,1,,1,,,,No ,No. I would have to be present.,1,1,1,2,2,3,3,5,1,,1,1,,,,,,,,,,1,1,,1,,,,,,,1,1,1,,,1,1,1,,,,"Yes, I have been required to both share data and complete a data availability statement.",Yes,5,Yes,4,1,,,1,,,,,,"Yes, someone could recreate both my data cleaning/coding and analysis steps.",8+ years (and maintained so it is always accessible),,1,1,1,,1,,1,,,1,,,,1,1,1,1,1,1,,,,2,2,4,4,3,1,1,1,1,,1,,,,No,Yes,Yes,Yes,Yes,Yes,Yes,,,,,Yes,,,Yes,,,,,,I dont know,I dont know,I dont know,I dont know,,Yes,I dont know,,1,1,1,1,2,
22,23,"Assistant Professor (US), Lecturer (UK), or equivalent",,2,18,Predominantly research focused university or college,, United States of America,1,11,6,3,1,1,0,3,Cognitive Neuroscience,,Primarily quantitative,1,1,,,,,,1,,,,1,1,1,,,,,,,,,"Yes, though I generally do not revisit my DMPs after I submit a grant or project proposal.",1,1,1,1,,,1,1,,,,,1,1,1,,,1,,,1,,,,"Yes, and I have taken advantage of it.",No,"Yes, and I have taken advantage of it.",4,5,5,3,2,1,3,1,4,4,5,5,4,5,4,4,3,1,1,5,5,3,3,4,1,1,1,,,,1,,,Yes,1,,,,,1,,1,,,,,,1,,1,1,1,1,1,1,1,1,1,1,1,1,,,1,1,1,1,1,1,1,1,,,1,,1,,,1,,,,,1,,1,,1,,,,1,1,1,,,,,,,Yes ,1,1,1,,1,,,,1,1,,,,,Yes ,2,4,4,4,2,4,3,3,4,1,1,,,,,1,,,,1,,,1,,,,,1,,,,,,1,,1,,,,,1,,,,"Some tools are used by everyone, but sometimes different people or different projects use additional tools.","Yes, always","Yes, I use both code I have created myself and adapt code written by others.",1,1,1,,,1,,,,,1,1,,,,,1,1,1,,,,No ,Yes. Someone could recreate both my data cleaning/coding and analysis steps.,2,2,2,4,4,3,3,4,1,1,1,,,,,1,,,,,,1,,,,,,,,1,,1,1,,,,,1,,,,,No,No,,No,,1,,,,,,,1,,"Yes, someone could recreate both my data cleaning/coding and analysis steps.",8+ years (but in a formats that it may become obsolete),,1,,1,1,1,,1,,1,1,1,1,1,1,1,1,1,1,1,1,,,5,5,5,5,5,1,1,1,,,1,1,,,No,Yes,Yes,Yes,Yes,Yes,No,No,Yes,No,No,No,No,No,No,Yes,Yes,Yes,Yes,Yes,No,Yes,Yes,No,Yes,Yes,I dont know,I dont know,4,4,5,5,5,
23,24,Post-Doctoral Fellow,,1,5,Equally research/teaching focused university or college,, Canada,1,12,8,3,1,0,0,0,Cognitive Neuroscience,,Primarily quantitative,1,,,1,,,,,,,,1,,,,,1,,,,,,No,1,1,1,1,,1,,,1,,,,1,,,,,1,,,1,,,,Im not sure if my institution offers these services,Im not sure if my institution offers these services,"Yes, and I have taken advantage of it.",2,1,3,3,1,1,1,5,1,1,5,5,4,5,2,2,4,2,3,5,5,4,3,4,1,1,,,,,,,,No,1,,,,,,1,,,,1,,Superlab,1,,1,,1,,1,,,1,,,,,,,1,1,1,1,,1,,1,,,1,,,,,,,,1,,1,1,,,1,,,,1,,,,1,,,,,Yes ,1,,1,1,1,,1,,,,,,,,Yes ,1,3,3,2,1,2,4,4,5,1,1,,,,,1,,,,1,,,,,,,,1,1,1,1,,,1,,,,1,,,,,,,"Some tools are used by everyone, but sometimes different people or different projects use additional tools.","Yes, always","Yes, I primarily create my own code.",1,,,,,,,,1,,1,,1,,,,,,,,,,No ,Yes. Someone could recreate both my data cleaning/coding and analysis steps.,2,2,2,2,4,2,3,5,1,,,1,,,,,,,,,,1,,,,,,,,1,,1,,,,,,,,,1,,"Yes, I have been required to complete a data availability statement.",No,,No,,1,,,,,,,1,,Someone could recreate my data analysis but not cleaning/coding steps.,8+ years (but in a formats that it may become obsolete),,1,,,,1,,1,,,1,,,,,1,1,1,1,,,,,4,5,3,4,3,1,1,1,1,,1,1,,,I dont know,Yes,No,Yes,No,No,Yes,No,No,No,No,No,No,No,No,Yes,Yes,I dont know,I dont know,Yes,I dont know,Yes,Yes,I dont know,Yes,Yes,I dont know,Yes,3,5,4,3,5,
24,25,Adjunct Professor or other non-tenure-track faculty,,1,11,Predominantly research focused university or college,, Sweden,1,8,0,3,1,4,0,1,Developmental Psychology,,Primarily quantitative,1,,1,1,,,,,,,,1,1,,,,,,,1,,,No,1,1,,,,,,,1,,,,1,1,,,,,,,1,,,,Im not sure if my institution offers these services,Im not sure if my institution offers these services,Im not sure if my institution offers these services,5,5,5,5,5,5,5,3,3,5,5,5,5,3,3,3,3,3,3,5,5,,,,1,1,1,1,,,,,,No,1,,,,,,,,,,,1,,1,,1,,1,,,,,,,1,,1,,,1,1,,1,1,,1,1,,,1,,,,,,,,1,,1,,1,,,,,,1,,1,,,,,,,Im not sure.,1,,,,,,,,,1,,,,,Im not sure.,1,4,5,5,4,5,3,3,4,1,,,,,,,,,,1,,,,,,,,1,,,,,,,1,,,1,,,,,,,"No, there is no standardization in terms of what software tools my lab or research group members use.","Sometimes, when possible","Yes, I primarily adapt code written by others.",1,,,,,,,,1,,1,1,1,1,,,,,,,,,Yes,Yes. Someone could recreate both my data cleaning/coding and analysis steps.,4,5,4,3,3,2,2,4,1,1,,,,,1,,,,,,,1,,,,,,,,1,,1,,,,,1,1,,,,,"Yes, I have been required to complete a data availability statement.",No,,No,,1,,,,,,,1,,"Yes, someone could recreate both my data cleaning/coding and analysis steps.",8+ years (but in a formats that it may become obsolete),,1,1,,,1,,,,,,,1,,1,,,,,,,,,5,5,5,5,5,1,1,,1,,1,1,,,Yes,I dont know,Yes,No,Yes,Yes,Yes,No,No,No,No,No,No,No,No,Yes,Yes,Yes,Yes,Yes,I dont know,I dont know,I dont know,I dont know,Yes,Yes,I dont know,I dont know,5,5,5,5,5,
25,26,"Professor (US), Reader (UK), or equivalent",,2,25,Predominantly research focused university or college,, Canada,1,16,10,5,1,0,0,2,Social and Personality Psychology,,Primarily quantitative,1,,,1,,,,,,,,1,1,,,,,,,,,,"Yes, though I generally do not revisit my DMPs after I submit a grant or project proposal.",1,1,,,,1,1,1,1,,,,1,,,,1,,,1,1,,,,"Yes, and I have taken advantage of it.","Yes, but I have not taken advantage of it.","Yes, but I have not taken advantage of it.",1,1,2,2,4,1,1,1,1,1,5,5,5,5,5,5,5,5,5,5,5,3,1,5,1,1,,,1,,,,,No,1,,,,,,,,1,,,,,1,1,1,,1,1,1,,,,,,,,,,1,,,1,1,1,1,1,,,1,,,1,,,,,,,1,1,1,,,,,,1,,,1,,,,,,Yes ,1,,1,,,,,,,1,1,,,,Yes ,3,2,3,4,4,4,3,1,5,1,,,,1,,,,,1,1,,,,,,,,1,,,,,,,,,1,1,,,1,,,,"Some tools are used by everyone, but sometimes different people or different projects use additional tools.",Im not sure,"Yes, I use both code I have created myself and adapt code written by others.",1,,,1,,,,1,,codeocean.com,1,,,1,,,,,,,,,Yes,Yes. Someone could recreate both my data cleaning/coding and analysis steps.,1,3,2,3,3,5,2,5,1,,,,,,,,,,,1,,1,,,1,,,,1,,codeocean.com,1,1,1,,,,1,1,,,,"Yes, I have been required to complete a data availability statement.",No,,Yes,3,1,,,,,,,1,,"Yes, someone could recreate both my data cleaning/coding and analysis steps.",8+ years (and maintained so it is always accessible),,1,,,,1,,1,1,,,,,,,,,,1,1,,,,3,4,2,2,3,1,1,1,1,,1,1,,,No,Yes,Yes,Yes,Yes,No,Yes,Yes,Yes,Yes,Yes,Yes,Yes,Yes,Yes,Yes,Yes,Yes,Yes,Yes,Yes,Yes,Yes,Yes,Yes,Yes,Yes,Yes,1,1,1,1,1,
26,27,"Assistant Professor (US), Lecturer (UK), or equivalent",,2,15,Predominantly research focused university or college,, United States of America,1,16,12,3,0,0,1,10,Social and Personality Psychology,,Primarily quantitative,1,,,,1,,,1,,,,1,1,,,,,,,,,,"Yes, though I generally do not revisit my DMPs after I submit a grant or project proposal.",1,1,1,1,,1,1,1,1,,,,1,,,1,,1,1,1,1,,,,"Yes, and I have taken advantage of it.",Im not sure if my institution offers these services,"Yes, and I have taken advantage of it.",3,2,4,4,2,2,4,2,1,3,4,5,5,4,4,2,4,4,4,5,5,4,3,4,1,1,1,,1,,1,,,No,1,,,1,,,,,1,,1,,Unipark (similar to qualtrics),1,,1,,1,1,1,,,,,1,,,,,1,1,1,,1,1,1,1,,,1,,1,1,,1,,,,,1,,,,1,,,,1,1,1,,1,,,,,Yes ,1,,1,,1,,,1,1,,1,,,,Im not sure.,2,3,3,2,4,4,4,3,4,1,,,,,,,,,,1,,,,,,,,1,,,,,,,,,,1,,,,,,,"Some tools are used by everyone, but sometimes different people or different projects use additional tools.","Sometimes, when possible","Yes, I primarily create my own code.",1,,,1,,1,,,,,1,,1,1,,,,,,,,,Yes,Yes. Someone could recreate both my data cleaning/coding and analysis steps.,2,4,3,2,2,4,3,4,1,,,,,,,,,,,1,,1,1,,1,1,,,,,,1,1,1,,,1,1,1,,,,"Yes, I have been required to both share data and complete a data availability statement.",Yes,3,Yes,4,1,,1,1,,,,,,"Yes, someone could recreate both my data cleaning/coding and analysis steps.",8+ years (and maintained so it is always accessible),,1,,1,,1,,1,,,,,1,,,,,,1,1,,,,3,2,2,4,4,1,1,1,1,,1,1,,,No,Yes,Yes,No,Yes,Yes,Yes,No,Yes,Yes,Yes,Yes,Yes,Yes,Yes,Yes,Yes,Yes,Yes,Yes,I dont know,No,Yes,Yes,Yes,Yes,Yes,Yes,3,2,3,2,2,
27,28,Graduate Student,,1,9,Predominantly research focused university or college,, United States of America,1,11,5,3,3,0,0,2,Cognitive Neuroscience,,Primarily quantitative,1,,1,,,,,,,,,1,,,,,,1,,,,,No,1,1,,,,1,,,1,,,,1,1,,,,1,,,,,,,Im not sure if my institution offers these services,Im not sure if my institution offers these services,Im not sure if my institution offers these services,5,2,3,5,3,2,3,3,4,4,5,4,3,3,3,1,2,3,4,4,4,4,3,2,1,1,1,,1,,,,,No,1,,,,,,1,1,,,,,,1,,1,,1,,1,,,1,,,,,,,1,1,1,1,,1,,1,,,1,,1,,,1,1,,,,1,,1,,,,,,1,,1,,,,,,,No,1,,1,1,,1,,,,1,,,,,Yes ,More than 3,3,4,3,3,2,5,3,3,1,,,,,,,1,,1,,,,1,,,,,1,1,,,,,1,1,,,,,,1,,,,"No, there is no standardization in terms of what software tools my lab or research group members use.","Yes, always","Yes, I primarily create my own code.",1,,,,,,,,1,,1,,1,,,,,,,,,,No ,Yes. Someone could recreate both my data cleaning/coding and analysis steps.,4,4,3,3,4,4,3,3,1,,,,,,,,,,1,1,,1,,,,1,,,,,,1,1,,,,1,1,,,,,"Yes, I have been required to complete a data availability statement.",Yes,4,Yes,4,1,,,1,,,,,,"Yes, someone could recreate both my data cleaning/coding and analysis steps.",8+ years (but in a formats that it may become obsolete),,1,,1,,,,1,,,1,,,,,,,,,,,,,4,5,3,2,3,1,1,,,,,,,,No,I dont know,,Yes,,,Yes,No,Yes,No,No,,,,,Yes,,Yes,I dont know,,,Yes,No,No,Yes,Yes,Yes,Yes,5,5,5,5,4,
28,29,Post-Doctoral Fellow,,2,12,Predominantly research focused university or college,, United States of America,1,13,3,5,3,2,0,2,Cognitive Psychology,,Primarily quantitative,1,1,,,,,,,,,,1,,,,,1,,,,,,"Yes, though I generally do not revisit my DMPs after I submit a grant or project proposal.",1,1,1,1,1,1,1,,1,,,,1,,,1,,1,1,,1,,,,"Yes, but I have not taken advantage of it.","Yes, but I have not taken advantage of it.","Yes, and I have taken advantage of it.",3,3,1,2,2,2,2,1,3,2,5,5,3,5,2,2,4,2,4,5,5,2,2,4,1,1,,,1,,1,,,No,1,,,,,1,,,,1,,,,1,,1,,1,,1,,,1,,,,,,,1,1,1,1,,1,1,1,,,1,,1,1,,1,1,,,,1,,1,,,,,,1,1,1,,,,,,,No,1,,,,,,1,1,,1,,,,,Yes ,1,3,2,2,3,3,2,1,5,1,1,,,,,1,,1,,1,,,1,,,,,1,,,,,,,,1,,,,,1,,,,"Some tools are used by everyone, but sometimes different people or different projects use additional tools.",No,"Yes, I primarily create my own code.",1,,1,1,,1,1,,,,1,1,1,,,,,,,,,,No ,Yes. Someone could recreate both my data cleaning/coding and analysis steps.,2,1,1,2,3,3,1,4,1,,,,,,,,,,,1,,1,1,,1,,,,,,,1,1,1,1,,,1,1,,,,No,Yes,4,Yes,4,1,1,,1,1,,,,,"Yes, someone could recreate both my data cleaning/coding and analysis steps.",8+ years (and maintained so it is always accessible),,1,,1,,1,,1,,,1,,,,,1,1,1,1,1,,,,3,4,2,2,4,1,1,1,1,,1,1,,,Yes,Yes,Yes,No,Yes,No,Yes,No,No,Yes,Yes,No,No,Yes,No,Yes,Yes,Yes,Yes,Yes,I dont know,I dont know,Yes,Yes,No,No,Yes,I dont know,4,3,4,4,5,
29,30,Post-Doctoral Fellow,,2,12,Predominantly research focused university or college,, Germany,1,6,4,1,1,0,0,2,Cognitive Neuroscience,,Primarily quantitative,1,,,,,,,1,,,,1,1,,,,,,,,,,No,1,1,1,1,1,1,,1,1,,,,1,,1,,,1,,,,,,,Im not sure if my institution offers these services,Im not sure if my institution offers these services,"Yes, but I have not taken advantage of it.",3,1,3,1,1,1,1,1,1,3,3,3,2,3,2,1,1,1,2,4,4,3,3,3,1,1,,,,,,,,No,1,,,,,,1,,,,,,,1,,1,,1,,1,,,1,,,,1,,,1,1,1,1,1,1,,1,,,1,,,1,1,,,,,,1,1,1,,1,,,,1,1,1,,,,,1,documenting data structure when uploading to OSF,Yes ,1,,,,,1,1,1,,1,1,,,,Yes ,2,1,1,4,2,2,4,3,3,1,,,,,,,,,,1,,,,,,,,1,,1,,,,1,,,,1,,,,,,,"Yes, everyone uses the same software tool(s).",No,"Yes, I primarily create my own code.",1,,,1,1,,,,,,1,,1,1,,,,,1,,,,No ,Yes. Someone could recreate both my data cleaning/coding and analysis steps.,1,1,1,2,1,3,3,4,1,,1,,,,,,,,,,,1,,,1,,,,,,,1,1,1,,,1,1,1,,,,"Yes, I have been required to both share data and complete a data availability statement.",No,,No,,1,,,,,,,1,,"Yes, someone could recreate both my data cleaning/coding and analysis steps.",8+ years (but in a formats that it may become obsolete),,1,,1,,,,1,,,1,,,,1,1,,,1,,,,,1,1,4,2,2,1,1,1,1,,,,,,No,Yes,Yes,Yes,No,Yes,No,No,No,No,Yes,No,Yes,No,No,Yes,Yes,I dont know,Yes,I dont know,I dont know,I dont know,Yes,Yes,I dont know,I dont know,I dont know,I dont know,1,2,2,1,1,
30,31,"Assistant Professor (US), Lecturer (UK), or equivalent",,2,15,Medical school or health sciences center,, United States of America,1,7,4,0,2,1,0,3,Cognitive Neuroscience,,Primarily quantitative,1,1,,,,,,1,,,,1,1,1,,,,,,,,,"Yes, though I generally do not revisit my DMPs after I submit a grant or project proposal.",1,1,,,,1,1,,,,,,1,,,,,1,1,,,,,,No,No,No,4,4,2,2,5,5,1,1,4,2,5,3,4,4,,1,1,5,1,3,5,4,2,5,1,1,,1,,,1,,,Yes,1,1,,,1,,,1,,,,,,1,,1,1,1,,1,,1,1,,,,,1,saliva for hormone assays,1,1,1,1,,1,,1,,,1,,,,,,,,1,,1,1,,,1,,1,external backup harddrives,1,1,1,,1,,,,,Yes ,1,,1,1,1,,,,1,,,,,,Yes ,2,2,2,1,1,1,4,2,5,1,1,,,,,,,,,1,,,1,1,,,AFNI (Analysis of Functional NeuroImages,1,1,,,,,,,,,1,,,1,1,,AFNI (Analysis of Functional NeuroImages,"Yes, everyone uses the same software tool(s).","Yes, always","Yes, I primarily adapt code written by others.",1,,,,,,,,1,,1,,,,,,,,1,,1,Excel spreadsheets,No ,Yes. Someone could recreate both my data cleaning/coding and analysis steps.,2,1,1,1,2,1,2,5,1,1,,1,1,,,1,,,,,,1,,,,,,,,1,,1,,,,,,,,,1,,"Yes, I have been required to complete a data availability statement.",No,,No,,1,,,,,,,1,,I am not sure.,4-8 years after the conclusion of a project,,1,,1,1,1,,1,,1,1,,1,,,,,,,,1,,,5,5,3,4,5,1,1,,1,,1,1,,,No,I dont know,No,Yes,Yes,No,No,No,No,No,No,No,No,No,No,No,Yes,Yes,I dont know,I dont know,No,I dont know,I dont know,No,No,No,No,I dont know,1,4,4,2,4,
31,32,Graduate Student,,1,5,Predominantly research focused university or college,, United States of America,1,6,2,2,0,2,0,5,Social and Personality Psychology,,Primarily quantitative,1,,,,,,,,,1,,0,,,,,,,,,,,No,1,1,,1,,1,,1,1,,,,1,1,1,1,1,1,1,1,1,,,,"Yes, and I have taken advantage of it.","Yes, and I have taken advantage of it.","Yes, and I have taken advantage of it.",1,1,1,2,4,1,3,1,5,1,5,4,1,4,5,1,5,4,2,5,5,3,2,4,1,,,,1,,1,,,No,1,,,,,,,1,1,,,,,1,,1,,1,,,,,,,,,,,,1,,,,1,1,1,,,,1,,,1,,,,,,,1,1,1,,,,,,1,,,,1,,,,,No,1,,,,,,1,,,1,,,,,No,2,4,2,4,5,2,5,3,5,1,1,,,,,,1,,,,,,1,,,,,1,,,,,,,1,,,,,,1,,,,"No, there is no standardization in terms of what software tools my lab or research group members use.","Sometimes, when possible","Yes, I primarily create my own code.",1,1,1,1,,1,1,,,,1,,,1,,,,,,,,,No ,Yes. Someone could recreate both my data cleaning/coding and analysis steps.,4,1,1,2,3,2,1,4,1,,1,,,1,,,,,,,,1,,,1,,,,,,,1,,1,,,,1,,,,,No,Yes,5,Yes,3,1,,1,1,,,,,,"Yes, someone could recreate both my data cleaning/coding and analysis steps.",8+ years (but in a formats that it may become obsolete),,1,,1,,1,,,,,,,,,,,,,,1,,,,3,3,4,3,5,1,1,,1,,,,,,Yes,No,Yes,No,Yes,No,Yes,No,Yes,No,No,Yes,Yes,No,Yes,Yes,Yes,Yes,I dont know,Yes,I dont know,Yes,I dont know,I dont know,Yes,Yes,I dont know,No,1,1,1,1,3,
32,33,"Assistant Professor (US), Lecturer (UK), or equivalent",,2,18,Equally research/teaching focused university or college,, United Kingdom of Great Britain and Northern Ireland,1,12,10,2,0,0,0,4,Cognitive Psychology,,Primarily quantitative,1,1,,1,,,,1,,,,1,1,,1,,,,,,,,No,1,1,1,1,1,1,1,1,1,,,,1,1,,1,,,,,1,,,,Im not sure if my institution offers these services,Im not sure if my institution offers these services,Im not sure if my institution offers these services,4,4,2,2,5,4,1,4,4,4,5,4,3,4,1,3,3,2,1,5,2,,,,0,,,,,,,,,,0,,,,,,,,,,,,,0,,,,,,,,,,,,,,,,0,,,,,,,,,,0,,,,,,,,,,0,,,,,,,,0,,,,,,,,,,0,,,,,,,,,,,,,,,,,,,,,,,,0,,,,,,,,,,,,,,,,,,0,,,,,,,,,,,,,,,,,,,,0,,,,,,,,,,0,,,,,,,,,,,,,,,,,,,,,,0,,,,,,,,,,,,,0,,,,,,,,,,0,,,,,,,,,,,,,,,,0,,,,,,,,,,,,0,,,,,,,,,,,,,,,,,,,,,,,,,,,0,,,,,,,,,,,,,,,,,,,,,,,,,,,,,,,,,,,,,,,,,,
33,34,Post-Doctoral Fellow,,1,10,Predominantly research focused university or college,, United States of America,1,11,6,4,1,0,0,3,Social and Personality Psychology,,Primarily quantitative,1,1,1,,1,1,,1,,,,1,1,,,,1,,,,,,No,1,1,1,1,,1,1,1,1,,,,1,1,1,1,1,1,1,1,1,,,,Im not sure if my institution offers these services,Im not sure if my institution offers these services,Im not sure if my institution offers these services,5,3,1,1,1,1,1,1,2,1,5,3,1,1,3,1,2,1,1,1,1,4,4,1,1,1,,,1,1,1,,,No,1,1,,1,,,,,1,1,,,,1,1,1,1,1,1,1,1,,,1,1,,,,,1,1,1,1,1,1,1,1,,,1,,,1,,,1,,,,1,1,1,,,,,,1,1,1,,1,,,,,No,1,1,1,1,1,1,,,,1,1,,,,Im not sure.,2,2,2,2,2,2,5,4,2,1,,,,,,,,,,1,1,,1,,,,,1,,,,,,,,,,1,,,1,,,,"No, there is no standardization in terms of what software tools my lab or research group members use.","Yes, always","Yes, I primarily create my own code.",1,,,1,,1,1,,,,1,,1,1,,,,,,,1,I keep notes in the comments section of the code as I go,No ,Yes. Someone could recreate both my data cleaning/coding and analysis steps.,1,2,1,1,1,5,3,2,1,1,1,1,1,1,1,1,,,1,1,,1,1,,1,,,,,,,1,1,1,,,1,,,,,,"Yes, I have been required to share data.	 ",Yes,5,Yes,5,1,,,1,,,,,,Someone could recreate my data analysis but not cleaning/coding steps.,8+ years (and maintained so it is always accessible),,1,1,1,1,1,1,1,1,,,1,,,,1,1,1,1,1,1,,,1,1,1,3,1,1,1,,,,,,,,No,No,Yes,Yes,Yes,No,Yes,No,No,No,No,Yes,No,No,Yes,Yes,Yes,Yes,Yes,Yes,No,No,No,No,No,No,,No,1,1,1,1,1,
34,35,Post-Doctoral Fellow,,1,9,Predominantly research focused university or college,, United States of America,1,17,5,8,3,0,1,0,Cognitive Psychology,,Primarily quantitative,1,,,,,,,1,,,,1,,,,,1,,,,,,No,1,1,,1,,1,,,1,,,,1,,,1,,1,1,,1,,,,Im not sure if my institution offers these services,Im not sure if my institution offers these services,"Yes, but I have not taken advantage of it.",5,3,3,4,3,3,2,1,2,4,5,1,3,1,2,3,2,4,4,2,5,4,4,5,1,1,,1,1,,,,,No,1,,,,,1,1,,,1,,,,1,,1,,1,,1,,,1,,,,,,,1,1,1,1,1,1,1,1,,,1,,,,,,,,1,,1,,1,1,1,,,,1,,,,1,,,,,No,1,,,,,1,1,,,1,,,,,Im not sure.,More than 3,1,4,5,5,5,4,4,5,1,,,,,,,,,1,1,,,1,,,,,1,1,,,,,,,1,,1,,,,,,,"No, there is no standardization in terms of what software tools my lab or research group members use.","Yes, always","Yes, I primarily create my own code.",1,,,,,,,,1,,1,,1,,,1,,,,,,,No ,Yes. Someone could recreate both my data cleaning/coding and analysis steps.,1,1,1,1,3,1,2,4,1,,,,,,,1,,,,,,1,1,,,,,,,,,1,,1,,,1,1,,,,,"Yes, I have been required to share data.	 ",No,,Yes,1,1,,,,,,,1,,"Yes, someone could recreate both my data cleaning/coding and analysis steps.",8+ years (but in a formats that it may become obsolete),,1,,1,,,,1,,,,,,,,,1,1,1,1,1,,,5,3,1,5,5,1,1,,1,,,1,,,No,No,No,No,Yes,No,Yes,No,No,No,No,Yes,No,No,No,I dont know,Yes,Yes,I dont know,I dont know,No,No,No,No,Yes,I dont know,No,Yes,1,3,2,2,3,
35,36,"Assistant Professor (US), Lecturer (UK), or equivalent",,2,15,Medical school or health sciences center,, United States of America,1,3,1,0,2,0,0,5,Cognitive Neuroscience,,Primarily quantitative,1,,1,,,,,1,,,,1,1,1,,,,,,,,,"Yes, though I generally do not revisit my DMPs after I submit a grant or project proposal.",1,,,,,1,1,,,,,,1,,,,,1,1,,,,,,Im not sure if my institution offers these services,"Yes, but I have not taken advantage of it.","Yes, and I have taken advantage of it.",2,1,3,1,3,1,1,1,1,2,4,3,1,2,1,1,1,1,1,4,3,4,2,2,1,1,,,,,,,,No,1,,,,,,1,,,,,,,1,,1,,1,,1,,,1,,,,1,,,1,1,1,1,1,1,1,1,,,1,,1,1,,1,1,,,,1,1,1,1,1,,,,1,1,1,1,,,,,,Yes ,1,,1,1,1,,1,1,,1,,,,,Yes ,2,1,1,1,2,2,2,1,1,1,,,,,,,,,,,,,,,1,,,1,,,,,,1,,,,,,,,,,,"Some tools are used by everyone, but sometimes different people or different projects use additional tools.","Sometimes, when possible","Yes, I primarily create my own code.",1,,1,1,,1,1,,,,1,,1,1,,,1,,1,,,,No ,No. I would have to be present.,1,1,1,1,1,4,3,2,1,,,,,,,1,,,,,,1,1,,1,,,,,,,1,1,1,1,,,1,1,,,,No,No,,Yes,4,1,,,1,,,,,,"Yes, someone could recreate both my data cleaning/coding and analysis steps.",8+ years (but in a formats that it may become obsolete),,1,,,,,,1,,,1,,,,1,,1,1,,,,,,1,2,1,1,1,1,1,1,1,,1,1,,,No,No,Yes,Yes,No,Yes,Yes,No,No,Yes,Yes,No,No,Yes,No,Yes,Yes,No,Yes,Yes,Yes,No,Yes,Yes,No,No,Yes,No,1,2,2,1,1,
36,37,Research Associate/Scientist,,2,24,Government agency or research center,, United States of America,1,14,4,0,2,5,3,5,Developmental Psychology,,Primarily quantitative,1,1,,,,,,,,,,1,,1,,,,,,,,,No,1,1,1,,,1,,,1,,,,1,,,,,1,,,1,,,,No,Im not sure if my institution offers these services,"Yes, but I have not taken advantage of it.",1,3,1,2,4,5,3,2,3,2,5,5,3,5,2,1,3,1,4,3,5,4,3,4,1,1,1,,1,,1,,,Yes,1,,,,,,,,,,1,,Proprietary software developed by employer,1,1,1,1,1,1,1,,1,,1,,,,,,1,1,1,,1,,1,1,,,1,,,,,,,,1,,1,,1,,,,,,1,1,1,1,,,,,,Yes ,1,1,1,,,,,,1,,,,,,Yes ,1,3,3,4,3,3,5,3,5,1,,,,,,,,,1,,,,,,,,,1,1,,,,,,1,,,1,,,1,,,,"Some tools are used by everyone, but sometimes different people or different projects use additional tools.","Sometimes, when possible","Yes, I use both code I have created myself and adapt code written by others.",1,,,,,,,,1,,1,,1,,,,,,,,1,"I extensively annotate my syntax files to include decisions, reasoning, meetings, etc.",No ,Yes. Someone could recreate both my data cleaning/coding and analysis steps.,3,4,3,4,3,1,2,4,1,1,1,1,,,,1,,,,,,1,,,,,,,,1,,1,,1,,,1,1,1,,,,"Yes, I have been required to complete a data availability statement.",No,,No,,1,,,,,,,1,,Someone could recreate my data analysis but not cleaning/coding steps.,8+ years (and maintained so it is always accessible),,1,1,1,1,1,,,,1,,1,,,,1,,1,,1,1,,,5,5,5,5,5,1,1,1,1,,,1,,,No,Yes,No,Yes,Yes,Yes,No,No,Yes,Yes,No,No,I dont know,No,No,No,Yes,Yes,Yes,No,No,Yes,Yes,No,I dont know,I dont know,I dont know,I dont know,5,5,5,5,3,
37,38,"Assistant Professor (US), Lecturer (UK), or equivalent",,2,15,Predominantly research focused university or college,,,1,4,4,0,0,0,0,0,Other (Please describe),Environmental psychology,Primarily quantitative,1,,,1,,,,1,,,,1,1,,,,,,,,,,No,1,1,1,1,,1,,1,1,,,,1,,,,,,,,,1,,A co-author recommended Scott Long's book on data management with STATA. (Not a psychology book),Im not sure if my institution offers these services,Im not sure if my institution offers these services,Im not sure if my institution offers these services,3,1,4,4,4,3,1,1,1,2,5,2,3,3,3,2,4,1,2,5,5,3,3,5,1,,,1,1,,,,,Yes,1,,,,,,,,1,,,,,1,,1,,1,1,,,,,,,,,,,1,,,,1,,,1,,,1,,,,,,,,1,,1,1,1,,,,,,1,1,1,,,,,,,Yes ,1,,1,,1,,,,,1,,,,,Yes ,1,4,2,3,3,5,4,2,4,1,,,,,,,,,,1,,,,,,,,1,,,,,,,,,,1,1,,,,,,"Some tools are used by everyone, but sometimes different people or different projects use additional tools.","Sometimes, when possible","Yes, I primarily create my own code.",1,,,,,,,,1,,1,1,1,,,,,,1,,,,Not applicable,Yes. Someone could recreate both my data cleaning/coding and analysis steps.,2,3,3,5,4,2,3,3,1,1,1,,,,,1,,,,,,1,1,,,,1,,,,,1,,,,,1,,,,,,"Yes, I have been required to share data.	 ",No,,No,,1,,,,,,,1,,"Yes, someone could recreate both my data cleaning/coding and analysis steps.",8+ years (but in a formats that it may become obsolete),,1,,,,1,,,,,,,,,,,,,,1,,,,3,4,3,4,3,1,1,,1,,,,,,No,I dont know,No,No,No,Yes,No,No,No,Yes,No,Yes,I dont know,No,No,Yes,Yes,I dont know,I dont know,I dont know,No,I dont know,I dont know,I dont know,I dont know,I dont know,I dont know,I dont know,4,3,3,3,3,
38,39,Graduate Student,,1,7,Predominantly research focused university or college,, United States of America,1,11,6,4,0,1,0,3,Cognitive Psychology,,Primarily quantitative,1,,1,,,,,,,,,1,,,,,,1,,,,,"Yes, and I generally revist my DMPs throughout the course of a project.",1,1,1,1,,1,1,1,1,,,,1,1,,,,1,1,1,1,,,,Im not sure if my institution offers these services,Im not sure if my institution offers these services,Im not sure if my institution offers these services,3,3,5,5,2,3,4,3,3,5,5,5,2,2,2,3,2,1,4,5,5,3,3,5,1,1,,1,1,,,,,No,1,,,,,,1,,1,,,,,1,1,1,,1,,1,,,,,,,,,,1,1,,1,1,1,,,,,1,,,,,,,,1,,1,1,,,,,,,1,,,,1,,,,,Im not sure.,1,,1,1,1,,,,,1,,,,,Im not sure.,2,4,5,5,5,5,3,3,5,1,1,,,,,,,,,1,,,1,1,,,JMP,1,1,,,,,,,,,,,,1,1,,JMP,"Some tools are used by everyone, but sometimes different people or different projects use additional tools.",Im not sure,"Yes, I use both code I have created myself and adapt code written by others.",1,,,1,,,,,,,1,,,,,,,,,,1,I both create additional pages in the files for notes and code the analyses/checks and save that code for documentation with notes in the code,No ,Yes. Someone could recreate both my data cleaning/coding and analysis steps.,2,3,3,4,5,2,2,5,1,1,,1,,,1,,,,,,,1,,,1,,,,1,,Currently under review for a paper sharing the data as part of the supplementary materials,1,1,1,1,,,1,,1,,To establish an open-science track record for potential future jobs,No,Yes,3,No,,1,1,,1,,,1,,To check how certain measures were collected (e.g. continuous data made into categorical data),I am not sure.,8+ years (and maintained so it is always accessible),,1,1,1,,1,,1,,,,,,,,1,,1,,,,1,"I would save any data collected/created, except informed consent which I typically destroy within 5 or so years",5,1,5,5,5,1,1,1,1,,,1,1,"Personal satisfaction, sometimes simply to finish a project and be done with it",Yes,I dont know,No,No,No,I dont know,I dont know,I dont know,No,No,No,Yes,No,No,No,Yes,Yes,Yes,I dont know,I dont know,I dont know,I dont know,Yes,I dont know,Yes,Yes,I dont know,I dont know,5,4,4,5,4,
39,40,"Assistant Professor (US), Lecturer (UK), or equivalent",,2,14,Equally research/teaching focused university or college,, United States of America,1,2,2,0,0,0,0,2,Industrial/Organizational Psychology,,Primarily quantitative,1,,,,,,,,,1,,1,,,,,,,,1,,,No,1,1,,,,1,,,1,,,,1,1,,,,1,,,1,,,,Im not sure if my institution offers these services,Im not sure if my institution offers these services,Im not sure if my institution offers these services,4,2,2,2,4,4,3,1,1,1,5,5,4,5,4,1,4,4,2,5,5,3,4,5,1,1,1,1,1,,,,,No,1,,,,,,,,1,1,1,,videos,1,,1,,1,,1,,,,,,,,,,1,1,1,1,1,,,1,,,1,,,,,,,,1,,1,1,,,,,,,1,1,,1,,,,,,Yes ,1,,1,,,,,,,1,,,,,Im not sure.,2,4,2,1,3,1,3,4,4,1,1,,,,,,1,,,1,,,1,,,,,1,,,,,,,1,,,1,,,1,,,,"Some tools are used by everyone, but sometimes different people or different projects use additional tools.","Sometimes, when possible","Yes, I primarily adapt code written by others.",1,,,,,,,,1,,1,1,,,,,,,,,,,Not applicable,No. I would have to be present.,2,3,3,4,4,1,2,3,1,,,1,,,,1,1,,,,,1,,,,,1,,,,,1,,1,,,1,1,,,,,"Yes, I have been required to share data.	 ",No,,No,,1,,,,,,,1,,Someone could recreate my data analysis but not cleaning/coding steps.,8+ years (and maintained so it is always accessible),,1,,1,,1,,1,,,,,,,,,1,1,,,1,,,5,5,5,5,5,1,1,1,1,,,1,,,No,I dont know,No,No,No,No,No,No,No,No,No,No,No,No,No,I dont know,I dont know,I dont know,I dont know,I dont know,I dont know,I dont know,I dont know,I dont know,Yes,I dont know,I dont know,I dont know,4,5,5,5,5,
40,41,Post-Doctoral Fellow,,2,14,Equally research/teaching focused university or college,, Germany,1,3,1,0,2,0,0,0,Cognitive Psychology,,Primarily quantitative,1,,,1,,,,,,,,1,,,,,1,,,,,,No,1,1,,,,,1,,,,,,1,,,,,,,,,,1,,Im not sure if my institution offers these services,Im not sure if my institution offers these services,Im not sure if my institution offers these services,1,1,1,5,5,5,5,,4,5,5,4,4,4,3,1,3,1,3,4,5,,,,0,,,,,,,,,,0,,,,,,,,,,,,,0,,,,,,,,,,,,,,,,0,,,,,,,,,,0,,,,,,,,,,0,,,,,,,,0,,,,,,,,,,0,,,,,,,,,,,,,,,,,,,,,,,,0,,,,,,,,,,,,,,,,,,0,,,,,,,,,,,,,,,,,,,,0,,,,,,,,,,0,,,,,,,,,,,,,,,,,,,,,,0,,,,,,,,,,,,,0,,,,,,,,,,0,,,,,,,,,,,,,,,,0,,,,,,,,,,,,0,,,,,,,,,,,,,,,,,,,,,,,,,,,0,,,,,,,,,,,,,,,,,,,,,,,,,,,,,,,,,,,,,,,,,,
41,42,"Assistant Professor (US), Lecturer (UK), or equivalent",,2,17,Predominantly research focused university or college,, United States of America,1,11,6,2,1,1,1,5,Cognitive Neuroscience,,Primarily quantitative,1,1,1,,,,,1,,,,1,1,,,1,,,,,,,"Yes, though I generally do not revisit my DMPs after I submit a grant or project proposal.",1,1,1,1,,1,,,1,,,,1,,,1,,1,,,1,,,,"Yes, but I have not taken advantage of it.",Im not sure if my institution offers these services,"Yes, and I have taken advantage of it.",5,4,2,2,2,3,1,1,3,1,5,5,3,3,3,3,3,2,3,5,5,3,3,4,1,1,1,,1,,,,,Yes,1,1,,,,,,,1,,,,,1,,1,,1,,1,,1,1,,1,,,,,1,1,1,1,1,1,1,1,,,1,,,1,,1,,,,,1,1,,,1,,,,1,,,,1,,,,,No,1,1,1,,1,,,,1,1,,1,,Blu-Ray (long-term raw data storage),Yes ,3,3,3,3,3,3,5,4,4,1,1,,,,,1,1,,,1,,,,,,,,1,1,,,,,1,1,,,1,,,1,,,,"No, there is no standardization in terms of what software tools my lab or research group members use.","Yes, always","Yes, I primarily create my own code.",1,,,1,,,,,,,1,1,,,,,,,1,,,,,Yes. Someone could recreate both my data cleaning/coding and analysis steps.,2,2,2,2,3,3,2,5,1,1,1,,1,,,,,,,,,1,,,1,,,,,,,1,1,1,,,,1,1,,,,"Yes, I have been required to both share data and complete a data availability statement.",Yes,3,Yes,3,1,,1,1,,,,,,"Yes, someone could recreate both my data cleaning/coding and analysis steps.",8+ years (but in a formats that it may become obsolete),,1,,1,,1,,1,,1,1,,1,,,1,1,1,1,,1,,,3,3,3,4,4,1,1,1,1,,1,1,,,Yes,Yes,Yes,Yes,Yes,Yes,Yes,No,No,Yes,Yes,No,No,No,No,Yes,Yes,Yes,Yes,Yes,No,I dont know,Yes,Yes,I dont know,I dont know,I dont know,I dont know,4,4,4,4,4,
42,43,"Professor (US), Reader (UK), or equivalent",,2,15,Equally research/teaching focused university or college,, Austria,1,3,3,0,0,0,0,3,Other (Please describe),Assessment and psychological methods,Primarily quantitative,1,,,,,,,1,,,,1,,1,,,,,,,,,No,1,1,,1,,1,1,1,1,,,,1,,,,,,,1,1,,,,No,No,No,2,2,4,3,3,2,1,1,1,3,5,3,3,4,2,1,3,1,1,5,5,2,2,4,1,,,,1,,1,,,Yes,1,,,,,,,,1,,,,,1,,1,,1,,1,,,,,,,,,,1,1,,1,1,1,1,1,,,1,,,1,,1,,,,,1,1,,,,,,,1,1,1,,,,,,,No,1,1,,,,,,,,1,,,,,No,1,2,3,2,3,3,2,2,4,1,,,,,,,,,,1,,,,,,,,1,,,,,,,1,,,,,,1,,,,"Some tools are used by everyone, but sometimes different people or different projects use additional tools.",No,"Yes, I use both code I have created myself and adapt code written by others.",1,,1,1,,,,,,,1,,,,,,,,,1,,,No ,Yes. Someone could recreate both my data cleaning/coding and analysis steps.,2,3,3,3,3,3,3,4,1,,,,,,,,,,,1,,1,1,,1,,,,,,,1,,1,,,,1,1,,,,"Yes, I have been required to both share data and complete a data availability statement.",No,,No,,1,,,,,,,1,,Someone could recreate my data analysis but not cleaning/coding steps.,I dont know.,,1,,1,,1,,1,,,,,,,,1,,,1,1,,,,2,2,4,3,3,1,1,1,1,,,,,,No,Yes,Yes,Yes,Yes,Yes,Yes,No,No,Yes,No,Yes,No,I dont know,Yes,Yes,Yes,Yes,Yes,Yes,I dont know,I dont know,Yes,I dont know,Yes,I dont know,I dont know,I dont know,1,2,3,3,2,
43,44,"Assistant Professor (US), Lecturer (UK), or equivalent",,2,17,Predominantly research focused university or college,, Australia,1,8,5,3,0,0,0,3,Cognitive Neuroscience,,Primarily quantitative,1,,,,,,,1,,,,1,1,,,,,,,,,,"Yes, though I generally do not revisit my DMPs after I submit a grant or project proposal.",1,1,1,1,,1,1,,1,,,,1,1,1,1,,1,,,1,,,,Im not sure if my institution offers these services,Im not sure if my institution offers these services,Im not sure if my institution offers these services,2,2,3,4,2,4,2,2,2,4,4,4,4,4,2,3,3,2,4,4,5,4,4,5,1,1,,,,,,,,No,1,,,,,,1,,,1,,,,1,,1,1,1,,1,,,1,,,,1,,,1,1,1,1,1,1,1,1,,,1,,,,,,1,,,,1,1,1,1,,,,,1,1,1,,1,,,,,No,1,,1,1,,,,,,1,,,,,No,1,2,4,3,2,3,3,2,5,1,,,,,,1,,,,1,,,,,,,,1,1,,1,,,1,,,,,,,1,,,,"Some tools are used by everyone, but sometimes different people or different projects use additional tools.","Sometimes, when possible","Yes, I primarily create my own code.",1,,,,,,1,,,,1,,1,,,,,,,,,,No ,No. I would have to be present.,2,2,2,2,2,1,2,5,1,,,,,,,,,,1,,,1,,,,,,,,1,,1,,1,,,,1,,,,,Im not sure.,Yes,1,Yes,1,1,,1,,,,,,,"No, I would have to be present.",4-8 years after the conclusion of a project,,1,,,,,,1,,,1,,,,1,,,,,,,,,4,4,2,2,4,1,1,1,1,,,1,,,Yes,I dont know,No,No,Yes,No,Yes,No,Yes,No,No,No,No,No,No,Yes,Yes,Yes,I dont know,Yes,I dont know,Yes,I dont know,I dont know,Yes,Yes,I dont know,Yes,2,2,5,4,4,
44,45,Graduate Student,,1,7,Predominantly research focused university or college,, United States of America,1,7,2,5,0,0,0,2,Clinical Psychology,,Primarily qualitative,1,,,,,,,1,,,,1,,,,,,1,,,,,No,1,1,,,,1,,,,,,,1,,,,,1,,,,,,,Im not sure if my institution offers these services,Im not sure if my institution offers these services,Im not sure if my institution offers these services,4,3,2,4,2,4,4,5,2,4,4,3,3,4,3,3,3,1,4,3,2,3,2,4,1,1,,,1,,,,,No,1,,,,,,,,1,,,,,1,1,1,1,,1,1,,,1,,,,,,,0,,,,,,,,,,1,,,,,,,,1,,1,1,,,1,,,,1,,,,,1,,,,No,1,,,1,,,,,,,,,,,Yes ,I do not keep any backup copies of my digital files/data.,5,4,3,4,4,3,3,4,1,,,,,,,,,,1,,,,,,,,1,,,,,,,,,,1,,,,,,,"Yes, everyone uses the same software tool(s).",Im not sure,No,1,,,,,,,,1,,1,,1,,,,,,,,,,No ,No. I would have to be present.,2,3,3,4,4,3,2,4,1,1,,,,,,,,,,,,1,,,,,,,,1,,1,,,,,,,,,1,,No,No,,No,,1,,,,,,,1,,Someone could recreate my data analysis but not cleaning/coding steps.,8+ years (but in a formats that it may become obsolete),,1,,,,1,,1,,,,,,,,,,,,1,,,,5,5,3,5,4,1,1,,1,,,,,,I dont know,Yes,I dont know,I dont know,No,No,No,No,No,No,Yes,No,I dont know,No,No,I dont know,Yes,I dont know,I dont know,Yes,I dont know,Yes,Yes,I dont know,Yes,I dont know,Yes,No,4,5,5,5,5,
45,46,Post-Doctoral Fellow,,1,7,Equally research/teaching focused university or college,, Germany,1,16,2,10,4,0,0,0,Cognitive Psychology,,Primarily quantitative,1,,,1,,,,,,1,,1,,,,,1,,,,,,No,1,1,,1,,1,1,1,1,,,,1,,,1,,1,1,1,1,,,,No,No,No,2,1,4,4,4,4,4,3,1,1,5,5,2,5,5,5,3,5,4,5,5,4,3,5,1,1,,,,,,,,No,1,,,,,1,,,,,,,,1,,1,,1,,1,,,1,,,,,,,1,1,1,1,1,1,1,1,,,1,,1,,,1,1,,,,1,1,1,,,,,,1,1,1,,,,,,,Yes ,1,1,1,1,,,1,1,,,,,,,Yes ,3,4,5,4,3,3,3,3,5,1,1,1,,,,,,,,1,1,,1,,,1,,1,1,1,,,,,,,,1,,,1,,,,"Some tools are used by everyone, but sometimes different people or different projects use additional tools.","Sometimes, when possible","Yes, I use both code I have created myself and adapt code written by others.",1,,,,,,,,1,,1,1,1,,,,,,,,,,No ,Im not sure.,3,3,2,2,4,2,2,5,1,,,,,,,,,,,1,,1,,,,,,,,1,,1,1,1,,,,1,1,,,,No,No,,No,,1,1,1,,1,,,,,"Yes, someone could recreate both my data cleaning/coding and analysis steps.",8+ years (and maintained so it is always accessible),,1,,1,,1,,1,,,1,,,,,,1,1,1,1,,,,4,4,1,4,4,1,1,1,1,,,,,,Yes,Yes,No,Yes,No,No,No,No,No,No,No,No,No,No,No,Yes,Yes,Yes,Yes,Yes,Yes,Yes,Yes,Yes,Yes,Yes,Yes,Yes,5,5,5,5,5,
46,47,Project Coordinator or Lab Manager,,2,18,Government agency or research center,, United States of America,1,4,1,0,1,1,1,2,Clinical Psychology,,Primarily quantitative,1,1,,1,,,,,,,,1,,,,,,,,,1,research project manager,No,1,1,,1,,1,,,,,,,1,,,,,1,,,1,,,,Im not sure if my institution offers these services,No,"Yes, and I have taken advantage of it.",2,1,2,2,3,2,1,2,4,2,5,5,4,3,2,3,3,3,4,4,4,3,4,1,1,,,1,1,,,,,No,1,,,,,,,1,,,,,,1,,1,1,1,1,,,,,,,,,,,1,,,,1,,,1,,,1,,,,,,,,1,,1,,1,,,,,,1,1,1,1,1,,,,,No,1,1,1,,,,,,1,,,,,,Im not sure.,1,3,2,1,1,2,4,2,3,1,,,,,,,,,,1,,,,,,,,1,1,,,,,,,,,1,,,,,,,"Some tools are used by everyone, but sometimes different people or different projects use additional tools.","Sometimes, when possible","Yes, I use both code I have created myself and adapt code written by others.",1,,,,,,,,1,,1,1,,,,,,,,,1,Comments within syntax,No ,Im not sure.,2,4,2,2,1,1,2,3,1,,1,1,,,,,,,,,,1,,,,,,,,1,,1,,,,,,,,,1,,"Yes, I have been required to complete a data availability statement.",No,,Yes,4,1,,,,,,,1,,Someone could recreate my data analysis but not cleaning/coding steps.,8+ years (but in a formats that it may become obsolete),,1,,1,1,1,1,,,,,1,,,,,1,,,1,1,,,2,2,1,2,2,1,1,,1,,1,,,,No,No,Yes,Yes,Yes,No,No,No,No,No,No,No,No,No,No,Yes,Yes,Yes,I dont know,I dont know,I dont know,Yes,I dont know,I dont know,I dont know,I dont know,No,I dont know,1,1,4,2,4,
47,48,Post-Doctoral Fellow,,1,10,Predominantly research focused university or college,, United States of America,1,9,4,4,1,0,0,4,Social and Personality Psychology,,Primarily quantitative,1,,,,1,,,1,,,,1,,1,,,1,,,,,,No,1,1,1,1,,1,1,1,,,,,1,1,,1,,,,,,,,,Im not sure if my institution offers these services,"Yes, and I have taken advantage of it.",Im not sure if my institution offers these services,3,1,1,2,2,2,2,2,1,3,5,4,1,1,2,2,3,3,3,5,5,4,2,4,1,1,,,1,,,,,No,1,,,1,,,,,1,,,,,1,,1,,1,,1,,,,,,,,,,1,1,1,1,1,,,,,,1,,,1,,,,,,,1,,1,,,,,,1,,,,1,,,,,No,1,,,,,,,,,1,,,,,No,1,1,2,2,4,3,3,2,3,1,1,,,,,,,,,1,,,1,,,,,1,1,,,,,,,,,1,,,,,,,"Some tools are used by everyone, but sometimes different people or different projects use additional tools.","Sometimes, when possible","Yes, I primarily create my own code.",1,,,1,,,,,,,1,,,,,,,,,1,,,No ,Someone could recreate my data analysis but not cleaning/coding steps.,2,3,2,4,3,4,2,3,1,,,,,,,,,,,1,,1,,,1,,,,,,,1,1,1,,,,1,1,,,,"Yes, I have been required to complete a data availability statement.",Yes,2,Yes,5,1,1,1,1,,,,,,Someone could recreate my data analysis but not cleaning/coding steps.,8+ years (but in a formats that it may become obsolete),,1,,1,,1,,1,,,,,,,,,,1,,,,,,3,2,3,2,4,1,1,1,,,,,,,No,Yes,Yes,No,No,No,No,No,No,No,No,Yes,No,No,No,Yes,Yes,No,Yes,Yes,Yes,No,Yes,No,Yes,Yes,Yes,Yes,2,2,2,2,4,
48,49,"Professor (US), Reader (UK), or equivalent",,2,24,Predominantly research focused university or college,, United States of America,1,18,4,4,1,2,7,3,Biopsychology or Behavioral Neuroscience,,Primarily quantitative,1,1,1,,,,,1,,,,1,1,1,,,,,,,,,I dont know.,1,1,,1,,1,,,,,,,1,,,,,1,,,,,,,Im not sure if my institution offers these services,Im not sure if my institution offers these services,"Yes, and I have taken advantage of it.",4,4,4,4,4,4,4,5,4,3,5,4,4,4,2,2,3,3,4,3,3,3,3,4,1,1,1,1,,1,,,,Yes,1,1,,,,,1,1,,,,,,1,,1,1,1,1,1,,1,1,,1,1,,,,1,1,1,1,1,1,1,1,,,1,,1,,,,,,,,1,1,1,,1,,,,1,1,1,1,,,,,,Yes ,1,,1,,1,,,,1,,1,,,,Yes ,1,3,3,2,2,1,3,3,3,1,,,,,,,,,,1,,,,,,,,1,,,,,,,,,,1,,,1,,,,"No, there is no standardization in terms of what software tools my lab or research group members use.","Sometimes, when possible","Yes, I primarily create my own code.",1,,,,,,,,1,,1,,1,,,,,,,,,,No ,No. I would have to be present.,2,4,3,3,4,1,2,2,1,1,1,,,,1,1,,,,,,1,,,,,,,,1,,1,,,,,,,,,1,,Im not sure.,No,,No,,1,,,,,,,1,,"Yes, someone could recreate both my data cleaning/coding and analysis steps.",8+ years (but in a formats that it may become obsolete),,1,,1,1,1,1,1,1,1,1,,1,1,,1,1,1,1,1,1,,,2,3,3,4,4,1,1,,1,,1,1,,,No,No,No,No,No,No,Yes,No,No,No,No,No,No,No,No,No,No,I dont know,I dont know,Yes,No,I dont know,I dont know,I dont know,I dont know,I dont know,No,No,2,3,2,3,2,
49,50,"Professor (US), Reader (UK), or equivalent",,2,40,Medical school or health sciences center,, Canada,1,14,2,6,6,0,0,5,Cognitive Neuroscience,,Primarily quantitative,1,,,1,1,,,,1,,International organizations (multi-country),1,1,1,,,,,,,,,No,1,1,1,,1,1,,,,,,,1,,,,1,,,,,,,,No,No,No,5,4,3,3,2,4,3,1,1,3,5,5,1,1,3,2,2,3,2,3,3,2,,3,1,1,,,,,1,,,No,1,,,,1,1,1,,,1,,,,1,,1,,1,,1,,1,1,,1,,1,,,1,1,1,1,,1,1,1,,,1,,1,,,1,,,,,1,1,,,1,,,,1,1,,1,,,,,,Im not sure.,1,,,,,,1,,,,,,,,Im not sure.,2,1,2,2,2,2,3,,4,1,,,,,,,,,,,,,,,1,,,1,,,,,,1,,1,,1,,,,1,,"Neuroimaging software (FSL, SPM, Freesurfer, etc)","Some tools are used by everyone, but sometimes different people or different projects use additional tools.","Sometimes, when possible","Yes, I use both code I have created myself and adapt code written by others.",1,,1,,,1,,,,,1,1,1,,,,,,,,,,No ,Someone could recreate my data analysis but not cleaning/coding steps.,1,2,2,2,2,2,,3,1,1,,,,,,1,,,,,,1,1,,,,,,,,,1,1,1,,,1,,1,,,,"Yes, I have been required to both share data and complete a data availability statement.",No,,Yes,3,1,,,,,,,1,,Someone could recreate my data analysis but not cleaning/coding steps.,8+ years (but in a formats that it may become obsolete),,1,,,,1,,1,,1,1,,1,,1,1,1,1,,,1,,,3,3,3,3,3,1,1,1,1,,1,,,,No,I dont know,Yes,Yes,No,No,No,No,Yes,Yes,No,No,No,Yes,No,Yes,Yes,I dont know,I dont know,I dont know,Yes,Yes,Yes,No,No,No,Yes,I dont know,1,1,2,1,1,
50,51,"Assistant Professor (US), Lecturer (UK), or equivalent",,2,13,Predominantly research focused university or college,, United States of America,1,11,5,5,1,0,0,2,Social and Personality Psychology,,Primarily quantitative,1,,,,,,,1,,,,1,1,,,,,,,,,,"Yes, and I generally revist my DMPs throughout the course of a project.",1,1,1,1,1,1,1,,1,,,,1,,1,1,1,1,1,,1,,,,Im not sure if my institution offers these services,Im not sure if my institution offers these services,"Yes, but I have not taken advantage of it.",5,3,2,1,1,3,1,1,2,2,5,4,2,5,2,2,4,1,1,2,2,3,1,4,1,1,,,1,,1,,,No,1,,,1,,,1,,1,1,,,,1,,1,,1,1,1,,,,,,,1,,,1,1,1,1,1,1,1,1,,,1,,,,,,,1,,shared stimuli-presentation and data collection code when requested for others to create similar protocols; via email,1,1,,,,,,,1,1,1,,,,,1,"rely on Qualtrics as back-up of raw data, named by date + protocol folder and associated with original protocol still",No,1,,,,,1,,,,,,1,,Qualtrics holds back-ups of raw data files,Im not sure.,2,2,3,3,4,4,4,1,5,1,1,,,,,,1,,,1,,,1,,,,,1,,,,,,,,,,,,,1,,,,"Some tools are used by everyone, but sometimes different people or different projects use additional tools.","Sometimes, when possible","Yes, I primarily create my own code.",1,,,,,,,1,,"when requested, informal",1,,1,,,1,,,,,,,No ,Yes. Someone could recreate both my data cleaning/coding and analysis steps.,1,3,3,2,2,1,1,3,1,1,1,1,,1,,,,,,,,1,,,,,,,,1,,1,,,,,,,,,1,,"Yes, I have been required to complete a data availability statement.",No,,No,,1,,,,,,,1,,"Yes, someone could recreate both my data cleaning/coding and analysis steps.",8+ years (but in a formats that it may become obsolete),,1,,1,,1,,1,,,,,,,1,1,1,1,1,1,1,1,"the scales / questions that produced the data (e.g., the survey protocol)",3,3,4,5,4,1,1,,1,,,,1,contribute to the way a problem is thought about / contribution knowledge,No,I dont know,Yes,No,No,No,Yes,No,No,No,No,Yes,No,No,No,Yes,Yes,Yes,I dont know,Yes,No,I dont know,I dont know,I dont know,Yes,I dont know,Yes,I dont know,4,2,2,2,4,
51,52,"Associate Professor  (US), Senior Lecturer (UK), or equivalent",,2,25,Medical school or health sciences center,, United States of America,1,18,8,0,3,7,0,2,Clinical Psychology,,Primarily quantitative,1,1,,,,,,,,,,1,,1,,,,,,,,,"Yes, and I generally revist my DMPs throughout the course of a project.",1,,1,1,,1,,,1,,,,1,,1,1,,1,,,1,,,,No,No,No,3,3,2,2,3,4,1,3,4,1,5,5,4,4,3,3,3,1,3,4,4,4,3,5,1,1,1,1,1,1,1,,,Yes,1,,,,,,,1,1,1,,,,1,,1,1,1,1,1,,1,,,,,,,,1,1,1,1,1,1,,1,,,1,,,,,,,,1,,1,,,,1,,,,1,,1,,,,,,,Yes ,1,,1,,,,,1,,,,,,,Yes ,More than 3,3,3,3,3,3,3,2,5,1,1,,,,,,,,,1,,,,,,,,1,,,,,,,,,,1,,,,,,,"No, there is no standardization in terms of what software tools my lab or research group members use.","Sometimes, when possible",No,1,,,,,,,,1,,1,,,,,,,,,1,,,Yes,Someone could recreate my data analysis but not cleaning/coding steps.,2,4,4,5,5,2,2,2,1,1,1,1,,1,1,,,,,,,1,,,,,,,,1,,1,1,,,,1,,1,,,,No,No,,No,,1,,,,,,,1,,"No, I would have to be present.",4-8 years after the conclusion of a project,,1,,1,1,1,,1,,,,,,,,,,,,,,,,5,5,5,5,5,1,1,,1,,1,1,,,No,Yes,Yes,No,No,No,No,No,No,Yes,No,Yes,Yes,No,No,Yes,No,No,Yes,Yes,No,Yes,Yes,Yes,Yes,Yes,No,No,1,4,4,4,5,
52,53,Adjunct Professor or other non-tenure-track faculty,,1,8,Predominantly teaching focused university or college,, Colombia,1,9,5,3,0,1,0,2,Social and Personality Psychology,,Primarily quantitative,1,,,,,,,,,1,,1,1,1,,,,,,,,,No,1,1,,1,,1,,,,,,,1,,,,,1,,,,,,,No,No,No,1,1,2,1,1,1,1,1,1,3,3,1,1,1,1,1,1,1,4,5,5,4,4,4,1,1,,,1,1,1,,,No,1,,,1,,,,,1,,,,,1,,1,,1,,1,,,,,,,,,,1,,,,,,1,,,,1,,,1,,1,1,1,,via email to specific requesters,1,1,1,,,,,,1,1,,1,1,,,,,Im not sure.,1,,,1,,,,,,1,1,,,,Im not sure.,3,1,2,1,1,2,3,2,5,1,,1,1,,,,,,,1,,,1,,,,,1,,1,,,,,,,,,,,1,,,,"Yes, everyone uses the same software tool(s).",No,"Yes, I use both code I have created myself and adapt code written by others.",1,,,1,,1,1,,,,1,,,1,,1,,,,,,,Yes,Yes. Someone could recreate both my data cleaning/coding and analysis steps.,1,3,2,3,2,3,2,5,1,,,,,,,,,,,1,,1,1,,1,,,,1,,Deposited in lab specific website,1,1,1,,,,1,1,,,,"Yes, I have been required to share data.	 ",Yes,4,No,,1,,,1,,,,,,I am not sure.,8+ years (but in a formats that it may become obsolete),,1,,1,,1,,1,,,,,,,,,,,1,,,,,2,2,1,2,1,1,1,,1,,,1,,,No,No,Yes,Yes,No,No,No,No,No,Yes,Yes,No,No,I dont know,No,Yes,Yes,Yes,I dont know,No,No,No,Yes,Yes,Yes,Yes,I dont know,Yes,4,3,3,3,2,
53,54,Research Associate/Scientist,,2,25,Predominantly research focused university or college,, United States of America,1,18,8,4,1,3,2,4,Developmental Psychology,,Primarily quantitative,1,1,,,1,,,,,,,1,,,,,,,,,1,key personnel,No,1,,,1,,1,,,1,,,,1,,,,,,1,,1,,,,"Yes, but I have not taken advantage of it.","Yes, but I have not taken advantage of it.","Yes, and I have taken advantage of it.",4,5,3,4,2,2,4,1,3,3,4,4,2,3,1,2,2,2,2,3,4,3,2,4,1,1,,1,,,1,,,Yes,1,1,,1,,,,,,,1,,COINS,1,,1,,1,,,,,1,,1,,,,,1,1,,1,1,1,1,1,1,Questionnaire modification and versioning,0,,,,,,,,,,1,,,1,1,,,,1,1,1,,,,,,,Yes ,1,,,,,,,,1,,,,,,Yes ,More than 3,3,4,2,3,4,2,2,4,1,,,,,,,1,,1,,,,,,,,,1,,,,,,,1,,1,1,,,1,,,,"No, there is no standardization in terms of what software tools my lab or research group members use.",No,"Yes, I primarily adapt code written by others.",1,,,,,,,1,,Only on servers maintained by my lab/institution,1,,,,,,,,,1,,,No ,No. I would have to be present.,2,2,3,4,5,2,2,4,1,1,1,1,,,,1,,,,,,1,,,,,,,1,,I have published a partial dataset as part of supplementary materials,1,1,,,,,1,1,,,,"Yes, I have been required to share data.	 ",No,,No,,1,,,,,,,1,,"No, I would have to be present.",I dont know.,,1,1,1,,1,,,,,1,,1,,,1,,1,1,1,1,,,4,4,4,4,4,1,1,1,1,,1,1,,,No,I dont know,Yes,,No,No,Yes,No,No,No,No,No,No,No,No,,Yes,I dont know,I dont know,Yes,No,I dont know,I dont know,No,Yes,Yes,I dont know,Yes,3,4,4,4,5,
54,55,Post-Doctoral Fellow,,1,8,Predominantly research focused university or college,, United States of America,1,28,15,8,3,2,0,3,Developmental Psychology,,Primarily quantitative,1,,,,1,,,,,,,1,,,,,1,,,,,,"Yes, though I generally do not revisit my DMPs after I submit a grant or project proposal.",1,1,1,1,,1,1,1,1,,,,1,,,1,,1,1,1,1,,,,Im not sure if my institution offers these services,Im not sure if my institution offers these services,"Yes, and I have taken advantage of it.",2,2,4,4,5,3,4,1,1,2,5,5,1,3,4,4,4,1,1,5,5,4,3,4,1,1,1,,,,,,,Yes,1,,,,,1,,,1,,1,,"Real basic, now called Xojo",1,1,1,,1,1,1,,,,,,,1,,,1,1,1,1,1,1,1,1,,,1,,,1,,,,,,,1,,1,,,,,,1,1,1,,,,,,,No,1,1,1,,,1,,,1,1,1,,,,Yes ,1,3,4,2,4,4,3,1,5,1,,,,,,,,,,1,,,,,,,,1,1,,1,,,,,,,,,,1,,,,"Some tools are used by everyone, but sometimes different people or different projects use additional tools.",No,"Yes, I use both code I have created myself and adapt code written by others.",1,,,1,,,,,,,1,,,,,1,,,1,,,,No ,Someone could recreate my data analysis but not cleaning/coding steps.,2,2,2,3,3,3,1,5,1,,,,,,1,,,,,1,,1,,,1,,,,,,,1,1,1,,,,1,1,,,,No,No,,Yes,4,1,,,,,,,1,,"Yes, someone could recreate both my data cleaning/coding and analysis steps.",8+ years (but in a formats that it may become obsolete),,1,1,1,,1,1,1,1,,,,,,1,1,1,1,1,1,1,,,4,5,2,4,5,1,1,,1,,,,,,No,Yes,No,No,No,No,Yes,No,No,No,No,Yes,No,No,No,No,Yes,Yes,Yes,Yes,No,No,No,No,Yes,Yes,I dont know,Yes,3,3,4,4,4,
55,56,"Assistant Professor (US), Lecturer (UK), or equivalent",,2,13,Equally research/teaching focused university or college,, United States of America,1,2,2,0,0,0,0,3,Social and Personality Psychology,,Primarily quantitative,1,,,,,,,1,,,,1,1,1,,,,,,,,,No,1,1,1,1,,1,,1,1,,,,1,,,1,,,,1,1,,,,"Yes, but I have not taken advantage of it.",Im not sure if my institution offers these services,Im not sure if my institution offers these services,4,1,4,4,2,1,2,1,2,3,5,4,3,5,3,3,4,2,1,5,5,2,1,4,1,1,,1,1,,1,,,No,1,,,,,,,,1,,,,,1,,1,,1,,1,,,,1,,,,,,1,1,1,1,1,1,1,1,,,1,,,1,,1,,,,,1,,1,,,,,,1,,,,1,,,,,No,1,,,,,,,,,1,,,,,No,I do not keep any backup copies of my digital files/data.,1,5,5,5,5,2,1,5,1,,,,,,,1,,,1,,,1,,,,,1,1,,,,,,1,,,1,,,1,,,,"No, there is no standardization in terms of what software tools my lab or research group members use.",No,"Yes, I use both code I have created myself and adapt code written by others.",1,,,1,,1,,,,,1,,,1,,,,,,,1,I comment directly in my code.,No ,Yes. Someone could recreate both my data cleaning/coding and analysis steps.,1,2,5,5,4,3,1,5,1,,1,,,,,,,,,,,1,1,,1,,,,,,,1,1,1,1,,1,1,1,,,,"Yes, I have been required to share data.	 ",Yes,3,Yes,3,1,,1,,,,,,,"Yes, someone could recreate both my data cleaning/coding and analysis steps.",8+ years (and maintained so it is always accessible),,1,,1,,1,,1,,,,1,,,,1,1,1,1,1,1,,,3,1,4,4,5,1,1,1,1,,,1,,,Yes,Yes,Yes,Yes,Yes,Yes,Yes,No,No,No,No,Yes,Yes,No,Yes,Yes,Yes,Yes,Yes,Yes,Yes,No,No,Yes,Yes,Yes,No,Yes,1,1,1,2,2,
56,57,"Associate Professor  (US), Senior Lecturer (UK), or equivalent",,2,18,Predominantly research focused university or college,, Australia,1,34,3,8,6,10,7,7,Clinical Psychology,,Primarily quantitative,1,,,1,,,,,1,,"National Health and Medical Research Council, Australian Rotary Health, philanthropic organisations",1,1,1,,,,,,,,,"Yes, and I generally revist my DMPs throughout the course of a project.",1,1,1,1,1,1,,,1,,,,1,1,1,,,1,,,1,,,,"Yes, but I have not taken advantage of it.","Yes, but I have not taken advantage of it.","Yes, but I have not taken advantage of it.",3,3,2,2,2,3,1,1,3,1,3,3,3,4,2,2,3,1,2,3,3,3,2,3,1,,,1,1,,1,1,Focus groups /interviews (in-house),Yes,1,,,,,,,,1,,,,,1,1,1,1,1,1,1,,,,,,1,,,,1,1,,,1,,1,1,,,1,,,,,1,,1,,Using another institutional repository,1,1,1,,1,,,,1,,1,1,,,,,,Yes ,1,1,1,,,,,,1,,,,,,Yes ,2,1,2,1,1,1,3,2,3,1,1,,,,,,1,,1,1,1,,,,,,,1,1,,,,,,1,,1,1,1,,1,,,,"Some tools are used by everyone, but sometimes different people or different projects use additional tools.","Sometimes, when possible","Yes, I use both code I have created myself and adapt code written by others.",1,,,,,,,,1,,1,,,,,,,,,,1,I document within stat software code,Yes,Yes. Someone could recreate both my data cleaning/coding and analysis steps.,1,2,1,1,2,2,1,3,1,1,1,1,,,,1,,,,,,1,1,,,,,1,,,,1,1,,,,1,,1,,,,"Yes, I have been required to complete a data availability statement.",No,,Yes,3,1,,,,,,,1,,"Yes, someone could recreate both my data cleaning/coding and analysis steps.",4-8 years after the conclusion of a project,,1,1,1,1,1,1,1,,,,,,,,1,,,,1,1,,,2,2,1,2,2,1,1,1,1,,1,1,,,Yes,No,Yes,Yes,Yes,I dont know,Yes,No,Yes,Yes,Yes,Yes,I dont know,No,No,Yes,Yes,Yes,I dont know,Yes,I dont know,Yes,Yes,Yes,Yes,I dont know,I dont know,I dont know,2,1,1,1,2,
57,58,"Associate Professor  (US), Senior Lecturer (UK), or equivalent",,1,,Predominantly research focused university or college,,,0,0,0,0,0,0,0,,Developmental Psychology,,A mix of quantitative and qualitative,1,,,1,,,,,,,,1,1,,,,,,,,,,"Yes, and I generally revist my DMPs throughout the course of a project.",1,1,,1,,,1,,1,,,,1,,,,,1,,,,1,1,Note: Some of my education has occurred from observing poor practices,Im not sure if my institution offers these services,Im not sure if my institution offers these services,"Yes, and I have taken advantage of it.",4,2,4,4,1,4,2,1,5,4,5,5,5,5,4,4,1,2,1,5,4,5,4,4,1,,1,,,,,,,Yes,1,,,,,,,,1,,,,,1,1,1,,1,1,1,,,,,,,,,,1,,,1,,,1,1,,,1,,,,,,1,,,,1,1,1,1,,,,,1,1,1,1,,,,,,Yes ,1,,1,1,,,,,,1,,,,,Im not sure.,3,4,4,4,2,2,2,3,4,1,,,,,,,,,,,,,,,,1,,1,,,,,,,,,,1,1,,,1,,Network Analysis,"Some tools are used by everyone, but sometimes different people or different projects use additional tools.","Yes, always",No,1,,,,,,,,1,,1,,1,,,,,,,,,,No ,Yes. Someone could recreate both my data cleaning/coding and analysis steps.,2,4,1,2,4,5,5,5,1,1,1,,1,,,1,,1,,,Data collected with tribal agreement requires agreement to share. I still haven't figured out how this will be handled by my funding agency. They are vague on this point.,1,,,,,,,,1,,1,,,,,1,1,1,,,,"Yes, I have been required to both share data and complete a data availability statement.",Yes,1,Yes,4,1,,,,,1,,,,"Yes, someone could recreate both my data cleaning/coding and analysis steps.",8+ years (but in a formats that it may become obsolete),,1,,1,,1,1,1,,,,,,,,,,1,,1,1,,,5,5,1,5,5,1,1,1,1,,1,,,,Yes,No,No,,Yes,I dont know,,No,No,Yes,Yes,No,No,No,No,I dont know,Yes,Yes,I dont know,I dont know,No,Yes,Yes,Yes,Yes,Yes,I dont know,No,4,4,4,4,1,
58,59,Post-Doctoral Fellow,,2,15,Predominantly research focused university or college,, Australia,1,7,2,2,2,1,0,2,Cognitive Psychology,,Primarily quantitative,1,,,1,,,,1,,,,1,1,,1,,,,,,,,"Yes, though I generally do not revisit my DMPs after I submit a grant or project proposal.",1,1,1,,,1,,1,,,,,1,1,1,1,,1,,1,1,,,,No,No,"Yes, and I have taken advantage of it.",4,3,4,4,4,4,4,2,2,4,5,5,2,2,2,3,4,2,2,5,5,,,,0,,,,,,,,,,0,,,,,,,,,,,,,0,,,,,,,,,,,,,,,,0,,,,,,,,,,0,,,,,,,,,,0,,,,,,,,0,,,,,,,,,,0,,,,,,,,,,,,,,,,,,,,,,,,0,,,,,,,,,,,,,,,,,,0,,,,,,,,,,,,,,,,,,,,0,,,,,,,,,,0,,,,,,,,,,,,,,,,,,,,,,0,,,,,,,,,,,,,0,,,,,,,,,,0,,,,,,,,,,,,,,,,0,,,,,,,,,,,,0,,,,,,,,,,,,,,,,,,,,,,,,,,,0,,,,,,,,,,,,,,,,,,,,,,,,,,,,,,,,,,,,,,,,,,
59,60,"Assistant Professor (US), Lecturer (UK), or equivalent",,1,10,Predominantly research focused university or college,, United States of America,1,8,2,6,0,0,0,1,Cognitive Psychology,,Primarily quantitative,1,,,,,,,,,1,,0,,,,,,,,,,,"Yes, though I generally do not revisit my DMPs after I submit a grant or project proposal.",1,1,,,,1,,,,,,,1,,,,,1,,1,,,,,"Yes, but I have not taken advantage of it.",Im not sure if my institution offers these services,Im not sure if my institution offers these services,5,3,4,4,5,3,3,1,1,3,4,3,1,2,3,1,2,3,2,3,4,2,2,3,1,1,,,1,,,,,No,1,,,,,,1,,,,,,,1,,1,,1,,1,,,,,,,,,,1,1,1,1,1,1,,1,,,1,,,,,,,,1,,1,1,1,1,,,,,1,,,,1,,,,,No,1,,,,,1,,,,1,,,,,No,1,2,2,2,3,2,2,3,3,1,1,,,,,1,,,,1,,,,,,,,1,1,,,,,1,,,,1,,,1,,,,"No, there is no standardization in terms of what software tools my lab or research group members use.","Sometimes, when possible","Yes, I use both code I have created myself and adapt code written by others.",1,,,,,,,,1,,1,,,,,,,,,1,,,No ,Yes. Someone could recreate both my data cleaning/coding and analysis steps.,2,4,2,2,2,1,2,3,1,,,1,,,,1,,,,,,1,,,,,,,,1,,0,,,,,,,,,,,No,No,,No,,1,,,,,,,1,,"Yes, someone could recreate both my data cleaning/coding and analysis steps.",8+ years (but in a formats that it may become obsolete),,1,,,,,,1,,,,,,,,,,,,,,,,3,3,1,2,3,1,1,,1,,,,,,No,No,No,Yes,Yes,No,Yes,No,No,No,No,No,No,No,No,No,I dont know,Yes,No,Yes,No,Yes,No,No,Yes,No,No,Yes,2,3,3,2,2,
60,61,Graduate Student,,1,9,Predominantly research focused university or college,, United States of America,1,20,15,4,1,0,0,3,Social and Personality Psychology,,Primarily quantitative,1,,,,,,,,,1,,1,,,,,,,,1,,,"Yes, and I generally revist my DMPs throughout the course of a project.",1,1,,1,,1,,1,1,,,,1,1,,,,1,,1,1,,,,"Yes, and I have taken advantage of it.",Im not sure if my institution offers these services,"Yes, and I have taken advantage of it.",2,1,3,3,2,1,1,1,4,3,5,5,4,5,4,1,3,1,1,4,5,4,2,5,1,1,,1,1,,1,,,No,1,,,,,1,,,1,,,,,1,1,1,1,1,,1,,,,,1,,,,,1,1,1,1,,1,1,1,,,1,,1,,,,,,,,1,1,1,,,,,,1,1,1,1,,,,,,No,1,1,1,1,1,,,,1,1,,,,,Yes ,2,4,5,5,3,2,4,3,5,1,1,,,,,,,,,1,,,1,,,,,1,,,,,,,,,,,,,1,,,,"Some tools are used by everyone, but sometimes different people or different projects use additional tools.","Sometimes, when possible","Yes, I primarily create my own code.",1,,1,,,,,,,,1,,1,,1,1,1,,1,,,,No ,Yes. Someone could recreate both my data cleaning/coding and analysis steps.,3,2,4,4,5,2,2,5,1,1,1,,,,1,,,,,,,1,1,,,,,,1,,Provided datasets via Github,1,1,1,,,,1,,,,,No,No,,No,,1,,,,,,,1,,Someone could recreate my data analysis but not cleaning/coding steps.,8+ years (and maintained so it is always accessible),,1,1,1,,1,,1,,,,1,1,,,1,,,1,1,,,,5,3,4,3,5,1,1,1,1,,,,,,No,I dont know,No,No,No,No,No,No,No,No,No,Yes,No,No,No,Yes,Yes,I dont know,I dont know,I dont know,I dont know,I dont know,I dont know,I dont know,Yes,Yes,I dont know,Yes,3,1,1,2,3,
61,62,"Assistant Professor (US), Lecturer (UK), or equivalent",,1,10,Predominantly research focused university or college,, United Kingdom of Great Britain and Northern Ireland,1,14,4,4,2,4,0,3,Developmental Psychology,,Primarily quantitative,1,,,,1,,,,,,,1,1,1,,,,,,,,,"Yes, though I generally do not revisit my DMPs after I submit a grant or project proposal.",1,1,,,,1,,,1,,,,1,,,,,1,,,,,,,"Yes, and I have taken advantage of it.","Yes, but I have not taken advantage of it.","Yes, and I have taken advantage of it.",1,2,3,3,3,3,1,1,3,2,5,5,4,5,3,3,3,3,3,5,4,3,2,4,1,,1,1,,,,,,Yes,1,,,,,,,,1,,,,,1,1,1,1,1,,,,,,,,,,,,1,1,,,1,,1,1,,,1,,,,,,,,1,,1,1,1,,1,,,,1,1,1,,,,,,,Yes ,1,,1,1,1,1,,1,,,,,,,No,2,3,4,4,1,2,4,4,4,1,,,,,,,,,,1,,,1,,,,,1,,,,,,,1,,,1,,,,,,,"No, there is no standardization in terms of what software tools my lab or research group members use.",No,"Yes, I primarily create my own code.",1,,,,,,,,1,,1,1,1,,,,,,,,,,No ,Someone could recreate my data analysis but not cleaning/coding steps.,1,1,2,4,2,3,3,4,1,1,1,,1,,,,,,,,,1,1,,,,,,,,,1,,1,,,1,,,,,,"Yes, I have been required to complete a data availability statement.",No,,No,,1,,,,,,,1,,"Yes, someone could recreate both my data cleaning/coding and analysis steps.",8+ years (and maintained so it is always accessible),,1,1,1,,1,,,,,,,,,,,,,,,,,,2,3,3,3,3,1,1,,,,1,,,,No,No,Yes,Yes,Yes,No,No,No,No,No,No,No,No,No,No,Yes,Yes,Yes,Yes,I dont know,I dont know,I dont know,I dont know,I dont know,Yes,Yes,I dont know,Yes,3,3,3,3,3,
62,63,"Assistant Professor (US), Lecturer (UK), or equivalent",,2,12,Equally research/teaching focused university or college,, United States of America,1,10,8,0,0,1,1,2,Clinical Psychology,,Primarily quantitative,1,,,1,,,,,,,,1,1,,,,,,,,,,"Yes, though I generally do not revisit my DMPs after I submit a grant or project proposal.",1,1,1,,,,,1,1,,,,1,,,,,,,,1,,,,No,No,No,5,2,4,4,2,4,4,1,5,4,3,5,5,5,1,1,2,1,1,5,5,3,2,4,1,1,,,1,,1,1,"Qualtrics, videoed interviews",Yes,1,,,,,,,,1,,,,,1,1,1,1,1,1,,,,,1,,,,,,1,,,,1,,1,1,,,1,,,,,,,,1,,1,1,1,,,,,,1,,,1,,,,,,Im not sure.,1,1,1,,1,,,,1,,,,,,Im not sure.,2,5,5,5,5,5,2,2,5,1,,,,,,,,,,1,1,,,,,,,1,,,,,,,,,,1,1,,1,,,,"Some tools are used by everyone, but sometimes different people or different projects use additional tools.",No,"Yes, I primarily create my own code.",1,,,,,,,,1,,1,,1,,,,,,,,,,Not applicable,Someone could recreate my data analysis but not cleaning/coding steps.,2,3,5,5,5,1,2,3,1,1,1,1,,,,,,,,,,1,,,,,,,,1,,1,,,,,,,,,1,,No,No,,No,,1,,,,,,,1,,Someone could recreate my data analysis but not cleaning/coding steps.,8+ years (but in a formats that it may become obsolete),,1,,1,1,1,1,,,,,1,,,,,,,,1,1,,,5,5,5,5,5,1,1,1,1,,1,1,,,I dont know,I dont know,No,No,No,No,Yes,No,No,Yes,No,No,No,No,No,I dont know,I dont know,I dont know,I dont know,Yes,No,I dont know,Yes,I dont know,Yes,I dont know,I dont know,I dont know,5,5,5,5,5,
63,64,"Professor (US), Reader (UK), or equivalent",,2,50,Predominantly research focused university or college,, New Zealand,1,3,1,1,1,0,0,2,Cognitive Psychology,,Primarily quantitative,1,,,,,,,1,,,,1,1,1,,,,,,,,,No,1,1,,1,1,1,1,,1,,,,1,,,,,,,,,,1,,Im not sure if my institution offers these services,Im not sure if my institution offers these services,"Yes, but I have not taken advantage of it.",1,1,1,1,1,1,1,1,1,2,5,5,1,5,1,1,2,1,2,4,3,4,,4,1,1,,,,,,,,No,1,,,,,,1,,,1,,,,1,,1,,,,1,,,1,,,,,,,1,,1,1,1,1,,1,,,1,,,,,,,,1,,1,1,,,1,,,,1,1,1,,,,,,,Yes ,1,,,1,1,1,,1,,,,,,,Yes ,More than 3,1,1,1,1,1,4,,4,1,,,,,,,,,,,,,,1,,,"BMDP, 1970's",1,,,,,,1,,,,,,,,1,,self-written C++ & Pascal programs,"Some tools are used by everyone, but sometimes different people or different projects use additional tools.","Yes, always","Yes, I primarily create my own code.",1,,1,1,1,1,1,,,,1,,1,,,,,,1,,1,I embed notes in analysis code files (eg MATLAB) and in manuscript preparation files (eg LaTex),Yes,Yes. Someone could recreate both my data cleaning/coding and analysis steps.,1,1,1,1,2,3,,4,1,,,,1,,,,,,,,,1,,,,,,,,1,,1,,,,,,,,,1,,"Yes, I have been required to complete a data availability statement.",Yes,4,No,,1,,,1,1,,1,,To use as a teaching example,"Yes, someone could recreate both my data cleaning/coding and analysis steps.",8+ years (but in a formats that it may become obsolete),,1,,1,,,,1,,,1,,,,,,1,1,1,,,,,2,2,1,3,2,1,1,1,1,,,1,,,No,No,No,Yes,No,No,Yes,No,No,No,No,No,No,No,No,No,Yes,I dont know,I dont know,Yes,I dont know,I dont know,I dont know,I dont know,I dont know,I dont know,No,I dont know,2,2,1,2,2,
64,65,"Assistant Professor (US), Lecturer (UK), or equivalent",,2,14,Predominantly teaching focused university or college,, Australia,1,7,4,1,1,0,1,5,Cognitive Psychology,,Primarily quantitative,1,,,1,,,,,,,,1,1,1,,,,,,,,,"Yes, though I generally do not revisit my DMPs after I submit a grant or project proposal.",1,1,1,1,,1,,1,1,1,,peer review,1,,,,,,,1,1,,,,"Yes, but I have not taken advantage of it.",No,"Yes, and I have taken advantage of it.",5,4,3,2,5,2,2,1,4,2,5,5,3,3,1,1,2,3,1,4,3,2,1,3,1,1,1,,,,1,,,Yes,1,,,,,,1,,,1,,,,1,1,1,1,1,,1,1,1,1,,1,,1,,,1,1,1,1,1,1,,1,,,1,1,,1,,,1,1,,In multiple direct email responses,1,1,1,1,,,,,1,1,,1,,,,,,Yes ,1,,1,,1,,,,1,,,,,,Yes ,2,2,2,4,3,2,1,1,3,1,,,,,,,,,,,,,,1,,,Dept specific program (now defunct),1,1,1,,,,1,,,,1,,,1,,,,"Some tools are used by everyone, but sometimes different people or different projects use additional tools.","Sometimes, when possible","Yes, I primarily create my own code.",1,,,,,,,,1,,1,,1,,,,,,,,,,No ,Yes. Someone could recreate both my data cleaning/coding and analysis steps.,1,4,1,1,3,2,1,3,1,1,1,,,1,,,,,,,,1,1,,1,,,,,,,1,1,1,1,,,1,1,,,,No,Yes,1,Yes,5,1,1,1,1,,1,,,,"Yes, someone could recreate both my data cleaning/coding and analysis steps.",8+ years (and maintained so it is always accessible),,1,,,,1,,1,,1,,,1,,1,,1,1,1,,,,,3,4,4,4,3,1,1,1,1,,1,1,1,It's the core purpose of my role.,Yes,No,No,Yes,Yes,Yes,Yes,No,No,No,No,No,No,No,Yes,No,Yes,Yes,Yes,Yes,Yes,Yes,Yes,Yes,Yes,Yes,No,Yes,1,2,4,3,4,
65,66,Other (Please specify),Research Dean,2,42,Predominantly research focused university or college,, Australia,1,32,5,12,5,6,4,15,Health Psychology,,A mix of quantitative and qualitative,1,,,1,,,,,,,,1,1,1,,,,,,,,,"Yes, and I generally revist my DMPs throughout the course of a project.",1,1,1,1,1,1,1,,1,,,,1,1,1,1,1,1,1,1,1,,,,"Yes, and I have taken advantage of it.","Yes, and I have taken advantage of it.","Yes, and I have taken advantage of it.",1,1,1,1,1,1,1,1,2,1,5,5,5,5,3,4,5,5,4,5,5,5,3,5,1,1,1,1,1,1,1,,,Yes,1,,,,,,,1,1,1,1,,CheckBox,1,,1,1,1,1,,,1,,1,1,,,1,administrative health records,1,1,1,1,1,1,1,1,,,1,1,,,,,,1,,Australian government data archive,1,1,1,,1,,,,1,1,1,1,,,,,,Yes ,1,1,1,,1,1,1,,1,,1,,,,Yes ,3,1,2,2,1,1,5,2,5,1,,,,,,,,,1,1,1,,,1,,,"Fortran (see above, 42 years in the business)",1,,,,,,,,,1,,1,,,,,,"Some tools are used by everyone, but sometimes different people or different projects use additional tools.","Sometimes, when possible","Yes, I use both code I have created myself and adapt code written by others.",1,1,,,,,1,,,,1,,1,,,,,,,,,,No ,Yes. Someone could recreate both my data cleaning/coding and analysis steps.,1,2,1,2,2,5,1,5,1,,1,,,,,,,,,,,1,,1,,,,1,,,,1,1,1,,,,1,1,,,,"Yes, I have been required to complete a data availability statement.",Yes,3,Yes,4,1,,1,,,,,,,"Yes, someone could recreate both my data cleaning/coding and analysis steps.",8+ years (and maintained so it is always accessible),,1,,1,1,1,1,,,,,1,1,,,1,,,1,1,1,,,1,1,1,2,1,1,1,1,,,,1,,,No,Yes,No,No,Yes,Yes,Yes,Yes,Yes,Yes,Yes,No,No,No,No,I dont know,I dont know,I dont know,I dont know,I dont know,I dont know,I dont know,I dont know,I dont know,I dont know,I dont know,I dont know,I dont know,2,3,2,3,2,
66,67,Post-Doctoral Fellow,,1,9,Predominantly research focused university or college,, United States of America,1,19,10,3,2,4,0,3,Developmental Psychology,,Primarily quantitative,1,,,,1,,,,,,,1,,,,,1,,,,,,"Yes, though I generally do not revisit my DMPs after I submit a grant or project proposal.",1,1,,,,1,,,,,,,0,,,,,,,,,,,,Im not sure if my institution offers these services,Im not sure if my institution offers these services,Im not sure if my institution offers these services,1,1,1,1,1,1,1,1,1,1,5,5,5,5,1,1,1,1,4,1,5,,,,1,,1,,1,,,,,Yes,1,,,,,,,,1,,,,,1,1,1,,1,1,1,,,,,,,,,,0,,,,,,,,,,1,,,,,,,,1,,1,1,1,,,,,,1,1,1,,,,,,,No,1,,1,,,,,1,1,,,,,,Yes ,1,1,1,1,1,1,,,,1,1,,,,,,,,,1,,,1,,,,,1,,,,,,,,,,1,,,1,,,,"Yes, everyone uses the same software tool(s).","Yes, always","Yes, I use both code I have created myself and adapt code written by others.",1,,,,,,,,1,,1,,,,,1,,,,,,,Yes,Yes. Someone could recreate both my data cleaning/coding and analysis steps.,3,4,1,1,1,,,,1,,,,,,,,,,1,,,1,,,,,,,,1,,1,,,,,,,,,1,,No,No,,No,,1,,,,,,,1,,"Yes, someone could recreate both my data cleaning/coding and analysis steps.",4-8 years after the conclusion of a project,,1,,,,1,1,1,,,,,,,,,1,1,1,1,1,,,1,1,1,1,1,1,1,1,1,,1,1,,,No,No,No,No,No,No,Yes,No,No,Yes,Yes,Yes,No,No,No,I dont know,No,I dont know,No,Yes,No,I dont know,Yes,Yes,I dont know,No,No,I dont know,1,1,1,1,1,
67,68,"Assistant Professor (US), Lecturer (UK), or equivalent",,2,12,Medical school or health sciences center,, United States of America,1,4,2,1,0,1,0,1,Clinical Psychology,,Primarily quantitative,1,1,,,1,,,1,,,,1,1,1,,,,,,,,,No,1,1,,,,1,1,1,,,,,1,,1,,,1,1,1,,,,,"Yes, and I have taken advantage of it.",No,Im not sure if my institution offers these services,4,1,2,3,4,2,3,1,4,2,5,4,4,5,1,1,2,5,4,3,3,3,,2,1,1,,,1,,1,,,Yes,1,,,,,1,,1,,,,,,1,1,1,1,1,,1,1,,1,,1,,,,,1,1,1,1,1,1,1,1,,,1,,1,,,,,,,,1,,1,,1,,,,1,1,1,,,,,1,For some data types more than others ,Yes ,1,,,,,,,,1,1,,,,,Im not sure.,I do not keep any backup copies of my digital files/data.,3,3,2,4,3,2,,4,1,,,,,,,,,,1,1,,,,,,,1,,,,,,,,,,,,,1,,,,"No, there is no standardization in terms of what software tools my lab or research group members use.",Im not sure,"Yes, I use both code I have created myself and adapt code written by others.",1,,1,,,1,,,,,1,,1,,,1,1,,,,,,No ,No. I would have to be present.,2,2,2,4,4,2,,4,1,,1,1,,,1,,,,,,,1,,,,,,,,1,,1,,,,,,,,,1,,Im not sure.,No,,Yes,1,1,,,,,,,1,,"No, I would have to be present.",I dont know.,,1,,1,1,1,,1,,,1,,1,,,,1,1,1,1,,,,4,3,5,5,4,1,1,1,1,,1,1,,,Yes,Yes,No,Yes,No,No,Yes,I dont know,No,No,No,Yes,No,No,No,Yes,Yes,I dont know,I dont know,Yes,I dont know,I dont know,Yes,I dont know,Yes,Yes,I dont know,Yes,3,4,3,3,4,
68,69,"Assistant Professor (US), Lecturer (UK), or equivalent",,2,15,Predominantly research focused university or college,, United States of America,1,2,2,0,0,0,0,2,Cognitive Psychology,,Primarily quantitative,1,,,,,,,1,,,,1,,,,,,,,1,,,"Yes, though I generally do not revisit my DMPs after I submit a grant or project proposal.",1,1,1,1,1,1,1,,1,,,,1,,,,,1,,,1,,,,Im not sure if my institution offers these services,Im not sure if my institution offers these services,"Yes, and I have taken advantage of it.",4,2,4,2,3,2,1,1,1,3,5,2,3,1,1,3,1,3,1,3,5,3,4,4,1,1,,,,,,,,No,1,,,,,,1,,,,,,,1,,1,,1,,1,,1,,,,,,1,Motion capture data,1,1,1,,1,1,,1,,,1,1,,,,1,1,,,,1,,1,,,,,,1,,1,,,,,,,Yes ,1,,1,1,1,,,,,1,,,,,Yes ,3,2,3,2,2,4,3,4,4,1,1,,,,,1,,,,1,,,1,,,,,1,,,,,,1,,,,1,,,,,,,"Some tools are used by everyone, but sometimes different people or different projects use additional tools.",No,"Yes, I primarily create my own code.",1,1,,,,1,,,,,1,,,,,,,,,,1,I keep notes in the computer code and syntax.,Yes,Someone could recreate my data analysis but not cleaning/coding steps.,2,2,3,4,3,2,4,4,1,1,1,,,,,1,,,,,,1,1,,,,,,,,,1,1,1,,,,1,1,,,,No,No,,Yes,2,1,,,,,,,1,,"Yes, someone could recreate both my data cleaning/coding and analysis steps.",8+ years (but in a formats that it may become obsolete),,1,,,,1,,1,,,,,,,,,1,,1,,,1,Motion capture data,3,4,2,3,4,1,1,1,1,,,1,,,I dont know,Yes,Yes,No,No,No,Yes,No,Yes,No,No,No,No,No,No,Yes,Yes,I dont know,I dont know,Yes,I dont know,Yes,I dont know,I dont know,I dont know,I dont know,I dont know,I dont know,2,2,3,3,3,
69,70,"Assistant Professor (US), Lecturer (UK), or equivalent",,2,18,Equally research/teaching focused university or college,, Australia,1,14,12,2,0,0,0,5,Industrial/Organizational Psychology,,Primarily quantitative,1,,,,,,,1,,,,0,,,,,,,,,,,"Yes, though I generally do not revisit my DMPs after I submit a grant or project proposal.",1,1,1,1,1,1,1,1,1,,,,1,1,1,1,1,,,1,1,,,,"Yes, but I have not taken advantage of it.","Yes, but I have not taken advantage of it.","Yes, but I have not taken advantage of it.",1,1,1,1,2,1,1,1,4,2,5,,3,,,2,,,,,5,,,,0,,,,,,,,,,0,,,,,,,,,,,,,0,,,,,,,,,,,,,,,,0,,,,,,,,,,0,,,,,,,,,,0,,,,,,,,0,,,,,,,,,,0,,,,,,,,,,,,,,,,,,,,,,,,0,,,,,,,,,,,,,,,,,,0,,,,,,,,,,,,,,,,,,,,0,,,,,,,,,,0,,,,,,,,,,,,,,,,,,,,,,0,,,,,,,,,,,,,0,,,,,,,,,,0,,,,,,,,,,,,,,,,0,,,,,,,,,,,,0,,,,,,,,,,,,,,,,,,,,,,,,,,,0,,,,,,,,,,,,,,,,,,,,,,,,,,,,,,,,,,,,,,,,,,
70,71,"Assistant Professor (US), Lecturer (UK), or equivalent",,2,12,Predominantly research focused university or college,, United States of America,1,9,6,3,0,0,0,3,Developmental Psychology,,Primarily quantitative,1,,,,,,,1,,,,1,1,,,,,,,,,,"Yes, though I generally do not revisit my DMPs after I submit a grant or project proposal.",1,1,1,1,,1,,,,1,,statistical workshops,1,1,1,,1,1,,,,1,,workshops,"Yes, and I have taken advantage of it.","Yes, and I have taken advantage of it.","Yes, and I have taken advantage of it.",2,1,2,1,4,1,1,1,1,1,5,5,,5,4,4,4,4,4,5,5,4,3,5,1,,,1,1,,,,,Yes,1,,,,,,,,1,,,,,1,,1,,1,,,,,,,,,,,,1,,,,1,,1,1,,,1,,,1,,,,,,,1,,1,,,,,,1,1,,,,,,,,Yes ,1,,,,,,,,,1,,1,,Open Science Framework,Yes ,2,3,3,3,3,3,3,3,4,1,1,,,,,,1,,,1,,,1,,,,,1,1,,,,,,1,,,1,,,1,,,,"Some tools are used by everyone, but sometimes different people or different projects use additional tools.",Im not sure,"Yes, I primarily adapt code written by others.",1,,,1,,,,,,,1,,,1,,,,,,,,,No ,Yes. Someone could recreate both my data cleaning/coding and analysis steps.,3,3,3,4,4,4,2,5,1,,1,1,,,,,,,,,,1,,,1,,,,,,,1,1,1,,,,1,1,,,,No,No,,No,,1,,,,,,,1,,"Yes, someone could recreate both my data cleaning/coding and analysis steps.",8+ years (and maintained so it is always accessible),,1,,1,,1,,,,,,,,,,,,,,1,1,,,5,5,5,5,5,1,1,1,1,,,,,,Yes,No,Yes,,Yes,Yes,,I dont know,I dont know,Yes,Yes,Yes,Yes,Yes,I dont know,,Yes,,,Yes,Yes,,,,,,,,5,5,5,5,5,
71,72,Graduate Student,,1,1,Equally research/teaching focused university or college,, Germany,1,46,15,5,3,8,15,1,Social and Personality Psychology,,Primarily quantitative,1,,,,,,,,,1,,1,,,,,,,1,,,,,0,,,,,,,,,,,,0,,,,,,,,,,,,"Yes, and I have taken advantage of it.","Yes, and I have taken advantage of it.","Yes, and I have taken advantage of it.",2,3,1,2,1,1,1,1,1,1,5,5,2,4,5,5,5,3,5,5,5,4,2,5,1,1,,1,1,1,1,,,,0,,,,,,,,,,,,,0,,,,,,,,,,,,,,,,0,,,,,,,,,,0,,,,,,,,,,0,,,,,,,,0,,,,,,,,,,0,,,,,,,,,,,,,,Im not sure.,2,4,1,4,1,3,3,2,1,1,1,1,,,,,,,,,,,1,,,,,1,1,1,,,,,,,,,,,1,,,,"Some tools are used by everyone, but sometimes different people or different projects use additional tools.","Sometimes, when possible","Yes, I use both code I have created myself and adapt code written by others.",1,,,,,,,,1,,1,,1,,,,,,,,,,No ,Yes. Someone could recreate both my data cleaning/coding and analysis steps.,3,5,4,2,4,2,3,5,1,,,,,,,,1,,,,,1,,,,,,,,1,,1,,,,,,,,,1,,No,No,,No,,1,,,,,,,1,,,,,1,,,,1,,,,,,,,,,1,,,1,1,1,,,4,4,2,4,4,1,1,1,,,,,,,No,Yes,No,No,No,Yes,Yes,No,No,No,No,Yes,No,No,No,Yes,Yes,I dont know,Yes,Yes,I dont know,I dont know,Yes,Yes,Yes,Yes,No,I dont know,3,3,2,2,5,
72,73,Post-Doctoral Fellow,,1,9.5,Predominantly research focused university or college,, United Kingdom of Great Britain and Northern Ireland,1,13,1,2,2,8,0,5,Social and Personality Psychology,,Primarily quantitative,1,,,,,,,1,,,,1,1,1,,,1,,,,,,"Yes, though I generally do not revisit my DMPs after I submit a grant or project proposal.",1,1,,1,,1,,,1,,,,1,,,,,,,,1,,,,"Yes, and I have taken advantage of it.","Yes, but I have not taken advantage of it.","Yes, but I have not taken advantage of it.",3,1,2,2,2,2,2,3,1,1,,,,,,,,,,,,,,,0,,,,,,,,,,0,,,,,,,,,,,,,0,,,,,,,,,,,,,,,,0,,,,,,,,,,0,,,,,,,,,,0,,,,,,,,0,,,,,,,,,,0,,,,,,,,,,,,,,,,,,,,,,,,0,,,,,,,,,,,,,,,,,,0,,,,,,,,,,,,,,,,,,,,0,,,,,,,,,,0,,,,,,,,,,,,,,,,,,,,,,0,,,,,,,,,,,,,0,,,,,,,,,,0,,,,,,,,,,,,,,,,0,,,,,,,,,,,,0,,,,,,,,,,,,,,,,,,,,,,,,,,,0,,,,,,,,,,,,,,,,,,,,,,,,,,,,,,,,,,,,,,,,,,
73,74,Post-Doctoral Fellow,,1,11,Government agency or research center,, Japan,1,13,4,1,1,4,3,1,Developmental Psychology,,Primarily quantitative,1,,,1,,,,,,,,1,,,,,1,,,,,,"Yes, though I generally do not revisit my DMPs after I submit a grant or project proposal.",1,1,,,,1,,,,,,,1,,,,,,,,1,,,,No,No,No,1,1,5,5,5,5,1,1,5,3,5,5,1,5,1,1,1,1,1,1,2,4,1,4,1,1,,,,,1,,,No,1,,,,,,,,,,,1,,1,,1,,1,,,,1,1,,,1,,,,1,1,,,1,,1,1,,,1,,,1,,,,,,,1,,,1,1,,,,1,,1,,,,,,,Yes ,1,1,1,,,,1,,,,,,,,Yes ,3,1,3,5,3,1,1,2,3,1,,,,,,,,,,1,,,1,,,,,1,,1,,,,,1,,1,1,1,,1,,,,"Some tools are used by everyone, but sometimes different people or different projects use additional tools.",No,"Yes, I use both code I have created myself and adapt code written by others.",1,,,1,,,,,,,1,,,,,,,,,,1,"I keep notes in the programming tools (e.g. SPSS, R)",No ,Yes. Someone could recreate both my data cleaning/coding and analysis steps.,3,5,5,5,3,5,1,5,1,,1,1,,,,,,,,,,1,,,1,,,,,,,1,,1,,,,1,,,,,"Yes, I have been required to both share data and complete a data availability statement.",No,,No,,1,,1,1,1,,,,,Someone could recreate my data analysis but not cleaning/coding steps.,8+ years (and maintained so it is always accessible),,1,,1,,1,,,,1,1,,,,,1,,,,,1,,,3,2,5,2,3,1,1,,,,,,,,No,Yes,No,Yes,Yes,Yes,Yes,No,No,No,No,No,No,Yes,No,I dont know,Yes,Yes,Yes,Yes,I dont know,I dont know,I dont know,I dont know,I dont know,I dont know,Yes,I dont know,2,3,2,4,2,
74,75,"Assistant Professor (US), Lecturer (UK), or equivalent",,1,11,Equally research/teaching focused university or college,, United States of America,1,6,4,2,0,0,0,2,Clinical Psychology,,Primarily quantitative,1,1,,,,,,,,,,1,1,,,,,,,,,,No,1,1,1,1,,1,1,1,1,,,,1,,,1,,1,,1,1,,,,Im not sure if my institution offers these services,No,Im not sure if my institution offers these services,3,2,5,5,5,3,4,2,3,4,5,4,5,5,4,5,2,3,1,5,5,3,1,5,1,1,,,1,,1,,,Yes,1,,,1,,,,,1,,,,,1,,1,1,1,1,1,,1,,,,,,,,1,1,1,1,1,,,,,,1,,,,,,,1,,Upon request,1,1,,,,,,,1,,,1,1,,,,,No,1,,,1,,,,,,1,,,,,No,2,5,3,5,3,4,4,3,5,1,,,,,,,,,,1,,,,,,,,1,1,,,,,,,,,1,,,,,,,"Some tools are used by everyone, but sometimes different people or different projects use additional tools.","Sometimes, when possible","Yes, I use both code I have created myself and adapt code written by others.",1,,,,,,,,1,,1,,1,,,,,,,,,,No ,Someone could recreate my data analysis but not cleaning/coding steps.,1,3,3,4,3,2,2,5,1,,1,1,,,,,,,,,,1,1,,,,,,,,,1,1,1,,,,1,,,,,"Yes, I have been required to complete a data availability statement.",No,,No,,1,,,,,,,1,,Someone could recreate my data analysis but not cleaning/coding steps.,8+ years (but in a formats that it may become obsolete),,1,,,,1,,,,1,,,,,,1,1,1,1,1,1,,,4,3,5,5,5,1,1,,1,,1,1,,,No,Yes,No,No,Yes,Yes,No,Yes,No,No,No,Yes,No,No,No,Yes,Yes,Yes,Yes,I dont know,Yes,Yes,Yes,Yes,Yes,I dont know,Yes,Yes,2,2,5,3,1,
75,76,Graduate Student,,1,4.5,Predominantly research focused university or college,, United States of America,1,16,12,3,0,0,1,2,Social and Personality Psychology,,Primarily quantitative,1,,,,,,,1,,,,1,,,,,,1,,,,,"Yes, though I generally do not revisit my DMPs after I submit a grant or project proposal.",1,1,,1,,1,,,1,,,,1,1,1,1,,1,,1,1,,,,Im not sure if my institution offers these services,Im not sure if my institution offers these services,Im not sure if my institution offers these services,3,1,5,3,2,2,4,3,1,3,5,3,1,1,3,3,2,1,3,3,5,2,,5,1,1,,,1,,1,,,No,1,,,,,,,,1,1,,,,1,,1,1,1,1,1,,,,,,1,,,,1,,,,1,,1,,,,1,,,1,,1,,,,,1,1,1,1,,,,,1,,1,,,,,,,No,1,,,,1,,,1,1,1,,,,,No,More than 3,3,5,1,5,5,3,,5,1,,,,,,,1,,,1,,,1,,,,,1,,,,,,,1,,,1,,,1,,,,"Some tools are used by everyone, but sometimes different people or different projects use additional tools.",No,"Yes, I use both code I have created myself and adapt code written by others.",1,,,1,,1,,,,,1,1,,,,1,,,,,,,No ,Yes. Someone could recreate both my data cleaning/coding and analysis steps.,2,4,4,5,5,1,,5,1,1,,,,,,,,,,1,,1,1,,1,,,,,,,1,1,,1,,,1,1,,,,No,Yes,3,No,,1,,1,1,,,,,,Someone could recreate my data analysis but not cleaning/coding steps.,8+ years (and maintained so it is always accessible),,1,,1,,1,,1,,,,,,,,,,,,1,,,,4,2,1,3,4,1,1,1,1,,,1,,,No,I dont know,No,,Yes,Yes,Yes,No,No,Yes,Yes,Yes,No,I dont know,Yes,I dont know,Yes,Yes,Yes,Yes,I dont know,I dont know,Yes,Yes,Yes,Yes,I dont know,Yes,4,3,4,4,4,
76,77,Graduate Student,,1,5,Predominantly research focused university or college,, United States of America,1,35,30,5,0,0,0,0,Social and Personality Psychology,,Primarily quantitative,1,,,,,,,,,1,,1,,,,,,,,1,,,No,1,1,,1,,1,1,,1,,,,1,1,,,,1,1,,,,,,Im not sure if my institution offers these services,Im not sure if my institution offers these services,"Yes, and I have taken advantage of it.",2,1,3,4,4,2,3,1,2,3,4,4,1,2,2,1,3,2,5,3,2,,,,0,,,,,,,,,,0,,,,,,,,,,,,,0,,,,,,,,,,,,,,,,0,,,,,,,,,,0,,,,,,,,,,0,,,,,,,,0,,,,,,,,,,0,,,,,,,,,,,,,,,,,,,,,,,,0,,,,,,,,,,,,,,,,,,0,,,,,,,,,,,,,,,,,,,,0,,,,,,,,,,0,,,,,,,,,,,,,,,,,,,,,,0,,,,,,,,,,,,,0,,,,,,,,,,0,,,,,,,,,,,,,,,,0,,,,,,,,,,,,0,,,,,,,,,,,,,,,,,,,,,,,,,,,0,,,,,,,,,,,,,,,,,,,,,,,,,,,,,,,,,,,,,,,,,,
77,78,Post-Doctoral Fellow,,1,11,Predominantly research focused university or college,, United States of America,1,22,10,4,7,1,0,0,Cognitive Neuroscience,,Primarily quantitative,1,1,1,,,,,,,,,1,,,,,1,,,,,,"Yes, though I generally do not revisit my DMPs after I submit a grant or project proposal.",1,1,,1,,1,1,1,1,,,,1,1,,1,,1,1,1,,,,,"Yes, and I have taken advantage of it.",No,"Yes, and I have taken advantage of it.",3,4,3,3,4,5,4,1,2,2,5,3,5,5,4,3,3,1,1,4,5,2,2,5,1,1,,,,,,,,No,1,,,,,1,,,,,,,,1,,1,,1,,1,,,1,,,,,,,1,1,1,1,1,1,1,1,,,1,1,1,,,,,,,,1,,,,1,,,,1,,,,1,,,,,No,1,,,,,,,,,1,,,,,No,1,1,2,3,2,2,3,2,5,1,,,,,,1,,1,,,,,,,,,,1,,,,,,,,1,,,,,1,,,,"No, there is no standardization in terms of what software tools my lab or research group members use.",No,"Yes, I primarily create my own code.",1,,1,,,,,,,,1,,1,,,,1,,,,,,No ,Someone could recreate my data analysis but not cleaning/coding steps.,2,2,2,2,4,4,2,5,1,,,,,,,,,,,1,,1,1,,,1,,,,,,1,1,1,,,,1,1,,,,"Yes, I have been required to complete a data availability statement.",Yes,2,Yes,4,1,,,1,1,,,,,"No, I would have to be present.",8+ years (but in a formats that it may become obsolete),,1,,,,1,,1,,,1,,,,,1,,,1,1,1,,,3,3,3,4,4,1,1,1,1,1,1,1,,,Yes,No,Yes,Yes,No,No,Yes,No,No,Yes,No,No,No,No,No,Yes,Yes,I dont know,Yes,Yes,I dont know,No,Yes,I dont know,No,No,Yes,I dont know,1,1,4,3,2,
78,79,"Associate Professor  (US), Senior Lecturer (UK), or equivalent",,2,18,Equally research/teaching focused university or college,, United States of America,1,29,20,5,1,3,0,7,Clinical Psychology,,Primarily quantitative,1,1,,,1,,,1,,,,1,1,1,,1,,,,,,,"Yes, though I generally do not revisit my DMPs after I submit a grant or project proposal.",1,1,1,,,1,,1,1,,,,1,1,,,,,,1,1,,,,Im not sure if my institution offers these services,Im not sure if my institution offers these services,Im not sure if my institution offers these services,5,2,4,2,2,5,1,1,4,5,5,5,5,5,5,3,4,3,,5,5,3,2,4,1,1,,,1,,1,,,Yes,1,1,,,,,,,1,,1,,Adobe LiveCycle Forms,1,,1,1,1,,1,,1,1,,1,1,,,,1,1,1,1,1,1,,1,,,1,,,,,,,,1,,1,1,,,,,,,1,,1,,1,,,,,Im not sure.,1,1,1,1,,1,,,1,,,,,,Yes ,3,4,5,5,5,5,4,2,4,1,,,,,,,,,,1,,,,,,,,1,,,,,,1,1,,,1,,,1,,,,"Some tools are used by everyone, but sometimes different people or different projects use additional tools.","Sometimes, when possible","Yes, I use both code I have created myself and adapt code written by others.",1,,,,,1,,,,,1,,,,,,,,1,,,,No ,Someone could recreate my data analysis but not cleaning/coding steps.,3,3,4,5,5,3,1,4,1,,1,,,,,,,,,,,1,,,,,,,,1,,1,1,1,,,1,1,,,,,No,Yes,3,Yes,4,1,,,,,,,1,,Someone could recreate my data analysis but not cleaning/coding steps.,8+ years (but in a formats that it may become obsolete),,1,,1,1,,,1,,1,1,,1,1,,,1,1,1,,1,,,5,5,5,5,5,1,1,1,,,,,,,Yes,Yes,No,Yes,No,No,Yes,No,Yes,No,No,No,No,No,No,Yes,Yes,Yes,I dont know,Yes,Yes,Yes,Yes,Yes,Yes,Yes,Yes,No,2,4,4,5,5,
79,80,"Associate Professor  (US), Senior Lecturer (UK), or equivalent",,2,15,Predominantly research focused university or college,, Japan,1,5,3,2,0,0,0,4,Cognitive Psychology,,Primarily quantitative,1,,,1,,,,,,,,1,1,,,,,,,,,,"Yes, and I generally revist my DMPs throughout the course of a project.",1,1,,,,1,,,,,,,1,1,,,,1,,,,,,,Im not sure if my institution offers these services,"Yes, but I have not taken advantage of it.",Im not sure if my institution offers these services,2,2,4,2,3,5,1,3,3,1,5,3,4,4,4,3,4,2,4,4,4,,,,0,,,,,,,,,,0,,,,,,,,,,,,,0,,,,,,,,,,,,,,,,0,,,,,,,,,,0,,,,,,,,,,0,,,,,,,,0,,,,,,,,,,0,,,,,,,,,,,,,,,,,,,,,,,,0,,,,,,,,,,,,,,,,,,0,,,,,,,,,,,,,,,,,,,,0,,,,,,,,,,0,,,,,,,,,,,,,,,,,,,,,,0,,,,,,,,,,,,,0,,,,,,,,,,0,,,,,,,,,,,,,,,,0,,,,,,,,,,,,0,,,,,,,,,,,,,,,,,,,,,,,,,,,0,,,,,,,,,,,,,,,,,,,,,,,,,,,,,,,,,,,,,,,,,,
80,81,Graduate Student,,1,7,Predominantly research focused university or college,, United States of America,0,0,0,0,0,0,0,2,Clinical Psychology,,A mix of quantitative and qualitative,1,,,,,,,,,1,,0,,,,,,,,,,,"Yes, though I generally do not revisit my DMPs after I submit a grant or project proposal.",1,1,,1,,1,,,,,,,1,1,,,1,1,,,,,,,Im not sure if my institution offers these services,Im not sure if my institution offers these services,Im not sure if my institution offers these services,1,1,5,4,2,3,3,4,4,2,5,2,5,5,3,4,4,2,4,5,4,,,,0,,,,,,,,,,0,,,,,,,,,,,,,0,,,,,,,,,,,,,,,,0,,,,,,,,,,0,,,,,,,,,,0,,,,,,,,0,,,,,,,,,,0,,,,,,,,,,,,,,,,,,,,,,,,0,,,,,,,,,,,,,,,,,,0,,,,,,,,,,,,,,,,,,,,0,,,,,,,,,,0,,,,,,,,,,,,,,,,,,,,,,0,,,,,,,,,,,,,0,,,,,,,,,,0,,,,,,,,,,,,,,,,0,,,,,,,,,,,,0,,,,,,,,,,,,,,,,,,,,,,,,,,,0,,,,,,,,,,,,,,,,,,,,,,,,,,,,,,,,,,,,,,,,,,
81,82,"Professor (US), Reader (UK), or equivalent",,2,30,Predominantly research focused university or college,, Germany,1,11,3,5,3,0,0,5,Industrial/Organizational Psychology,,Primarily quantitative,1,,,1,,,,,,,,1,1,,,,,,,,,,"Yes, and I generally revist my DMPs throughout the course of a project.",1,1,1,1,,,1,,1,,,,1,,,1,,1,,,1,,,,No,No,Im not sure if my institution offers these services,3,2,4,4,2,5,3,2,5,4,4,4,5,4,3,5,4,3,4,4,4,3,4,4,1,1,1,,1,,,,,No,1,,,,,,,,1,,,,,1,,1,,1,1,,,,,,1,,,,,1,,,,1,,1,1,,,1,,,,,,,,1,,1,1,1,,1,,,,1,1,,,1,,,,,Im not sure.,1,1,1,1,1,1,,,1,,,,,,No,More than 3,5,5,4,4,4,4,5,5,1,,,,1,,,,,,1,,,1,,,,,1,,,,,,,1,,,1,,,1,,,,"Some tools are used by everyone, but sometimes different people or different projects use additional tools.",No,"Yes, I primarily create my own code.",1,,,,,1,,,,,1,1,1,1,,,,,,,,,No ,No. I would have to be present.,3,4,4,4,4,3,4,4,1,1,1,1,,,,1,1,,,,,1,,,,,,,,1,,1,,,,,1,1,1,,,,No,I don't know.,,Yes,3,1,,,,,,,1,,"No, I would have to be present.",8+ years (but in a formats that it may become obsolete),,1,,1,,1,,,,,,,,,,,,,1,1,1,,,4,4,4,4,4,1,1,1,1,1,1,,,,Yes,Yes,Yes,Yes,I dont know,No,No,No,No,No,No,Yes,No,No,No,Yes,Yes,Yes,I dont know,I dont know,I dont know,I dont know,I dont know,Yes,Yes,Yes,I dont know,I dont know,4,4,4,4,4,
82,83,"Professor (US), Reader (UK), or equivalent",,2,36,Predominantly research focused university or college,, United States of America,1,16,12,3,0,1,0,5,Developmental Psychology,,Primarily quantitative,1,1,1,,,,1,,,,,1,1,1,,,,,,,,,"Yes, though I generally do not revisit my DMPs after I submit a grant or project proposal.",1,,1,1,1,1,1,1,1,,,,1,,1,,,1,1,1,1,,,,Im not sure if my institution offers these services,"Yes, but I have not taken advantage of it.","Yes, but I have not taken advantage of it.",4,2,3,2,4,3,1,1,4,1,5,5,5,3,1,3,5,1,4,5,5,4,3,5,1,1,,,,,,,,Yes,1,,,,,1,1,,1,1,1,,"eye tracking specific software, software for collecting looking from infants (Habit)",1,1,1,,,1,1,,,,,,,1,,,1,1,1,1,1,1,1,1,,,1,,,,,,,,1,,1,1,1,,1,,,,1,,,,1,,,,,Yes ,1,,1,,,1,1,,,1,1,,,,Yes ,3,1,1,1,1,2,4,3,5,1,,,,,,,,,1,1,,,,1,,,BMDP,1,1,1,,,,1,,,,1,,,1,,,,"Yes, everyone uses the same software tool(s).",No,"Yes, I use both code I have created myself and adapt code written by others.",1,,,,,,,,1,,1,,1,1,,,,,,,,,No ,No. I would have to be present.,1,3,1,3,2,4,1,5,1,1,1,,,,,,,,,,,1,1,,1,,,,,,,1,1,1,,,,1,,,,,"Yes, I have been required to both share data and complete a data availability statement.",Yes,3,Yes,3,1,,,1,,,,,,Someone could recreate my data analysis but not cleaning/coding steps.,8+ years (but in a formats that it may become obsolete),,1,1,1,,1,,1,,,,,,,1,1,1,1,,1,,,,1,1,2,3,3,1,1,,1,,1,1,,,No,Yes,No,Yes,No,Yes,No,No,No,No,No,Yes,No,No,Yes,No,Yes,No,Yes,Yes,No,No,Yes,Yes,Yes,Yes,No,Yes,1,1,1,1,1,
83,84,Graduate Student,,1,3,Predominantly research focused university or college,, United States of America,1,8,2,5,1,0,0,1,Social and Personality Psychology,,Primarily quantitative,1,,,,,,,1,,,,1,,,,,,1,,,,,No,1,1,,,,1,,1,1,,,,1,,,,,,,,,,1,,Im not sure if my institution offers these services,Im not sure if my institution offers these services,Im not sure if my institution offers these services,3,1,1,4,3,2,4,1,1,4,5,1,1,1,5,2,2,3,3,5,3,2,1,5,1,1,,,1,,,,,No,1,,,,,,,,1,,,,,1,,1,,1,,1,,,,,,,,,,1,,1,,1,,1,,,,1,,,,,,,,1,,1,1,,,,,,,1,,,,,1,,,,No,1,,,1,,,,,,1,,,,,No,1,5,5,5,5,5,5,2,5,1,,,,,,,,,,,1,,,,,,,1,,,,,,,,,,,1,,,,,,"No, there is no standardization in terms of what software tools my lab or research group members use.","Yes, always","Yes, I primarily create my own code.",1,,,,,,,,1,,1,,,,,,,,,1,,,No ,Someone could recreate my data analysis but not cleaning/coding steps.,1,1,2,5,4,1,1,5,1,,,,,,,,,,,1,,1,,,,,,,,1,,1,,,,,,,,,1,,No,No,,No,,1,,,,,,,1,,Someone could recreate my data analysis but not cleaning/coding steps.,I dont know.,,1,,1,,1,,1,,,,,,,,,,,,,,,,5,5,4,5,5,1,1,1,1,,,,,,No,Yes,No,No,No,No,Yes,No,No,No,No,I dont know,No,No,No,I dont know,I dont know,I dont know,I dont know,I dont know,No,I dont know,I dont know,I dont know,Yes,Yes,Yes,Yes,5,4,5,5,5,
84,85,"Professor (US), Reader (UK), or equivalent",,2,20,Predominantly research focused university or college,, United Kingdom of Great Britain and Northern Ireland,1,12,6,4,2,0,0,5,Cognitive Neuroscience,,Primarily quantitative,1,,,1,1,,,1,,,,1,1,1,,,,,,,,,"Yes, though I generally do not revisit my DMPs after I submit a grant or project proposal.",1,1,,1,,1,,1,1,,,,1,,,,,,,1,1,,,,"Yes, but I have not taken advantage of it.",No,"Yes, but I have not taken advantage of it.",5,4,3,5,3,5,2,2,5,4,3,4,5,5,1,4,1,1,1,4,3,3,3,4,1,1,,,1,,,,,Yes,1,,,,,,1,1,,,1,,brain imaging,1,1,1,1,1,,1,,1,1,,1,,1,,,1,,1,1,1,1,1,1,,,1,,,,,,,,1,,1,,,,1,,,,1,,,,1,,,,,Im not sure.,1,,,,,,1,,1,,,,,,Yes ,1,5,5,4,5,5,4,3,4,1,,,,,,1,,,,1,,,,,,,,1,,,,,,1,,,,1,,,1,,,,"Some tools are used by everyone, but sometimes different people or different projects use additional tools.","Sometimes, when possible","Yes, I primarily create my own code.",1,,,,,,,,1,,1,,1,,,,,,,,,,No ,Yes. Someone could recreate both my data cleaning/coding and analysis steps.,2,2,3,5,5,2,2,3,1,,1,1,,,,,,,,,,1,1,1,1,,,,,,,1,1,,,,1,1,,,,,"Yes, I have been required to both share data and complete a data availability statement.",No,,Yes,4,1,,1,,,,,,,I am not sure.,4-8 years after the conclusion of a project,,1,1,1,1,1,,1,,1,1,,1,,1,,1,1,1,,,,,5,5,5,5,5,1,1,1,1,,1,1,,,Yes,I dont know,Yes,Yes,Yes,No,Yes,No,,No,No,Yes,No,No,No,Yes,Yes,Yes,I dont know,Yes,I dont know,Yes,I dont know,I dont know,Yes,I dont know,I dont know,I dont know,1,2,2,4,4,
85,86,Research Associate/Scientist,,1,5,Equally research/teaching focused university or college,, Germany,1,36,30,2,3,1,0,2,Social and Personality Psychology,,Primarily quantitative,1,,,,,,,,,1,,0,,,,,,,,,,,No,1,,,1,,1,,1,1,,,,1,,1,1,,1,1,1,1,,,,"Yes, but I have not taken advantage of it.",No,"Yes, but I have not taken advantage of it.",2,1,3,1,2,1,1,1,4,1,4,4,4,4,1,4,4,1,4,5,4,5,2,4,1,1,,,1,,1,,,No,1,1,,,,,,,,,1,,SoSci Survey,1,,1,,1,1,1,,1,,1,,,,,,1,1,1,,1,1,1,,,,1,,,1,,1,,,,,1,1,,,1,,,,1,1,,,1,,,,,No,1,,,1,,,,,,,,,,,No,2,3,1,1,1,2,4,3,3,1,,,,,,,,,,1,,,,,,,,1,1,,,,,,1,,,1,,,1,,,,"Some tools are used by everyone, but sometimes different people or different projects use additional tools.",No,"Yes, I use both code I have created myself and adapt code written by others.",1,,,1,,1,,,,,1,1,1,,,,,,,,,,No ,Yes. Someone could recreate both my data cleaning/coding and analysis steps.,1,1,1,1,1,5,3,5,1,,1,,,,,,,,1,,,1,1,,1,,,,,,,1,1,1,,,,1,1,,,,"Yes, I have been required to both share data and complete a data availability statement.",No,,No,,1,,,,,,,1,,"Yes, someone could recreate both my data cleaning/coding and analysis steps.",8+ years (but in a formats that it may become obsolete),,1,,1,,1,1,,,,,1,,,,,,,1,1,,,,1,1,2,3,1,1,1,1,,,,,,,No,I dont know,No,Yes,Yes,No,Yes,No,Yes,Yes,Yes,Yes,Yes,Yes,No,I dont know,Yes,Yes,I dont know,Yes,I dont know,Yes,Yes,Yes,Yes,Yes,Yes,I dont know,1,3,1,1,1,
86,87,Post-Doctoral Fellow,,1,4,Equally research/teaching focused university or college,, Italy,1,4,3,0,1,0,0,0,Social and Personality Psychology,,Primarily quantitative,1,,,1,,,,,,1,,1,,,,,,,,1,,,No,1,,1,1,,,1,1,1,,,,1,,,,,,1,1,1,,,,No,No,"Yes, and I have taken advantage of it.",3,3,2,2,5,3,5,2,1,3,5,4,1,1,1,1,3,1,1,5,5,1,2,4,1,1,,1,,,,,,No,1,1,,1,,1,,,1,1,,,,1,,1,,1,,1,,,,,,,1,,,1,,1,1,,,1,1,,,1,,,1,,1,,,,,1,1,,,,,,,1,,,,1,,,,,Not applicable,1,,,1,,,,,,1,,,,,Yes ,1,4,2,1,4,3,4,2,5,1,,,,,,,,,,1,,,1,,,,,1,,,,,,,,1,,,,,1,,,,"No, there is no standardization in terms of what software tools my lab or research group members use.",Im not sure,"Yes, I primarily create my own code.",1,,,,,,,,1,,1,,,,,1,,,,,,,No ,Someone could recreate my data analysis but not cleaning/coding steps.,2,1,3,4,4,1,2,5,1,,,,,,1,,,,,,,1,1,,1,,,,,,,1,,1,,,,1,1,,,,Im not sure.,No,,No,,1,,1,1,1,,,,,Someone could recreate my data analysis but not cleaning/coding steps.,I dont know.,,1,,1,,1,,1,,,,,,,1,,1,1,,,1,,,3,4,2,2,4,1,1,1,,1,,,,,I dont know,Yes,No,Yes,I dont know,No,No,No,I dont know,I dont know,No,No,No,No,No,Yes,Yes,I dont know,Yes,Yes,Yes,I dont know,Yes,Yes,Yes,Yes,Yes,Yes,3,4,1,2,4,
87,88,"Associate Professor  (US), Senior Lecturer (UK), or equivalent",,2,20,Equally research/teaching focused university or college,, Australia,1,4,3,1,0,0,0,2,Cognitive Psychology,,Primarily quantitative,1,,,,,,,,,1,,0,,,,,,,,,,,"Yes, though I generally do not revisit my DMPs after I submit a grant or project proposal.",1,1,,1,,,1,,1,,,,1,,,,,,1,,,,,,No,No,No,4,2,2,3,2,2,1,1,2,3,5,1,3,4,3,1,2,1,2,5,3,4,3,4,1,1,,,,,,,,No,1,,,,,,1,,,,,,,1,,1,,,,1,,,,,,,,,,1,1,1,1,1,1,1,1,,,1,,,1,,,,,,,1,1,1,,,,,,1,,,,1,,,,,Yes ,1,,1,1,1,,,,,,,,,,Yes ,2,3,2,2,3,4,4,3,4,1,1,,,,,1,,,,1,,,,,,,,1,,,,,,1,,,,1,,,,,,,"Some tools are used by everyone, but sometimes different people or different projects use additional tools.","Yes, always","Yes, I use both code I have created myself and adapt code written by others.",1,,,1,,,,,,,1,,1,,,,,,,,,,No ,Someone could recreate my data analysis but not cleaning/coding steps.,1,1,2,3,2,4,3,4,1,,,,1,,,,,,,1,,1,,,1,,,,,,,1,1,,,,,1,,,,,Im not sure.,Yes,3,Yes,4,1,1,,1,,,,,,Someone could recreate my data analysis but not cleaning/coding steps.,8+ years (but in a formats that it may become obsolete),,1,,1,,,,1,,,,,,,,,,1,1,,,,,3,2,1,2,3,1,1,,1,,,1,,,No,I dont know,Yes,No,Yes,Yes,Yes,No,No,No,No,No,No,Yes,No,Yes,Yes,Yes,Yes,Yes,No,I dont know,No,No,I dont know,I dont know,Yes,Yes,2,3,2,2,2,
88,89,Post-Doctoral Fellow,,1,9,Predominantly teaching focused university or college,, Germany,1,6,3,1,2,0,0,1,Cognitive Neuroscience,,Primarily quantitative,1,,,,,,,1,,,,1,,,,,1,,,,,,No,1,,,,,1,,,,,,,1,,,,,,,,1,,,,No,No,Im not sure if my institution offers these services,3,4,4,4,2,5,4,2,5,4,3,3,5,4,3,2,2,1,4,5,2,5,5,3,1,1,,,,,,,,Yes,1,,,,1,,,,,,,,,1,,,,,,,,,1,,,,,,,1,1,1,1,1,1,,1,,,1,,,1,,,,,,,1,1,,,1,,,,1,1,,,,,,,,Im not sure.,1,,1,1,,,,1,,,,,,,Im not sure.,1,4,5,3,4,3,4,3,3,1,,,,,,1,,,,1,,,1,,,,,1,,,,,,1,,,,1,,,,,,,"No, there is no standardization in terms of what software tools my lab or research group members use.",No,"Yes, I primarily create my own code.",1,,,,,,,,1,,1,,1,,,,,,,,,,No ,Yes. Someone could recreate both my data cleaning/coding and analysis steps.,1,1,4,5,4,3,4,4,1,1,,,1,,,1,,,,,,1,1,,1,,,,,,,1,,,,,1,,,,,,"Yes, I have been required to complete a data availability statement.",No,,No,,1,,,,,1,,,,"Yes, someone could recreate both my data cleaning/coding and analysis steps.",8+ years (but in a formats that it may become obsolete),,1,,,,,,1,,,1,,,,,,1,,1,,,,,4,4,3,5,5,1,1,,1,,,1,,,No,Yes,,Yes,Yes,No,No,No,Yes,,,,I dont know,,,Yes,,,,,,,Yes,I dont know,Yes,,I dont know,Yes,4,3,4,3,2,
89,90,"Professor (US), Reader (UK), or equivalent",,2,50,Predominantly research focused university or college,, United Kingdom of Great Britain and Northern Ireland,1,11,5,2,1,2,1,4,Cognitive Psychology,,Primarily quantitative,1,,,1,1,,,,,,,1,,1,,,,,,,,,"Yes, though I generally do not revisit my DMPs after I submit a grant or project proposal.",1,1,,1,1,1,,,1,,,,1,,,1,1,1,,,,,,,"Yes, and I have taken advantage of it.","Yes, and I have taken advantage of it.","Yes, and I have taken advantage of it.",1,1,2,1,1,1,1,1,1,1,5,3,5,5,4,5,5,4,3,5,5,4,3,5,1,1,1,,1,,,,,No,1,1,,,,,,,,,1,,custom software,1,1,1,,1,1,1,,,,,,,,,,1,1,1,1,1,,1,1,,,1,1,,1,,1,,,,,1,1,,,,,,,1,,,,1,,,,,Im not sure.,1,,,1,1,,,,1,,,,,,Im not sure.,1,1,1,1,1,1,4,5,4,1,,,,,,,,,,1,,1,,,,,,1,1,,,1,,,,,,1,,,,,,,"Some tools are used by everyone, but sometimes different people or different projects use additional tools.","Sometimes, when possible","Yes, I use both code I have created myself and adapt code written by others.",1,1,,1,,1,,,,,1,,1,,,,,,,,,,Yes,Yes. Someone could recreate both my data cleaning/coding and analysis steps.,2,3,1,2,1,5,3,5,1,,,,,,,,,,,1,,1,1,,1,,,,,,,1,1,1,,,1,1,1,,,,"Yes, I have been required to both share data and complete a data availability statement.",Yes,4,Yes,2,1,,,1,,,,,,"Yes, someone could recreate both my data cleaning/coding and analysis steps.",8+ years (and maintained so it is always accessible),,1,,1,,,1,1,,,,,,,,,1,1,,1,1,,,1,3,1,1,1,1,1,1,1,,1,1,,,No,Yes,No,Yes,Yes,No,I dont know,No,No,Yes,I dont know,No,No,Yes,Yes,No,Yes,Yes,No,I dont know,No,No,Yes,I dont know,I dont know,I dont know,Yes,Yes,1,1,3,1,3,
90,91,"Assistant Professor (US), Lecturer (UK), or equivalent",,2,19,Medical school or health sciences center,, United States of America,1,35,10,3,2,20,0,5,Clinical Psychology,,Primarily quantitative,1,1,,1,1,,,1,,,,1,1,1,,,,,,,,,"Yes, and I generally revist my DMPs throughout the course of a project.",1,1,1,1,1,1,,,,,,,1,1,1,,,1,,,,,,,"Yes, but I have not taken advantage of it.","Yes, and I have taken advantage of it.","Yes, but I have not taken advantage of it.",3,3,4,2,3,1,2,2,1,3,5,5,5,5,3,3,2,3,2,3,3,4,3,5,1,1,1,1,1,1,1,,,Yes,1,1,,,,,1,1,,,,,,1,1,1,1,1,1,1,1,1,1,,,,,,,1,1,1,1,1,1,1,1,,,1,,,,,,,,1,,1,1,,1,1,,,,1,1,1,1,,,,,,No,1,1,1,1,,,,1,,,,,,,No,1,3,5,4,5,5,4,4,5,1,,,,,,1,,,,1,,,,,,,,1,,,,,,1,,,,1,,,,,,,"No, there is no standardization in terms of what software tools my lab or research group members use.","Sometimes, when possible","Yes, I primarily adapt code written by others.",1,,,,,,,,1,,1,,1,,,,,,,,,,No ,Someone could recreate my data analysis but not cleaning/coding steps.,3,4,5,5,5,4,3,5,1,1,,,,,,,,,,,,1,,,,1,,,,,,1,1,,1,,,,1,,,,"Yes, I have been required to complete a data availability statement.",Yes,3,Yes,3,1,,,1,,,,,,Someone could recreate my data analysis but not cleaning/coding steps.,8+ years (but in a formats that it may become obsolete),,1,1,1,1,1,1,1,1,1,1,,,,,1,1,1,1,1,1,,,4,4,1,2,5,1,1,,1,,1,1,,,Yes,I dont know,I dont know,I dont know,I dont know,I dont know,I dont know,Yes,Yes,I dont know,Yes,I dont know,I dont know,No,I dont know,Yes,I dont know,I dont know,I dont know,I dont know,Yes,Yes,I dont know,Yes,I dont know,I dont know,Yes,I dont know,3,4,4,4,2,
91,92,"Assistant Professor (US), Lecturer (UK), or equivalent",,2,12,Predominantly research focused university or college,, Canada,1,4,1,3,0,0,0,12,Social and Personality Psychology,,A mix of quantitative and qualitative,1,,,1,,,,,,,,1,1,1,,,,,,,,,No,1,1,1,1,1,1,1,,1,,,,1,1,,,,1,,,1,,,,No,No,No,4,1,1,1,3,1,1,5,5,1,4,3,3,3,5,1,5,1,3,5,5,3,1,3,1,1,,,1,,1,,,Yes,1,,,,,,,,,,1,,Opinio,1,1,1,1,1,1,,,,,,,,,,,1,,,,1,,,1,,,1,,,1,,,,,,,1,1,,1,,,,,1,,,,1,,,,,No,1,,1,1,,,,,,1,,,,,Im not sure.,1,1,1,1,1,1,3,2,4,1,,,,,,,,,,1,,,,,,,,1,1,,,,,,1,,,1,,,1,,,,"Some tools are used by everyone, but sometimes different people or different projects use additional tools.",No,"Yes, I primarily adapt code written by others.",1,,,1,,,,,,,1,,,,,,,,,,1,Record in the syntax files of my analysis,Yes,Someone could recreate my data analysis but not cleaning/coding steps.,1,2,1,1,1,4,2,5,1,,1,,,1,1,,,,,,,1,,,1,,,,,,,1,,,,,,1,1,,,,"Yes, I have been required to complete a data availability statement.",Yes,3,Yes,5,1,1,,,1,,,,,Someone could recreate my data analysis but not cleaning/coding steps.,8+ years (and maintained so it is always accessible),,1,,,,1,1,,,,,,,,,,,,,1,,,,3,3,3,3,3,1,1,,,,,,,,Yes,Yes,Yes,Yes,Yes,No,No,No,I dont know,Yes,No,Yes,No,I dont know,Yes,Yes,Yes,Yes,Yes,I dont know,Yes,I dont know,Yes,No,Yes,Yes,I dont know,Yes,1,3,3,3,5,
92,93,Post-Doctoral Fellow,,1,11,Other (Please describe),Research Institute, Italy,1,7,1,2,2,1,1,4,Biopsychology or Behavioral Neuroscience,,A mix of quantitative and qualitative,1,1,,,,,,1,,,,1,,,,,1,,,,,,"Yes, and I generally revist my DMPs throughout the course of a project.",1,1,,,1,1,,,1,,,,1,,,,,1,,,1,,,,"Yes, but I have not taken advantage of it.","Yes, but I have not taken advantage of it.","Yes, and I have taken advantage of it.",4,3,4,3,3,3,4,4,4,4,5,4,5,3,4,3,5,3,4,4,4,5,5,4,1,1,1,1,,,1,,,Yes,1,1,,,1,,1,,,,,,,1,1,1,1,1,1,1,1,1,1,1,,1,1,1,tdcs,1,1,,1,1,1,1,1,,,1,,,,,1,1,,,,1,1,1,1,1,,,,1,1,,1,,,,,,Yes ,1,,,1,,,1,,,,,,,,Yes ,2,3,1,1,1,1,5,4,4,1,1,,,,,,,,,1,1,1,,,,,,1,1,,,,,,,,,1,1,1,,,,,"Some tools are used by everyone, but sometimes different people or different projects use additional tools.","Sometimes, when possible","Yes, I primarily create my own code.",1,,,,,1,1,,,,1,1,1,1,,,,,,,,,Yes,Yes. Someone could recreate both my data cleaning/coding and analysis steps.,2,2,1,1,1,4,4,4,1,,1,,1,,,,,,,,,1,1,,,,1,,,,,1,1,1,,,,1,1,,,,"Yes, I have been required to share data.	 ",No,,Yes,3,1,1,,,1,,,,,"Yes, someone could recreate both my data cleaning/coding and analysis steps.",8+ years (but in a formats that it may become obsolete),,1,,1,1,1,1,1,,1,1,,,1,,,,,1,,,,,1,2,1,1,1,1,1,1,,1,,,,,No,Yes,No,Yes,Yes,No,Yes,No,I dont know,No,No,Yes,No,No,Yes,Yes,Yes,Yes,Yes,Yes,No,Yes,Yes,No,Yes,Yes,Yes,Yes,1,1,1,1,1,
93,94,Research Associate/Scientist,,2,12,Predominantly research focused university or college,, United States of America,1,24,6,5,7,6,0,1,Clinical Psychology,,Primarily quantitative,1,1,,,1,,,1,1,,Gifts from families,1,,1,,1,,,,,1,Research Associate,"Yes, and I generally revist my DMPs throughout the course of a project.",1,1,1,,,1,,1,1,,,,1,,,,,1,1,,,,,,Im not sure if my institution offers these services,"Yes, but I have not taken advantage of it.","Yes, and I have taken advantage of it.",1,1,3,2,1,1,1,1,1,1,1,2,1,1,2,2,4,2,2,5,5,4,2,5,1,1,1,,1,1,1,,,Yes,1,,,1,,1,1,1,1,1,,,,1,1,1,1,1,1,1,,,,,1,,,,,1,1,1,1,1,1,1,,,,1,,,1,,,,,,,1,1,1,,,,1,Institutional OneDrive,1,,,1,1,,,,,No,1,,1,,,,,,,1,,1,,I use both an institutional cloud service - OneDrive - and personal cloud servicess (Google Drive Stream) depending on the project,Im not sure.,1,3,3,3,3,3,3,2,5,1,,,,,,,,,,1,,,,,,,,1,1,,,,,1,,1,,1,,,1,,,,"Some tools are used by everyone, but sometimes different people or different projects use additional tools.","Sometimes, when possible","Yes, I primarily create my own code.",1,,,1,,,,,,,1,,,,,1,1,,1,,,,No ,Yes. Someone could recreate both my data cleaning/coding and analysis steps.,2,2,2,2,2,4,2,5,1,,,,,,,,,1,,,"I share data relevant to a paper. If for example there are variables that are part of a dataset but have never been analyzed, I do not necessarily share them. ",1,1,,1,,,,,,,1,1,1,,,,1,,,,,"Yes, I have been required to complete a data availability statement.",Yes,,Yes,5,1,,,,1,,,,,"Yes, someone could recreate both my data cleaning/coding and analysis steps.",8+ years (and maintained so it is always accessible),,1,,,1,1,1,1,,,,,1,,,1,1,1,1,,,,,3,2,3,3,3,1,1,1,1,,,1,,,No,Yes,Yes,Yes,Yes,No,Yes,No,Yes,Yes,Yes,Yes,No,No,No,Yes,Yes,Yes,I dont know,Yes,Yes,Yes,Yes,Yes,Yes,I dont know,I dont know,I dont know,3,3,3,3,3,
94,95,"Assistant Professor (US), Lecturer (UK), or equivalent",,1,9,Equally research/teaching focused university or college,, Iceland,1,5,4,0,0,1,0,1,Cognitive Psychology,,Primarily quantitative,1,,,,,,,,,1,,0,,,,,,,,,,,No,1,1,1,,,1,,,1,,,,1,,,,,1,,,1,,,,No,No,No,1,1,1,3,3,3,1,1,1,3,5,3,1,3,1,1,3,1,3,5,5,3,3,4,1,1,,,1,,,,,No,1,,,,,1,,,,1,1,,jspsych,1,1,1,,1,,1,,,1,,1,,1,,,1,1,1,1,1,1,1,1,,,1,,,1,,1,,,,,1,1,1,,1,,,,1,1,1,,,,,,,Yes ,1,1,,,,,,,1,,,,,,Yes ,1,3,3,1,2,2,3,3,4,1,,,,,,,,,,1,,,,,,,,1,,,,,,,,,,,,,1,,,,"Yes, everyone uses the same software tool(s).","Sometimes, when possible","Yes, I primarily create my own code.",1,,,1,,1,,,,,1,,,,,,,,,,1,Code comments,Not applicable,Yes. Someone could recreate both my data cleaning/coding and analysis steps.,1,1,2,2,1,3,3,4,0,,,,,,,,,,,,,1,1,,1,,,,,,,1,1,1,,,,1,1,,,,No,Yes,4,No,,1,,,1,,1,,,,"Yes, someone could recreate both my data cleaning/coding and analysis steps.",8+ years (but in a formats that it may become obsolete),,1,1,1,,1,,1,,,1,,1,,1,1,1,1,1,,,,,2,2,3,4,4,1,1,1,1,,,,,,No,No,No,Yes,No,No,Yes,No,No,Yes,No,Yes,No,No,No,I dont know,Yes,No,I dont know,Yes,I dont know,No,Yes,Yes,Yes,Yes,I dont know,Yes,1,1,1,2,2,
95,96,"Assistant Professor (US), Lecturer (UK), or equivalent",,2,13,Predominantly research focused university or college,, United States of America,1,9,5,1,0,3,0,1,Developmental Psychology,,Primarily quantitative,1,,1,,1,,,,,,,1,1,,,,,,,,,,"Yes, and I generally revist my DMPs throughout the course of a project.",1,1,,,,1,,,,,,,1,,,,1,1,,,,,,,Im not sure if my institution offers these services,Im not sure if my institution offers these services,"Yes, and I have taken advantage of it.",5,4,5,5,3,4,3,,1,3,5,5,3,3,3,3,3,1,3,5,4,3,3,5,1,,1,,1,,1,,,Yes,1,1,,,,,,,1,1,1,,"JsPsych, Adobe LiveCycle forms",1,1,1,,1,,1,,1,,,,,1,,,1,1,1,1,1,1,1,1,,,1,,,,,,,,1,,1,,1,,,,,,1,1,1,,1,,,,,Yes ,1,1,1,,,,,,1,1,,,,,Yes ,1,2,4,4,4,5,4,4,4,1,1,,,,,,1,,,1,,,1,,,,,1,1,,,,,,1,,,1,,,1,,,,"Some tools are used by everyone, but sometimes different people or different projects use additional tools.",No,"Yes, I use both code I have created myself and adapt code written by others.",1,,,1,,,,,,,1,,,1,,,,,,,,,No ,Someone could recreate my data analysis but not cleaning/coding steps.,1,2,3,5,4,4,4,4,1,1,1,1,,,,,,,,,,1,,,1,,,,,,,1,1,1,,,,1,,,,,"Yes, I have been required to complete a data availability statement.",No,,Yes,3,1,,,,,,,1,,Someone could recreate my data analysis but not cleaning/coding steps.,4-8 years after the conclusion of a project,,1,1,1,,1,,1,,1,,,,,,,1,1,,1,,,,4,4,4,5,5,1,1,1,1,,1,1,,,No,I dont know,No,Yes,No,Yes,Yes,I dont know,No,No,No,Yes,No,No,No,I dont know,Yes,I dont know,Yes,Yes,I dont know,I dont know,I dont know,I dont know,Yes,I dont know,I dont know,No,4,4,5,5,4,
96,97,Post-Doctoral Fellow,,1,10,Predominantly research focused university or college,, United States of America,1,18,8,3,6,1,0,5,Developmental Psychology,,Primarily quantitative,1,,,,,,,,1,,ERC,1,1,,,,,,,,,,"Yes, and I generally revist my DMPs throughout the course of a project.",1,1,,1,,1,,1,1,,,,1,1,,1,,1,,1,1,,,,"Yes, and I have taken advantage of it.","Yes, and I have taken advantage of it.","Yes, and I have taken advantage of it.",1,1,1,1,1,1,1,1,3,1,5,4,5,3,5,4,4,3,5,5,5,4,2,4,1,,1,,1,,,,,Yes,1,,,,,,,,,1,,,,1,1,1,,,,1,,,,,,,,,,1,1,,1,,1,1,1,,,1,,1,,,,,,,,1,,1,,1,,,,1,,,,,1,,,,Yes ,1,,1,,,1,,,,,,,,,Im not sure.,2,3,3,3,4,4,4,1,4,1,,,,,,,,,,1,,,,,,,,1,,,,,,,,,,,,,1,,,,"Some tools are used by everyone, but sometimes different people or different projects use additional tools.",No,"Yes, I primarily create my own code.",1,,1,,,1,,,,,1,,,,,,1,,,,,,Yes,Yes. Someone could recreate both my data cleaning/coding and analysis steps.,2,4,3,4,4,3,1,4,1,,1,,,,,,,,,,,1,1,,,1,,,,,,1,1,1,,,1,1,1,,,,"Yes, I have been required to both share data and complete a data availability statement.",Yes,3,Yes,5,1,1,1,1,,,,,,"Yes, someone could recreate both my data cleaning/coding and analysis steps.",Other (Please describe),no limit,1,,,,,,1,,,,,,,,,,,1,1,,,,4,4,3,5,4,1,1,,1,,,,,,No,Yes,Yes,Yes,Yes,Yes,Yes,No,No,Yes,Yes,Yes,No,No,No,Yes,Yes,Yes,Yes,Yes,Yes,I dont know,Yes,Yes,Yes,Yes,No,I dont know,4,4,4,3,4,
97,98,Post-Doctoral Fellow,,1,10,Predominantly research focused university or college,, Canada,1,25,10,5,4,2,4,2,Cognitive Psychology,,Primarily quantitative,1,,,1,1,,,,,,,1,,,,,1,,,,,,"Yes, though I generally do not revisit my DMPs after I submit a grant or project proposal.",1,1,1,,,1,1,,1,,,,1,1,1,1,,,1,,1,,,,Im not sure if my institution offers these services,Im not sure if my institution offers these services,Im not sure if my institution offers these services,2,2,3,2,1,3,2,2,1,2,5,4,4,2,3,3,4,2,3,5,5,4,2,5,1,1,,,1,,,,,No,1,1,,1,,1,1,,1,1,,,,1,1,1,,1,,1,1,1,1,,1,,,,,1,1,1,1,1,1,1,1,,,1,,1,1,,,1,,,,1,,1,,,,,,1,,1,,,,,,,No,1,1,1,,1,,,1,,1,,,,,Yes ,3,2,3,4,4,4,4,3,5,1,1,1,,,,1,,,,1,,,1,,,,,1,1,1,,,,1,,,,1,,,1,,,,"No, there is no standardization in terms of what software tools my lab or research group members use.",No,"Yes, I use both code I have created myself and adapt code written by others.",1,,,1,,,,,,,1,1,,,,1,,,1,,,,Yes,Someone could recreate my data analysis but not cleaning/coding steps.,2,3,3,4,3,5,3,5,0,,,,,,,,,,,,,1,,,1,,,,,,,1,1,1,1,,,1,1,,,,"Yes, I have been required to both share data and complete a data availability statement.",Yes,1,Yes,5,1,,,,,,,1,,Someone could recreate my data analysis but not cleaning/coding steps.,8+ years (and maintained so it is always accessible),,1,,,,1,,1,,,1,,,,,,,,,,,,,3,4,4,4,4,1,1,1,1,,,1,,,No,I dont know,Yes,Yes,Yes,No,Yes,No,No,No,No,Yes,No,No,No,Yes,Yes,Yes,I dont know,Yes,I dont know,I dont know,Yes,Yes,Yes,Yes,Yes,Yes,2,4,3,3,5,
98,99,Research Associate/Scientist,,2,18,Equally research/teaching focused university or college,, United States of America,1,2,2,0,0,0,0,5,Cognitive Psychology,,Primarily quantitative,1,1,,,,,,1,,,,1,,1,,,,,,,,,"Yes, though I generally do not revisit my DMPs after I submit a grant or project proposal.",1,1,,1,,1,,,1,,,,1,,,,,1,,,1,,,,Im not sure if my institution offers these services,Im not sure if my institution offers these services,"Yes, and I have taken advantage of it.",3,5,2,4,4,4,4,2,3,3,4,3,2,4,2,3,2,2,3,3,3,2,2,4,1,1,,,,,,,,Yes,1,1,,,1,,1,,,,,,,1,,1,,,,1,,1,1,,,,1,,,1,1,1,1,,1,,1,,,1,,,,,,,,1,,1,1,1,,,,,,1,1,,,1,,,,,Im not sure.,1,,1,,1,,,1,1,,,,,,Yes ,2,2,3,2,2,3,3,3,5,1,1,,,,,1,,,,1,,,1,,,,,1,1,,,,,1,,,,,,,1,,,,"No, there is no standardization in terms of what software tools my lab or research group members use.","Sometimes, when possible","Yes, I use both code I have created myself and adapt code written by others.",1,,,,,,,,1,,1,,1,,,,,,,,,,No ,Someone could recreate my cleaning/coding but not analysis steps.,2,4,2,4,3,1,2,3,1,1,,,,,,1,,,,,,1,,,,,,,,1,,1,,,,,,,,,1,,Im not sure.,No,,Yes,1,1,,,,,,,1,,"No, I would have to be present.",8+ years (but in a formats that it may become obsolete),,1,,1,,,,1,,1,1,,,,1,1,1,1,1,1,1,,,3,4,3,4,4,1,1,,1,,,1,,,No,No,No,Yes,No,No,Yes,No,No,Yes,Yes,No,No,No,No,I dont know,Yes,I dont know,I dont know,Yes,No,I dont know,I dont know,Yes,I dont know,I dont know,No,I dont know,2,3,4,4,3,
99,100,Post-Doctoral Fellow,,1,10,Predominantly research focused university or college,, United States of America,1,14,10,1,3,0,0,2,Developmental Psychology,,Primarily quantitative,1,1,,,,,,1,,,,1,,,,,1,,,,,,No,1,1,1,1,,1,1,1,,,,,1,,1,1,,,,1,,,,,"Yes, but I have not taken advantage of it.","Yes, but I have not taken advantage of it.","Yes, but I have not taken advantage of it.",4,2,5,4,2,2,4,2,1,3,5,3,3,2,4,3,2,3,5,4,3,2,2,4,1,1,1,1,1,,,,,Yes,1,,,1,,,,,1,,,,,1,1,1,,1,1,1,,,,,,,,,,1,1,1,1,1,1,1,,,,1,,,1,,1,,,,,1,1,1,,1,,,,1,,,,1,1,,,,Im not sure.,1,1,1,1,1,1,,1,,1,,,,,Im not sure.,2,4,5,2,5,3,2,2,4,1,1,,,,,,1,,,1,,,1,,,,,1,1,,,,,,1,,,1,,,1,,,,"Some tools are used by everyone, but sometimes different people or different projects use additional tools.","Sometimes, when possible","Yes, I use both code I have created myself and adapt code written by others.",1,,,1,,1,,,,,1,1,,,,,,,,,,,No ,Someone could recreate my cleaning/coding but not analysis steps.,2,1,4,4,3,4,3,5,1,1,1,,1,,,,,,,,,1,,,,,,,,1,,1,1,1,,,1,1,,,,,"Yes, I have been required to both share data and complete a data availability statement.",No,,No,,1,,,,,,,1,,"Yes, someone could recreate both my data cleaning/coding and analysis steps.",8+ years (but in a formats that it may become obsolete),,1,1,1,,1,,,,,,,,,,,1,1,,1,,,,3,3,2,3,5,1,1,,1,,1,1,,,No,Yes,No,No,Yes,No,No,No,No,Yes,Yes,Yes,No,No,No,Yes,Yes,Yes,I dont know,I dont know,I dont know,Yes,Yes,Yes,Yes,Yes,Yes,I dont know,2,3,2,3,3,
100,101,"Assistant Professor (US), Lecturer (UK), or equivalent",,1,8,Predominantly research focused university or college,, United States of America,1,6,4,1,0,1,0,4,Industrial/Organizational Psychology,,A mix of quantitative and qualitative,1,,,,1,1,,1,,,,1,1,1,,,,,,,,,"Yes, though I generally do not revisit my DMPs after I submit a grant or project proposal.",1,1,1,1,1,1,1,,1,,,,1,,,,,1,,,1,,,,"Yes, and I have taken advantage of it.","Yes, and I have taken advantage of it.","Yes, and I have taken advantage of it.",4,3,3,3,2,2,2,2,4,3,3,5,3,4,3,3,4,3,3,5,5,3,3,4,1,1,,,1,1,1,,,No,1,1,,,,,1,,1,,,,,1,,1,,1,1,1,1,,,1,,,1,,,1,1,1,1,1,1,1,1,,,1,,,1,,,,,,,1,,1,1,1,,,,1,1,1,1,,,,,,No,1,,,,,,1,,,1,,,,,Yes ,2,4,4,5,5,5,3,,4,1,1,,,1,,1,1,,,1,,,,,,,,1,1,,,,,,1,,,1,,,1,,,,"Some tools are used by everyone, but sometimes different people or different projects use additional tools.","Sometimes, when possible","Yes, I use both code I have created myself and adapt code written by others.",1,,,1,,,,,,,1,,1,,,,,,,,,,No ,Yes. Someone could recreate both my data cleaning/coding and analysis steps.,2,2,2,3,3,2,2,4,1,1,,,,,1,1,,,,,,1,,,1,,,,,,,1,,1,,,,1,,,,,"Yes, I have been required to complete a data availability statement.",Yes,4,No,,1,,1,,,,,,,"Yes, someone could recreate both my data cleaning/coding and analysis steps.",8+ years (but in a formats that it may become obsolete),,1,,1,,1,1,1,1,,,1,,,1,1,1,1,1,1,1,,,3,4,4,5,5,1,1,1,1,,,,,,I dont know,I dont know,No,No,No,No,Yes,No,No,No,No,Yes,Yes,No,No,I dont know,Yes,I dont know,I dont know,Yes,I dont know,I dont know,Yes,I dont know,Yes,Yes,I dont know,I dont know,2,2,2,2,3,
101,102,Graduate Student,,1,4,Predominantly research focused university or college,, United States of America,1,15,10,4,0,1,0,3,Other (Please describe),Evolutionary psychology ,Primarily quantitative,1,,,,,,,1,,1,,1,,,,,,1,,,,,No,1,1,,1,1,1,1,1,1,,,,1,1,1,1,1,1,1,1,1,,,,"Yes, but I have not taken advantage of it.",Im not sure if my institution offers these services,"Yes, and I have taken advantage of it.",3,4,3,3,2,3,2,3,2,2,4,2,2,2,3,3,3,2,1,5,5,2,2,4,1,1,,,1,,1,,,No,1,,,,,1,,,1,,,,,1,,1,,1,,1,,,,,1,,1,,,1,,1,1,1,1,1,,,,1,,,,,,,,1,,1,1,1,,,,,,1,,,,1,,,,,No,1,,,,,,,,,1,1,,,,No,1,1,3,2,4,4,3,2,5,1,1,1,,,,1,1,,,1,,,1,,,,,1,,,,,,,1,,,,,,1,,,,"Some tools are used by everyone, but sometimes different people or different projects use additional tools.",No,"Yes, I use both code I have created myself and adapt code written by others.",1,,1,1,,,,1,,Email,1,,,,,1,1,,,,,,No ,Yes. Someone could recreate both my data cleaning/coding and analysis steps.,4,4,3,4,4,2,3,5,1,,,,,,1,,,,1,,,1,1,,1,1,,,,,,1,1,1,1,,,1,1,,,,"Yes, I have been required to both share data and complete a data availability statement.",Yes,3,Yes,1,1,,,1,1,,,,,"Yes, someone could recreate both my data cleaning/coding and analysis steps.",I dont know.,,1,,,,1,,,,,,,,,1,,,1,1,1,,,,4,4,2,2,4,1,1,1,1,1,,,,,Yes,Yes,No,Yes,No,Yes,Yes,Yes,No,No,No,Yes,No,Yes,No,Yes,Yes,Yes,Yes,Yes,Yes,No,Yes,Yes,Yes,Yes,Yes,Yes,4,4,4,4,5,
102,103,Research Assistant (including undergraduate RA),,1,3,Equally research/teaching focused university or college,, Hungary,1,10,7,1,1,1,0,5,Cognitive Psychology,,Primarily quantitative,1,,,1,1,,,,,,,1,,,,,,,1,,,,"Yes, and I generally revist my DMPs throughout the course of a project.",1,1,1,1,1,1,,1,1,,,,1,,,1,1,1,1,1,1,,,,No,No,No,2,3,4,4,1,5,1,1,1,2,5,5,4,5,4,2,4,1,5,5,5,4,2,5,1,1,,,1,,,,,No,1,,,,,,,,1,1,1,,Opensesame,1,,1,,1,,1,,,,,,,,,,1,1,1,1,1,1,1,1,,,1,,1,1,1,,,,,,1,,1,,1,,,,1,1,1,1,,,,,,No,1,,,,,,,,,1,,,,,Yes ,1,4,2,3,2,2,4,2,5,1,1,1,,,,,,,,1,,,1,,,,,1,,1,,,,,,,,,,,1,,,,"Yes, everyone uses the same software tool(s).",No,"Yes, I primarily create my own code.",1,,1,1,,,,,,,1,,,1,,,1,,,,,,Yes,Yes. Someone could recreate both my data cleaning/coding and analysis steps.,3,3,4,3,2,4,2,5,1,,1,,,,,,,,,,,1,,,1,,,,,,,1,1,1,1,,1,1,1,,,,"Yes, I have been required to both share data and complete a data availability statement.",I don't know.,,No,,1,,,,,,,1,,"Yes, someone could recreate both my data cleaning/coding and analysis steps.",8+ years (and maintained so it is always accessible),,1,,,,1,,1,,,,,,,,,,,1,1,,,,1,1,2,4,3,1,1,1,1,,,,,,I dont know,Yes,Yes,Yes,,,Yes,Yes,,Yes,Yes,Yes,Yes,Yes,Yes,,,Yes,Yes,,Yes,No,,,,,,,1,1,1,2,3,
103,104,Post-Doctoral Fellow,,1,10,Medical school or health sciences center,, Spain,1,12,1,3,2,5,1,6,Health Psychology,,Primarily quantitative,1,,,1,,,,,,,,1,,,,,1,,,,,,No,1,1,1,1,1,1,1,1,1,,,,1,,,,,1,,,1,,,,Im not sure if my institution offers these services,Im not sure if my institution offers these services,Im not sure if my institution offers these services,4,4,2,4,5,3,1,1,5,3,5,5,5,5,3,3,4,1,5,5,5,5,3,5,1,1,1,1,1,,1,,,Yes,1,1,,1,,,,,1,,,,,1,,1,1,1,1,1,,,1,,,,,,,1,1,1,1,1,1,1,1,,,1,,,1,,,,,,,1,,1,,,,,,1,,,,1,,,,,Im not sure.,1,,1,,,,,,,1,,,,,Im not sure.,2,5,4,5,3,3,4,3,5,1,1,,,1,,1,1,1,,1,,,1,,,,,1,1,,,,,,,,,1,,,1,,,,"Some tools are used by everyone, but sometimes different people or different projects use additional tools.",No,"Yes, I use both code I have created myself and adapt code written by others.",1,,,1,,,,,,,1,,,,,,,,,,1,I make notes within my analysis code,Not applicable,Yes. Someone could recreate both my data cleaning/coding and analysis steps.,1,1,1,4,5,3,2,5,1,,1,1,,,1,,,,,,,1,1,,1,,,,,,,1,1,1,,,,1,1,,,,No,No,,Yes,5,1,,1,,,,,,,"Yes, someone could recreate both my data cleaning/coding and analysis steps.",8+ years (but in a formats that it may become obsolete),,1,,1,1,1,1,1,1,1,1,,,,,,,1,,1,1,,,5,5,4,5,5,1,1,,1,,,,,,No,Yes,No,Yes,Yes,No,No,No,No,No,No,Yes,No,No,No,I dont know,Yes,Yes,Yes,Yes,I dont know,I dont know,I dont know,Yes,Yes,I dont know,I dont know,I dont know,1,4,5,5,5,
104,105,Research Associate/Scientist,,1,4,Commercial organization,, United States of America,1,6,0,0,1,4,1,0,Industrial/Organizational Psychology,,A mix of quantitative and qualitative,1,,,,,,,1,,,,1,,1,,,,,,1,,,"Yes, and I generally revist my DMPs throughout the course of a project.",1,1,1,,,1,1,,,,,,1,,1,,,1,,1,,,,,No,No,No,5,1,5,5,5,5,5,3,5,4,5,5,4,5,3,4,3,3,4,5,5,3,4,5,1,,,,1,,,,,No,1,,,1,,,,,1,,,,,1,,1,,1,1,1,,,,,,,,,,1,,,1,1,,1,,,,1,,1,1,,,,,,,1,1,1,,,,,,1,,,,1,,,,,Yes ,1,,,,,,,,,1,,,,,Yes ,2,4,4,5,5,5,3,4,5,1,,,,,,1,,1,,1,1,,1,,,,,1,,,,,,1,,,,1,,,1,,,,"Some tools are used by everyone, but sometimes different people or different projects use additional tools.","Yes, always","Yes, I use both code I have created myself and adapt code written by others.",1,,,1,,,1,,,,1,,,,,,,,,1,,,No ,No. I would have to be present.,2,3,3,5,5,1,3,3,1,,1,,,1,,,,,,,,1,,,1,,,,,,,1,,,1,,,,,,,,No,No,,No,,1,,,,,,,1,,"Yes, someone could recreate both my data cleaning/coding and analysis steps.",I dont know.,,1,,,,,,,,,,,,,,,,,,1,,,,4,5,5,5,5,1,1,1,,,,,,,Yes,Yes,No,No,No,No,No,Yes,No,No,No,Yes,No,No,No,I dont know,Yes,Yes,Yes,Yes,Yes,No,No,No,Yes,Yes,I dont know,I dont know,5,2,,3,5,
105,106,Research Associate/Scientist,,1,8,Predominantly research focused university or college,, United States of America,1,7,2,2,0,3,0,3,Industrial/Organizational Psychology,,A mix of quantitative and qualitative,1,,1,1,,,,,,,,1,,1,,,,1,,,,,"Yes, though I generally do not revisit my DMPs after I submit a grant or project proposal.",1,1,,1,,1,,,1,,,,1,,,1,,,,,1,,,,"Yes, but I have not taken advantage of it.",Im not sure if my institution offers these services,Im not sure if my institution offers these services,5,5,5,3,5,5,4,4,4,4,5,5,5,5,3,3,5,2,5,5,5,3,2,5,1,1,1,1,1,,,,,No,1,,,,,,,,1,,1,,video/audio,1,1,1,,1,1,1,1,,,,1,,1,,,1,1,1,1,1,1,1,1,,,1,1,,,,,,,,,1,1,1,1,1,,,,1,1,1,,,,,,,Yes ,1,1,1,1,1,1,1,1,1,1,,,,,Yes ,3,5,5,1,2,2,3,3,5,1,1,1,,,,,,1,,,,,1,,,,,1,1,1,,,,,,1,,,,,1,,,,"Some tools are used by everyone, but sometimes different people or different projects use additional tools.","Yes, always","Yes, I use both code I have created myself and adapt code written by others.",1,,,,,,,,1,,1,,1,,,,,,,,,,No ,Someone could recreate my data analysis but not cleaning/coding steps.,5,5,5,5,5,2,4,5,1,1,1,,,,1,,,,,,,1,1,1,,,,,,,,1,1,1,1,,1,1,,,,,No,Yes,1,No,,1,1,,1,1,,,,,Someone could recreate my data analysis but not cleaning/coding steps.,4-8 years after the conclusion of a project,,1,1,1,,1,1,1,1,,,,1,,1,1,1,1,1,1,1,,,5,5,1,4,5,1,1,1,1,,,,,,Yes,Yes,No,Yes,No,Yes,Yes,Yes,No,No,No,No,No,No,No,Yes,Yes,Yes,Yes,Yes,Yes,No,Yes,Yes,Yes,Yes,Yes,Yes,3,3,5,5,5,
106,107,Post-Doctoral Fellow,,2,14,Predominantly teaching focused university or college,, United States of America,1,8,7,0,1,0,0,2,Developmental Psychology,,Primarily quantitative,1,,,,1,,,,,,,1,,,,,1,,,,,,No,1,1,1,1,1,1,1,1,1,,,,1,1,,,,1,1,1,,,,,No,No,No,3,2,3,2,3,3,2,2,2,3,5,3,3,5,3,2,3,2,2,4,3,3,3,4,1,1,1,,1,,,,,Yes,1,,,,,,,,1,,,,,1,1,1,,1,,1,,,,,,,,,,1,1,1,1,1,1,1,1,,,1,,,1,,1,,,,,1,1,1,,,,,,1,,,1,1,1,,,,No,1,1,1,1,1,1,,,,1,,,,,No,More than 3,3,3,1,3,3,3,3,4,1,,,,,,,1,,,,,,1,,,,,1,,,,,,,,,,,,,1,,,,"No, there is no standardization in terms of what software tools my lab or research group members use.","Sometimes, when possible","Yes, I use both code I have created myself and adapt code written by others.",1,,,1,,1,,,,,1,,1,1,,,,,1,,,,No ,Yes. Someone could recreate both my data cleaning/coding and analysis steps.,2,2,2,3,3,3,2,4,1,1,1,1,1,,1,1,,,,,,1,1,,1,,,,,,,1,1,1,1,,1,1,1,,,,"Yes, I have been required to complete a data availability statement.",Yes,3,No,,1,1,,1,1,,,,,I am not sure.,8+ years (but in a formats that it may become obsolete),,1,1,1,,1,,1,,,,,,,,1,1,1,1,1,1,,,3,3,4,4,4,1,1,1,1,,1,1,,,Yes,I dont know,No,No,Yes,No,Yes,No,Yes,Yes,No,No,No,Yes,No,Yes,Yes,Yes,Yes,Yes,Yes,Yes,Yes,Yes,Yes,Yes,Yes,Yes,3,3,3,3,2,
107,108,"Professor (US), Reader (UK), or equivalent",,2,22,Predominantly research focused university or college,, United States of America,1,48,45,2,0,0,1,1,Social and Personality Psychology,,Primarily quantitative,1,,1,,1,,,,,,,1,1,,,,,,,,,,"Yes, though I generally do not revisit my DMPs after I submit a grant or project proposal.",1,1,,1,,1,1,1,1,,,,1,,,1,1,1,1,1,,,,,Im not sure if my institution offers these services,"Yes, but I have not taken advantage of it.",Im not sure if my institution offers these services,4,2,1,2,4,1,1,1,2,1,4,5,2,2,3,1,5,2,3,5,5,2,1,5,1,1,,,1,,,,,No,1,,,,,,,,1,,,,,1,1,1,,1,1,1,,,,,,,,,,1,1,,,1,,1,1,,,1,,,1,,,,,,,1,,1,,,,,,1,1,1,1,,,,,,Yes ,1,1,1,1,1,,,,,,,,,,Im not sure.,2,3,3,3,3,3,3,2,5,1,,,,,,,,,,1,,,,,,,,1,,,,1,,,1,,,,,,1,,,,"Yes, everyone uses the same software tool(s).",Im not sure,"Yes, I primarily create my own code.",1,,,1,,,,,,,1,,,1,,,,,,,,,Yes,Someone could recreate my data analysis but not cleaning/coding steps.,4,5,3,2,4,5,3,5,1,,1,,,,,,,,,,,1,,,1,,,,,,,1,,1,,,,1,,,,,"Yes, I have been required to both share data and complete a data availability statement.",No,,Yes,5,1,,,,,,,1,,Someone could recreate my data analysis but not cleaning/coding steps.,8+ years (but in a formats that it may become obsolete),,1,1,1,,1,,1,,,,,,,,1,,,,,,,,4,2,3,2,3,1,,1,1,,,1,,,Yes,Yes,Yes,Yes,Yes,No,Yes,No,No,Yes,Yes,Yes,No,No,Yes,Yes,Yes,Yes,Yes,Yes,Yes,Yes,Yes,Yes,Yes,Yes,I dont know,Yes,2,3,3,3,4,
108,109,Research Assistant (including undergraduate RA),,1,1,Equally research/teaching focused university or college,, United Kingdom of Great Britain and Northern Ireland,1,3,1,1,0,1,0,1,Social and Personality Psychology,,Primarily quantitative,1,,,,,,,,1,,I don‚Äôt know,1,,,,,,,1,,,,No,1,1,,,,1,,,,,,,1,1,,,,1,,,,,,,Im not sure if my institution offers these services,Im not sure if my institution offers these services,Im not sure if my institution offers these services,,,,,,,,,,,,,,,,,,,,,,,,,0,,,,,,,,,,0,,,,,,,,,,,,,0,,,,,,,,,,,,,,,,0,,,,,,,,,,0,,,,,,,,,,0,,,,,,,,0,,,,,,,,,,0,,,,,,,,,,,,,,,,,,,,,,,,0,,,,,,,,,,,,,,,,,,0,,,,,,,,,,,,,,,,,,,,0,,,,,,,,,,0,,,,,,,,,,,,,,,,,,,,,,0,,,,,,,,,,,,,0,,,,,,,,,,0,,,,,,,,,,,,,,,,0,,,,,,,,,,,,0,,,,,,,,,,,,,,,,,,,,,,,,,,,0,,,,,,,,,,,,,,,,,,,,,,,,,,,,,,,,,,,,,,,,,,
109,110,Graduate Student,,1,6,Predominantly research focused university or college,, United Kingdom of Great Britain and Northern Ireland,1,11,4,4,2,1,0,0,Cognitive Psychology,,Primarily quantitative,1,,,1,,,,,,,,1,,,,,,1,,,,,No,1,1,,,,1,1,1,1,,,,1,,,,,1,,1,1,,,,No,No,"Yes, but I have not taken advantage of it.",3,3,5,5,5,5,3,2,1,3,3,1,1,5,1,1,3,1,5,4,4,4,2,4,1,,,,1,,,,,No,1,,,,,1,,,,1,,,,1,,1,,,,1,1,,,,,,,,,1,,,1,1,1,,1,,,1,,1,1,,,,,,,1,,1,,,,,,1,,,,1,,,,,Im not sure.,1,,1,1,,,,,,,,,,,Im not sure.,1,4,5,4,4,4,4,3,4,1,1,,,,1,1,,1,,1,,,1,,,,,1,1,,,,,,,1,,,,,1,,,,"Some tools are used by everyone, but sometimes different people or different projects use additional tools.",No,"Yes, I primarily create my own code.",1,,1,1,,,,1,,RPubs,1,,,,,1,,,,,,,No ,Yes. Someone could recreate both my data cleaning/coding and analysis steps.,3,2,4,4,3,3,1,4,1,,,,,,,,,,,1,,1,,,1,,,,,,,1,,,,,,1,1,,,,No,No,,No,,1,,,,,,,1,,"Yes, someone could recreate both my data cleaning/coding and analysis steps.",I dont know.,,1,,,,,,1,,,,,,,,,,1,1,,,,,3,3,4,4,5,1,1,,1,,,1,,,Yes,No,Yes,Yes,Yes,I dont know,Yes,No,No,No,No,No,No,No,No,Yes,Yes,Yes,I dont know,Yes,No,No,No,No,Yes,Yes,No,Yes,3,2,4,2,4,
110,111,Graduate Student,,1,7,Equally research/teaching focused university or college,, Switzerland,1,15,4,4,5,2,0,2,Other (Please describe),Affective psychology,Primarily quantitative,1,,1,,,,,,,,,1,1,,,,,1,,,,,No,1,1,,1,,1,1,,1,,,,1,,,1,,1,,1,1,,,,"Yes, but I have not taken advantage of it.",Im not sure if my institution offers these services,"Yes, and I have taken advantage of it.",4,2,3,4,2,1,2,3,2,2,5,4,4,3,3,2,3,4,4,5,5,3,2,4,1,1,,,1,,,,,No,1,,,,,,1,,1,,,,,1,,1,,1,,1,,,1,,1,,1,,,1,1,1,1,1,1,1,1,,,1,,,1,,,,,,,1,1,1,,1,,,,1,,1,1,,,,,,No,1,1,1,,,1,1,,1,,,,,,Yes ,3,5,4,4,5,5,3,3,4,1,1,,,,,,,,,1,,,1,1,,,Statistica,1,1,1,,,,1,,,,1,,,1,1,,Statistica,"Some tools are used by everyone, but sometimes different people or different projects use additional tools.","Sometimes, when possible","Yes, I use both code I have created myself and adapt code written by others.",1,,,1,,,,,,,1,1,1,,,,,,,,,,No ,Yes. Someone could recreate both my data cleaning/coding and analysis steps.,3,4,3,4,5,4,2,4,1,,,,,,,,,,,1,,1,,,1,,,,,,,1,1,1,,,,1,1,,,,"Yes, I have been required to complete a data availability statement.",No,,No,,1,,,,,,,1,,"Yes, someone could recreate both my data cleaning/coding and analysis steps.",4-8 years after the conclusion of a project,,1,,,,1,,1,,,1,,1,,1,1,1,1,1,,1,,,5,4,4,3,5,1,1,1,,,1,1,,,No,Yes,No,Yes,Yes,No,Yes,No,No,Yes,No,No,No,No,No,Yes,Yes,Yes,I dont know,Yes,I dont know,No,Yes,I dont know,Yes,Yes,I dont know,Yes,3,5,4,5,3,
111,112,Post-Doctoral Fellow,,1,,Predominantly research focused university or college,, Belgium,1,11,0,5,6,0,0,6,Cognitive Neuroscience,,Primarily quantitative,1,,,1,,,,,,,,1,,,,,1,,,,,,"Yes, and I generally revist my DMPs throughout the course of a project.",1,,,,,1,,,,,,,1,,,,,1,,,,,,,"Yes, and I have taken advantage of it.","Yes, and I have taken advantage of it.","Yes, and I have taken advantage of it.",1,1,1,1,1,1,1,1,1,1,5,5,5,5,5,5,5,5,5,5,5,4,4,4,1,1,,,,,,,,No,1,,,,,1,1,,,,,,,1,,1,,,,1,,,1,,,,1,,,1,,1,1,,1,,1,,,1,,1,1,,,,,,,1,1,1,,1,,,,1,1,1,,,1,,,,No,1,,,1,1,,,1,,,,,,,No,2,4,4,4,4,4,2,3,5,1,,,,,,1,,1,,,,,1,,,,,1,,,,,,1,,1,,,,,1,,,,"Some tools are used by everyone, but sometimes different people or different projects use additional tools.","Yes, always","Yes, I primarily create my own code.",1,,1,1,,,,,,,1,,,,,,,,,1,,,No ,No. I would have to be present.,1,2,2,2,2,4,4,5,1,,,,,,,,,,,1,,1,,,1,,,,,,,1,,,,,,1,1,,,,"Yes, I have been required to complete a data availability statement.",No,,Yes,5,1,,,,,,,1,,"Yes, someone could recreate both my data cleaning/coding and analysis steps.",Other (Please describe),Infinitely,1,,,,,,1,,,1,,,,1,,1,,1,,1,,,4,4,1,1,1,1,1,,,,,,,,Yes,No,No,No,No,No,No,No,No,No,No,No,No,No,No,Yes,Yes,Yes,No,No,No,I dont know,Yes,Yes,I dont know,No,I dont know,I dont know,1,1,4,2,4,
112,113,"Assistant Professor (US), Lecturer (UK), or equivalent",,1,10,Equally research/teaching focused university or college,, United Kingdom of Great Britain and Northern Ireland,1,11,0,3,0,6,2,1,Social and Personality Psychology,,A mix of quantitative and qualitative,1,,,,,,,,,1,,1,,,,,,,,1,,,No,1,1,,1,,1,1,,,,,,1,1,,,,,,,,,,,Im not sure if my institution offers these services,Im not sure if my institution offers these services,"Yes, but I have not taken advantage of it.",3,3,3,3,4,4,1,1,1,1,5,3,4,5,4,3,4,4,4,4,5,,,,0,,,,,,,,,,0,,,,,,,,,,,,,0,,,,,,,,,,,,,,,,0,,,,,,,,,,0,,,,,,,,,,0,,,,,,,,0,,,,,,,,,,0,,,,,,,,,,,,,,,,,,,,,,,,0,,,,,,,,,,,,,,,,,,0,,,,,,,,,,,,,,,,,,,,0,,,,,,,,,,0,,,,,,,,,,,,,,,,,,,,,,0,,,,,,,,,,,,,0,,,,,,,,,,0,,,,,,,,,,,,,,,,0,,,,,,,,,,,,0,,,,,,,,,,,,,,,,,,,,,,,,,,,0,,,,,,,,,,,,,,,,,,,,,,,,,,,,,,,,,,,,,,,,,,
113,114,"Assistant Professor (US), Lecturer (UK), or equivalent",,2,17,Equally research/teaching focused university or college,, United States of America,1,12,11,1,0,0,0,1,Clinical Psychology,,A mix of quantitative and qualitative,1,1,,,1,,,1,1,,Private donors,1,1,,,1,,,,,,,"Yes, and I generally revist my DMPs throughout the course of a project.",1,1,1,1,,1,1,,1,,,,1,1,1,1,1,1,1,,1,,,,No,No,"Yes, and I have taken advantage of it.",4,2,2,2,3,4,2,2,3,1,5,5,2,4,3,2,4,1,2,4,5,4,3,3,1,1,1,,,,1,,,Yes,1,,,,,,,1,,,,,,1,1,1,1,1,1,1,1,1,,,,,,,,1,1,,1,1,,1,1,,,1,,,,,,,,1,,1,1,,,1,,,,1,1,,,,,,,,Yes ,1,1,1,,,1,,,1,,,,,,Yes ,1,3,2,1,3,3,3,3,4,1,1,,,,,,,,,1,,,1,,,,,1,1,,,,,,,,,1,,,,,,,"Yes, everyone uses the same software tool(s).",Im not sure,"Yes, I primarily adapt code written by others.",1,,,,,,,,1,,1,,1,,,,,,,,1,SPSS syntax,Yes,Yes. Someone could recreate both my data cleaning/coding and analysis steps.,3,3,3,3,4,2,3,4,1,1,1,,1,,,,,,,,,1,,,,,,,,1,,1,1,1,,,,1,1,,,,No,No,,Yes,2,1,,,,,,,1,,Someone could recreate my data analysis but not cleaning/coding steps.,8+ years (but in a formats that it may become obsolete),,1,1,1,1,1,,,,1,,,,,,,,,,,,,,4,4,2,4,4,1,1,,1,,,1,,,Yes,Yes,Yes,No,Yes,No,Yes,No,No,No,No,No,No,No,No,Yes,Yes,Yes,I dont know,Yes,I dont know,Yes,I dont know,I dont know,Yes,I dont know,Yes,I dont know,3,4,3,4,4,
114,115,"Assistant Professor (US), Lecturer (UK), or equivalent",,1,10,Equally research/teaching focused university or college,, United States of America,1,4,0,4,0,0,0,2,Industrial/Organizational Psychology,,Primarily quantitative,1,,,,,,,1,,,,1,,,,,,,,1,,,"Yes, though I generally do not revisit my DMPs after I submit a grant or project proposal.",1,1,,,,,,,1,,,,1,,,,,,,,,,1,,Im not sure if my institution offers these services,Im not sure if my institution offers these services,Im not sure if my institution offers these services,4,,5,5,4,4,4,1,1,5,5,5,4,5,1,1,2,1,1,4,3,1,3,5,1,,,,1,1,,,,No,1,,,,,,,,1,,,,,1,,1,,1,,,,,,,,,,,,1,,,,1,,1,1,,,1,,,,,,,,1,,1,,1,,,,,,1,,,,,1,,,,Im not sure.,1,,,,,,,,,1,,,,,Im not sure.,1,1,5,3,5,5,1,3,5,1,,,,,,,,,,1,,,,,,,,1,1,,,1,,,,,,1,,,,,,,Im not sure.,No,No,1,1,,,,,,,,,1,,,,,,,,,1,,,Not applicable,Im not sure.,2,2,3,4,4,1,3,5,1,1,,1,,,,,,,,,,1,,,,,,,,1,,1,,,,,,,,,1,,No,No,,No,,1,,,,,,,1,,"Yes, someone could recreate both my data cleaning/coding and analysis steps.",1-3 years after the conclusion of a project,,1,,1,,1,,,,,,,,,,,,,,,,,,4,4,2,4,4,1,1,1,1,,,1,,,No,No,No,No,No,No,No,No,No,No,No,No,No,No,No,I dont know,I dont know,I dont know,I dont know,I dont know,I dont know,I dont know,I dont know,I dont know,I dont know,I dont know,I dont know,I dont know,4,4,4,4,4,
115,116,"Professor (US), Reader (UK), or equivalent",,2,25,Predominantly teaching focused university or college,, United States of America,1,3,3,0,0,0,0,0,Developmental Psychology,,Primarily quantitative,1,,,,,,,,,1,,1,,,,,,,,1,,,No,1,1,1,1,,,1,,1,1,,"I teach the undergraduate methods course, so textbooks are a source, but not quite self-education.",1,1,,,,,,,,,,,No,No,No,2,1,3,3,4,3,3,1,2,4,3,1,1,3,1,2,1,1,1,2,2,2,3,4,1,,,,1,,,,,No,1,,,,,,,,,,1,,SurveyMonkey,1,,1,,1,,1,,,,,,,,,,1,,1,1,1,,1,1,,,1,,,,,,,,1,,1,,1,,,,,,1,1,1,,1,,,,,Not applicable,1,,,,,1,,,,1,,,,,Im not sure.,1,4,4,4,4,4,2,3,4,1,1,,,,,,,,,1,,,,,,,,1,,,,,,,,,,1,,,,,,,"Yes, everyone uses the same software tool(s).","Sometimes, when possible","Yes, I primarily create my own code.",1,,,,,,,,1,,1,,,,,,,,,1,,,Not applicable,Im not sure.,1,2,3,2,3,1,3,4,1,,,1,,,,,1,,,,,1,,,,,,,1,,I sometimes allow undergraduates to use my data for practice.,1,,,,,,,,1,,Teaching.,No,No,,Yes,5,1,,,,,,,1,,I am not sure.,4-8 years after the conclusion of a project,,1,1,1,,1,,1,,,,,,,,,1,1,,1,1,,,3,4,3,4,4,1,1,1,1,,,1,,,Yes,I dont know,No,No,No,No,No,No,No,No,No,No,No,No,No,No,I dont know,No,No,No,No,No,No,No,I dont know,No,No,I dont know,5,5,5,5,5,
116,117,"Assistant Professor (US), Lecturer (UK), or equivalent",,2,14,Predominantly research focused university or college,, United States of America,1,15,4,0,1,10,0,1,Cognitive Psychology,,A mix of quantitative and qualitative,1,1,1,,,,,1,,,,1,,1,,,,,,,,,No,1,1,,,,1,,1,1,,,,1,,,,,1,,1,1,,,,No,No,No,1,1,2,2,1,2,1,1,1,1,5,5,3,2,1,1,5,1,2,5,5,3,2,5,1,1,,,1,,,,,No,1,,,,,,,,1,,,,,1,1,1,,1,1,1,,,,,,,,,,1,,1,1,1,,1,1,,,1,,,1,,,,,,,1,1,,,,,,,1,,,,,1,,,,Im not sure.,1,,,,,,,,,1,,,,,Yes ,1,2,3,2,5,5,,,,0,,,,,,,,,,,,,,,,,,0,,,,,,,,,,,,,,,,,,,,0,,,,,,,,,,0,,,,,,,,,,,,,,,,,,,,,,0,,,,,,,,,,,,,0,,,,,,,,,,0,,,,,,,,,,,,,,,,0,,,,,,,,,,,,0,,,,,,,,,,,,,,,,,,,,,,,,,,,0,,,,,,,,,,,,,,,,,,,,,,,,,,,,,,,,,,,,,,,,,,
117,118,"Assistant Professor (US), Lecturer (UK), or equivalent",,2,14,Predominantly research focused university or college,, United Kingdom of Great Britain and Northern Ireland,1,3,3,0,0,0,0,3,Cognitive Psychology,,Primarily quantitative,1,,,,,,,1,,,,1,1,,,,,,,,,,"Yes, and I generally revist my DMPs throughout the course of a project.",1,1,1,1,,1,1,1,1,,,,1,,1,1,,1,1,1,1,,,,"Yes, but I have not taken advantage of it.","Yes, but I have not taken advantage of it.","Yes, and I have taken advantage of it.",2,1,1,2,4,2,1,2,1,1,5,5,5,4,3,3,4,5,4,5,5,4,3,5,1,1,,1,1,,,,,No,1,,,1,,,1,,1,,,,,1,1,1,,1,,1,,,,,,,,,,1,1,1,1,1,1,1,1,,,1,,,1,,,,,,,1,1,1,1,,,,,1,1,1,1,,,,,,Yes ,1,1,1,1,1,,,,,1,,,,,Yes ,3,2,3,3,2,2,4,3,5,1,1,,,,,,,,,1,,,1,,,,,1,,,,,,,,,,,,,1,,,,"Some tools are used by everyone, but sometimes different people or different projects use additional tools.",No,"Yes, I use both code I have created myself and adapt code written by others.",1,,,1,,,,,,,1,1,,1,,,,,1,,,,Yes,Yes. Someone could recreate both my data cleaning/coding and analysis steps.,2,3,3,2,1,4,2,5,1,,,,,,,,,1,,1,I do not share the raw audio files on OSF because it would be cumbersome; I instead code them. All other data is shared on OSF. If somoene would want the audio files I would share them (e.g. posting a USB stick or simply emailing a zip drive if it's not too large).,1,,,1,,,,,,,1,1,1,1,,,1,1,1,,It's the right thing to do.,"Yes, I have been required to complete a data availability statement.",No,,Yes,4,1,1,,1,1,,1,,As part of peer review,"Yes, someone could recreate both my data cleaning/coding and analysis steps.",8+ years (but in a formats that it may become obsolete),,1,,1,,1,,1,,,,,,,,1,1,1,1,1,,,,2,1,1,2,4,1,1,1,1,,,1,,,No,Yes,No,No,No,No,No,No,No,Yes,No,Yes,No,No,No,I dont know,Yes,No,I dont know,I dont know,I dont know,No,Yes,I dont know,Yes,Yes,I dont know,I dont know,1,1,1,2,2,
118,119,Post-Doctoral Fellow,,1,9,Predominantly research focused university or college,, United States of America,1,17,9,5,1,2,0,5,Developmental Psychology,,Primarily quantitative,1,,1,1,1,,,,,,,1,,,,,1,,,,,,No,1,1,1,1,1,1,1,1,1,,,,1,1,,,,1,,,,,,,Im not sure if my institution offers these services,Im not sure if my institution offers these services,"Yes, and I have taken advantage of it.",3,3,2,3,4,3,3,4,3,4,5,5,4,5,4,2,3,2,4,3,5,4,2,5,1,1,1,,,,1,,,Yes,1,,,,,,,1,,,1,,Custom tablet applications,1,1,1,,1,,1,,,,1,,,1,,,1,1,1,1,1,1,1,1,,,1,1,,,,,,,,,1,,1,1,1,,,,1,,1,1,,,,,,Yes ,1,1,1,,,,,1,,,,,,,Yes ,1,5,4,4,4,5,3,2,5,1,1,,,,,,1,,1,1,,,1,,,,,1,1,,,,,,,,,1,,,1,,,,"Some tools are used by everyone, but sometimes different people or different projects use additional tools.","Sometimes, when possible","Yes, I use both code I have created myself and adapt code written by others.",1,,,,,,,,1,,1,1,,,,,,,,,,,No ,Yes. Someone could recreate both my data cleaning/coding and analysis steps.,1,1,5,4,5,2,3,5,1,1,,,,,1,,1,,,,,1,,,,,,,,1,,1,,,,,,,,,1,,No,No,,No,,1,,,,,,,1,,Someone could recreate my data analysis but not cleaning/coding steps.,8+ years (but in a formats that it may become obsolete),,1,1,1,,1,1,1,,,,,,,1,1,,,,,1,,,5,5,5,5,5,1,1,1,1,,,,,,No,Yes,Yes,Yes,Yes,No,Yes,No,No,Yes,No,No,No,No,No,Yes,Yes,Yes,I dont know,Yes,I dont know,No,Yes,Yes,Yes,Yes,I dont know,I dont know,5,5,5,5,4,
119,120,Graduate Student,,1,7,Equally research/teaching focused university or college,, United States of America,1,20,15,4,0,1,0,3,Social and Personality Psychology,,Primarily quantitative,1,,,,,,,,,1,,1,,,,,,,,1,,,"Yes, and I generally revist my DMPs throughout the course of a project.",1,1,1,1,,1,,,1,,,,1,1,,1,,1,1,,1,,,,Im not sure if my institution offers these services,Im not sure if my institution offers these services,Im not sure if my institution offers these services,2,1,3,4,2,3,4,4,4,1,1,1,5,5,5,3,5,1,2,5,5,2,1,5,1,1,,,1,,,,,No,1,,,,,,,,1,,,,,1,,1,,1,,1,,,,,,,,,,1,1,1,1,1,,1,1,,,1,,,,,1,,,,,1,1,1,,,,,,1,,,,1,,,,,Im not sure.,1,,,,,,1,,,1,,,,,Yes ,1,5,5,5,5,1,3,1,5,1,,,,,,,1,,,1,,,,,,,,1,,,,,,,,,,1,,,,,,,"Some tools are used by everyone, but sometimes different people or different projects use additional tools.","Yes, always","Yes, I use both code I have created myself and adapt code written by others.",1,,,,,,,,1,,1,,,,,,,,,1,,,Yes,Yes. Someone could recreate both my data cleaning/coding and analysis steps.,2,5,4,5,5,2,1,5,1,,1,,,,1,,,,,,,1,,,,,,,,1,,1,,,,,,,,,1,,"Yes, I have been required to complete a data availability statement.",No,,No,,1,,,,,,,1,,"Yes, someone could recreate both my data cleaning/coding and analysis steps.",8+ years (and maintained so it is always accessible),,1,,1,,1,,1,,,,,,,,1,1,1,,1,1,,,5,5,5,5,5,1,1,1,1,,,,,,No,I dont know,No,Yes,No,No,Yes,No,Yes,Yes,No,No,No,I dont know,No,I dont know,Yes,I dont know,Yes,Yes,Yes,Yes,Yes,Yes,Yes,Yes,I dont know,I dont know,5,4,4,5,5,
120,121,"Assistant Professor (US), Lecturer (UK), or equivalent",,2,19,Equally research/teaching focused university or college,, Lebanon,1,4,3,1,0,0,0,2,Cognitive Neuroscience,,Primarily quantitative,1,,,,,,1,1,,,,1,1,1,,,,,,,,,No,1,1,,,,1,,,,,,,1,1,,,,1,1,,,,,,Im not sure if my institution offers these services,No,"Yes, but I have not taken advantage of it.",3,3,4,3,5,3,2,2,1,2,4,2,2,1,3,1,4,1,3,2,4,3,3,4,1,1,,,,,,,,No,1,,,,,1,1,,,,,,,1,,1,,,,1,,,1,,,,,,,1,1,1,1,,1,1,,,,1,,1,,,,,1,,Dropbox,1,1,,,,,,,1,1,1,1,1,,,,,Yes ,1,,,,1,,,,,1,,,,,Im not sure.,2,5,4,1,2,2,3,3,4,1,1,,,,,1,,,,1,,,1,,,,,1,1,,,,,1,,,,,,,1,,,,"Yes, everyone uses the same software tool(s).",No,"Yes, I primarily create my own code.",1,,1,,,,,1,,email,1,1,,,,,,,,,1,Comments in R,No ,Someone could recreate my data analysis but not cleaning/coding steps.,1,1,1,1,3,2,2,4,1,,,,,,,1,,1,,1,Not sure if anyone would be interested,1,,,,,,,,1,,1,,,,,,,,,1,,No,No,,No,,1,,,,,,,1,,Someone could recreate my data analysis but not cleaning/coding steps.,8+ years (and maintained so it is always accessible),,1,,,,,,1,,,,,,,,,,,,,,,,3,3,2,2,4,1,1,1,1,,,1,,,No,No,No,Yes,No,No,No,No,No,Yes,No,No,No,No,No,I dont know,Yes,Yes,I dont know,I dont know,I dont know,I dont know,I dont know,I dont know,I dont know,I dont know,I dont know,Yes,2,3,3,3,2,
121,122,"Assistant Professor (US), Lecturer (UK), or equivalent",,1,8,Predominantly research focused university or college,, United States of America,0,0,0,0,0,0,0,,Industrial/Organizational Psychology,,Primarily quantitative,1,,,,,,,1,,,,1,1,,,,,,,,,,No,1,1,1,,,1,,,1,,,,1,,,,,1,,,,,1,,Im not sure if my institution offers these services,Im not sure if my institution offers these services,Im not sure if my institution offers these services,2,1,4,3,4,1,3,1,1,3,4,1,1,1,3,1,2,1,2,5,5,2,3,4,1,1,,1,1,,1,,,No,1,,,,,,,,1,,,,,1,1,1,,1,1,1,,,,,,,,,,1,,,,1,1,1,1,,,1,,,,,,,,1,,1,1,1,,,,,,1,,,,1,,,,,Im not sure.,1,,,,,,,,1,,,1,,i keep indefinable info on my machine until it is deleted. I keep other info on my own dropbox,Im not sure.,I do not keep any backup copies of my digital files/data.,1,2,3,2,2,2,3,4,1,1,,,1,,,1,,,1,,,1,,,,,1,,,,,,,1,,,1,,,1,,,,"No, there is no standardization in terms of what software tools my lab or research group members use.",No,"Yes, I use both code I have created myself and adapt code written by others.",1,,,1,,,,,,,1,,1,,,,,,,,,,Not applicable,Someone could recreate my data analysis but not cleaning/coding steps.,2,3,2,3,3,2,3,4,1,,,,,,,,,1,,,sometimes is is proprietary... but mostly no,1,,,1,,,,,,,1,1,1,,,,1,,,,,No,No,,Yes,4,1,,1,,,,,,,Someone could recreate my data analysis but not cleaning/coding steps.,I dont know.,,1,,1,,1,1,,,,,,,,,,1,1,,1,1,,,2,2,3,2,3,1,1,1,1,,,1,,,I dont know,Yes,No,No,No,No,Yes,No,No,No,No,No,No,No,No,No,No,No,No,Yes,No,No,No,No,Yes,Yes,Yes,Yes,2,4,4,4,4,
122,123,"Assistant Professor (US), Lecturer (UK), or equivalent",,2,12,Predominantly research focused university or college,, United States of America,1,31,28,3,0,0,0,8,Social and Personality Psychology,,Primarily quantitative,1,1,,,,,,1,,,,1,1,,,,,,,,,,"Yes, though I generally do not revisit my DMPs after I submit a grant or project proposal.",1,1,1,1,,1,1,1,1,,,,1,1,1,1,,1,1,1,1,,,,"Yes, and I have taken advantage of it.","Yes, but I have not taken advantage of it.","Yes, but I have not taken advantage of it.",3,1,4,4,1,2,1,1,4,2,5,4,2,2,4,4,3,2,2,4,4,2,2,4,1,1,,,1,,1,,,No,1,1,,1,,,,,1,,,,,1,,1,,1,,1,,,1,,,1,,,,1,1,1,1,1,1,1,1,,,1,,,1,,,,,,,1,1,1,,1,,,,1,,,,,1,,,,No,1,,1,1,1,,,,1,1,,,,,Yes ,1,4,4,4,4,4,3,3,4,1,,,,,,,,,1,1,,,,,,,,1,1,1,,,,,,,1,1,,,1,,,,"No, there is no standardization in terms of what software tools my lab or research group members use.","Sometimes, when possible","Yes, I primarily create my own code.",1,,,1,,,,,,,1,,,,,,,,,1,,,No ,Someone could recreate my data analysis but not cleaning/coding steps.,1,3,2,3,3,4,3,4,1,1,1,1,,,,,,,1,1,,1,1,,1,,,,,,,1,1,1,1,,,1,1,,,,No,No,,No,,1,,,,,,,1,,Someone could recreate my data analysis but not cleaning/coding steps.,I dont know.,,1,,1,,1,,1,,,1,,,1,,1,1,1,1,1,,,,3,2,2,3,2,1,1,1,1,,,,,,No,Yes,Yes,Yes,Yes,No,Yes,No,No,No,No,Yes,No,No,No,Yes,I dont know,Yes,Yes,Yes,No,No,No,No,Yes,No,No,No,2,1,3,3,3,
123,124,Graduate Student,,1,4,Predominantly research focused university or college,, United States of America,1,9,6,2,0,1,0,6,Social and Personality Psychology,,Primarily quantitative,1,,1,,,,,,,1,,1,,,,,,1,,,,,No,1,1,,,,1,,,,,,,1,,,1,,,,,,,,,Im not sure if my institution offers these services,Im not sure if my institution offers these services,Im not sure if my institution offers these services,3,3,5,4,3,4,5,3,2,5,5,3,4,3,3,4,2,2,3,4,4,2,3,5,1,1,,,1,,,,,No,1,,,1,,,,,1,,,,,1,,1,,1,1,1,,,,,,,,,,1,,,,1,1,,1,,,1,1,,1,,,,,,,1,1,1,,,,,,1,,1,1,,,,,,No,1,,1,,1,,,1,,1,,,,,No,2,4,4,4,3,3,3,4,4,1,,,,,,,1,,,1,,,,,,,,1,1,,,,,,1,,,1,,,1,,,,"No, there is no standardization in terms of what software tools my lab or research group members use.",No,No,1,,,,,,,,1,,1,,1,,,,,,,,,,No ,Someone could recreate my cleaning/coding but not analysis steps.,2,4,3,4,4,1,3,4,1,1,,,,,,,1,,,,,1,,,,,,,,1,,1,,,,,1,1,1,,,,No,No,,No,,0,,,,,,,,,I am not sure.,1-3 years after the conclusion of a project,,1,,,,1,,,,,,,,,,,,,1,1,1,,,4,3,3,5,5,1,1,,1,,,,,,Yes,Yes,I dont know,No,I dont know,No,No,No,I dont know,I dont know,No,Yes,No,I dont know,I dont know,I dont know,Yes,I dont know,I dont know,I dont know,I dont know,I dont know,I dont know,I dont know,Yes,I dont know,I dont know,I dont know,4,2,3,3,3,
124,125,"Assistant Professor (US), Lecturer (UK), or equivalent",,2,20,Predominantly research focused university or college,, United States of America,1,5,3,2,0,0,0,5,Industrial/Organizational Psychology,,Primarily quantitative,1,,,,,,,,,1,,0,,,,,,,,,,,"Yes, though I generally do not revisit my DMPs after I submit a grant or project proposal.",1,1,,1,,,,,1,,,,1,,,,,,,1,,,,,Im not sure if my institution offers these services,Im not sure if my institution offers these services,Im not sure if my institution offers these services,3,1,5,5,4,3,3,1,3,3,5,3,3,3,3,3,3,3,3,5,4,,,,0,,,,,,,,,,0,,,,,,,,,,,,,0,,,,,,,,,,,,,,,,0,,,,,,,,,,0,,,,,,,,,,0,,,,,,,,0,,,,,,,,,,0,,,,,,,,,,,,,,,,,,,,,,,,0,,,,,,,,,,,,,,,,,,0,,,,,,,,,,,,,,,,,,,,0,,,,,,,,,,0,,,,,,,,,,,,,,,,,,,,,,0,,,,,,,,,,,,,0,,,,,,,,,,0,,,,,,,,,,,,,,,,0,,,,,,,,,,,,0,,,,,,,,,,,,,,,,,,,,,,,,,,,0,,,,,,,,,,,,,,,,,,,,,,,,,,,,,,,,,,,,,,,,,,
125,126,Graduate Student,,1,5,Equally research/teaching focused university or college,, Spain,1,40,15,5,5,10,5,2,Clinical Psychology,,Primarily quantitative,1,,,1,,,,,,,,1,,,,,,1,,,,,No,1,1,,,,1,,,,,,,1,,,,,,,,,,1,,No,No,No,,,,,,,,,,,,,,,,,,,,,,,,,0,,,,,,,,,,0,,,,,,,,,,,,,0,,,,,,,,,,,,,,,,0,,,,,,,,,,0,,,,,,,,,,0,,,,,,,,0,,,,,,,,,,0,,,,,,,,,,,,,,,,,,,,,,,,0,,,,,,,,,,,,,,,,,,0,,,,,,,,,,,,,,,,,,,,0,,,,,,,,,,0,,,,,,,,,,,,,,,,,,,,,,0,,,,,,,,,,,,,0,,,,,,,,,,0,,,,,,,,,,,,,,,,0,,,,,,,,,,,,0,,,,,,,,,,,,,,,,,,,,,,,,,,,0,,,,,,,,,,,,,,,,,,,,,,,,,,,,,,,,,,,,,,,,,,
126,127,Post-Doctoral Fellow,,2,19,Predominantly research focused university or college,, Netherlands,1,28,3,10,5,7,3,1,Clinical Psychology,,Primarily quantitative,1,,,1,,,,,,,,1,,,,,1,,,,,,No,1,1,,1,,1,1,,1,,,,1,,,,,1,,,,,,,"Yes, but I have not taken advantage of it.","Yes, but I have not taken advantage of it.","Yes, and I have taken advantage of it.",3,2,3,3,4,2,3,1,4,3,5,3,2,1,3,2,2,2,4,2,3,3,3,4,1,,,,1,1,,,,Yes,1,,,,,,,,,,1,,Roqua,1,,1,,1,,,,,,,,,,,,1,1,,,,,,,,,1,,1,,,,,,,,1,1,,,,,,,1,,1,,,,,,,No,1,,,1,,,,,,,,,,,No,2,3,3,3,3,3,3,3,4,1,,,,,,,,,,1,1,,1,,,,,1,,,,,,,,,,1,,,1,,,,"No, there is no standardization in terms of what software tools my lab or research group members use.",No,"Yes, I use both code I have created myself and adapt code written by others.",1,,1,,,,,,,,1,,1,,,,,,,,,,No ,Yes. Someone could recreate both my data cleaning/coding and analysis steps.,2,2,2,2,3,3,3,4,1,1,1,,,,,,,,,,,1,1,,,,,,,,,1,,1,1,,,1,,,,,"Yes, I have been required to complete a data availability statement.",No,,No,,1,,,,,,,1,,Someone could recreate my data analysis but not cleaning/coding steps.,8+ years (and maintained so it is always accessible),,1,,1,,1,,,,,,,,,,,,,,,,,,3,3,3,3,3,1,1,,,,,,,,Yes,I dont know,No,Yes,I dont know,No,No,No,Yes,Yes,Yes,No,No,No,Yes,I dont know,Yes,I dont know,I dont know,I dont know,I dont know,Yes,Yes,Yes,Yes,Yes,I dont know,Yes,2,3,3,3,3,
127,128,Post-Doctoral Fellow,,1,10,Non-profit organization,, Belgium,1,24,15,0,9,0,0,3,Industrial/Organizational Psychology,,Primarily quantitative,1,,,1,,,,1,,,,1,1,1,,,,,,,,,"Yes, though I generally do not revisit my DMPs after I submit a grant or project proposal.",1,1,1,1,,1,1,,1,,,,1,,,1,,1,1,,,,,,"Yes, and I have taken advantage of it.","Yes, and I have taken advantage of it.","Yes, and I have taken advantage of it.",4,1,3,1,1,1,1,1,5,1,5,4,1,1,5,1,5,5,3,1,2,5,5,3,1,,,,1,,,,,No,1,,,,,,,,,,1,,"Socratos, LimeSurvey",1,,,,1,,,,,,,,,,,,1,,,,1,,,1,,,1,,,,,1,,1,,on request,1,1,1,,,,,,1,1,,1,1,,,,,Yes ,1,,1,,,1,1,,,,,,,,Yes ,1,1,3,1,1,1,4,4,4,1,,,,,,,1,,,1,,,1,,,,,1,,,,,,,1,,,1,,,,,,,"Some tools are used by everyone, but sometimes different people or different projects use additional tools.","Sometimes, when possible","Yes, I primarily create my own code.",1,1,,,,,,,,,1,1,1,1,,,,,,,,,Yes,Im not sure.,1,1,1,3,3,2,2,3,1,1,1,,,,1,,,,,,,1,,,,,,,,1,,1,,1,,,1,,,,,,"Yes, I have been required to complete a data availability statement.",No,,Yes,4,1,,,,,,,1,,"Yes, someone could recreate both my data cleaning/coding and analysis steps.",8+ years (and maintained so it is always accessible),,1,,,,1,,,,,,,,,,,,,,,,,,1,4,1,4,5,1,1,,1,,,1,,,No,Yes,Yes,No,No,No,Yes,No,No,No,No,No,No,Yes,Yes,I dont know,Yes,No,I dont know,I dont know,I dont know,I dont know,I dont know,I dont know,I dont know,I dont know,I dont know,I dont know,3,3,3,3,3,
128,129,"Professor (US), Reader (UK), or equivalent",,2,25,Predominantly teaching focused university or college,, Chile,1,12,3,3,1,5,0,1,Cognitive Psychology,,Primarily quantitative,1,,,1,,,,,,,,1,1,1,,,,,,,,,No,1,,,,,1,1,,1,,,,1,,,,,1,1,,,,,,No,No,No,1,3,5,5,5,5,5,1,1,4,,2,1,2,4,1,1,1,1,2,4,2,2,3,1,1,,,,,1,,,No,1,,,,,,,,,,1,,We program our experiments using programing languages like Python and others,1,1,1,,,,1,,1,,,,,,,,1,1,1,1,,1,1,1,,,1,,,,,1,,,,,1,1,,,,,,,1,,,,,1,,,,No,1,,,1,,,,,,,,,,,No,1,3,5,5,5,5,1,1,3,1,1,,,,,,,,,1,,,,,,,,1,1,,,,,1,,,,,,,1,,,,"No, there is no standardization in terms of what software tools my lab or research group members use.","Sometimes, when possible","Yes, I primarily adapt code written by others.",1,,,,,,,,1,,1,1,1,,,,,,,,,,No ,No. I would have to be present.,1,3,5,5,5,2,2,3,1,,,,,,,,,,,1,,1,,,,,,,,1,,1,,,,,,,,,1,,No,Yes,1,No,,1,,,,,,1,,to apply different analyses to the data set,"Yes, someone could recreate both my data cleaning/coding and analysis steps.",1-3 years after the conclusion of a project,,1,1,,,,,1,,1,,,,,,,1,1,1,1,1,,,4,4,4,4,4,1,1,1,1,,1,1,,,Yes,I dont know,No,No,No,No,No,No,No,No,No,No,No,No,No,Yes,I dont know,I dont know,I dont know,I dont know,No,I dont know,I dont know,No,I dont know,I dont know,I dont know,I dont know,4,4,4,4,4,
129,130,"Assistant Professor (US), Lecturer (UK), or equivalent",,1,10,Equally research/teaching focused university or college,, United Kingdom of Great Britain and Northern Ireland,1,13,0,9,0,3,1,4,Cognitive Psychology,,Primarily quantitative,1,,,,1,,,1,,,,1,1,1,,,,,,,,,"Yes, and I generally revist my DMPs throughout the course of a project.",1,1,,1,,1,,1,1,,,,1,,,,,1,1,1,1,,,,"Yes, but I have not taken advantage of it.","Yes, but I have not taken advantage of it.","Yes, but I have not taken advantage of it.",4,3,4,4,1,2,4,3,4,2,5,4,5,5,3,2,3,2,2,5,5,,,,0,,,,,,,,,,0,,,,,,,,,,,,,0,,,,,,,,,,,,,,,,0,,,,,,,,,,0,,,,,,,,,,0,,,,,,,,0,,,,,,,,,,0,,,,,,,,,,,,,,,,,,,,,,,,0,,,,,,,,,,,,,,,,,,0,,,,,,,,,,,,,,,,,,,,0,,,,,,,,,,0,,,,,,,,,,,,,,,,,,,,,,0,,,,,,,,,,,,,0,,,,,,,,,,0,,,,,,,,,,,,,,,,0,,,,,,,,,,,,0,,,,,,,,,,,,,,,,,,,,,,,,,,,0,,,,,,,,,,,,,,,,,,,,,,,,,,,,,,,,,,,,,,,,,,
130,131,Graduate Student,,1,6,Predominantly research focused university or college,, United States of America,1,19,8,9,1,0,1,2,Educational Psychology,,Primarily quantitative,1,1,1,,,,,1,,,,1,,,,,,1,,,,,No,1,1,,1,,1,1,1,1,,,,1,1,,,,1,,,,,,,Im not sure if my institution offers these services,Im not sure if my institution offers these services,"Yes, and I have taken advantage of it.",3,2,2,2,4,4,4,3,4,3,5,5,4,5,3,2,3,2,3,3,3,3,3,4,1,1,1,,1,,1,,,No,1,,,,,,,,1,,,,,1,1,1,,1,1,1,1,,,,,,,,,1,1,,,1,,1,1,,,1,,,,,,,,1,,1,,,,1,,,,1,,,,1,,,,,Im not sure.,1,,1,,,,1,,1,,,,,,Yes ,I do not keep any backup copies of my digital files/data.,5,4,4,4,4,3,3,4,1,,,,,,,1,,,1,,,1,,,,,1,1,,,,,,1,,,1,,,1,,,,"Some tools are used by everyone, but sometimes different people or different projects use additional tools.","Sometimes, when possible","Yes, I use both code I have created myself and adapt code written by others.",1,,,,,,,,1,,1,1,,,,,,,,,1,I take notes on the syntax or input files.,No ,Yes. Someone could recreate both my data cleaning/coding and analysis steps.,3,3,3,4,5,2,2,4,1,,1,1,,,1,,1,,,,,1,,,,,,,,1,,1,,,,,,,,,1,,No,No,,No,,1,,,,,,,1,,I am not sure.,I dont know.,,0,,,,,,,,,,,,,,,,,,,,,,4,4,4,4,5,1,1,1,1,,,1,,,No,I dont know,No,No,No,No,No,No,No,No,No,No,No,No,No,I dont know,Yes,I dont know,I dont know,I dont know,I dont know,I dont know,I dont know,I dont know,Yes,Yes,I dont know,Yes,4,5,5,5,4,
131,132,,,1,3,Equally research/teaching focused university or college,, Spain,1,9,1,7,1,0,0,2,Cognitive Neuroscience,,Primarily quantitative,1,,,,,,,,1,,University,1,,,,,,1,,,,,No,1,1,1,,,1,,,1,,,,1,1,1,,,1,,,1,,,,Im not sure if my institution offers these services,Im not sure if my institution offers these services,Im not sure if my institution offers these services,3,2,2,3,1,1,1,2,2,4,4,4,3,5,3,3,2,3,4,4,3,3,3,4,1,1,1,,,,1,,,Yes,1,1,,,,,,,,,,,,1,,1,1,1,,1,,1,,,1,,1,,,1,1,1,1,1,1,,1,,,1,,,,,1,,,,,1,1,1,1,,,,,1,,1,,,,,,,Im not sure.,1,,,1,,,,,,1,,,,,Yes ,1,4,2,4,3,4,2,3,3,1,1,,,,,,,,,1,,,,,,,,1,1,,,,,,,,,1,,,,,,,"Some tools are used by everyone, but sometimes different people or different projects use additional tools.",Im not sure,Im not sure.,1,,,,,1,,,,,1,,1,,,,,,,,,,Yes,Yes. Someone could recreate both my data cleaning/coding and analysis steps.,3,4,3,3,3,4,4,4,1,,,,,,,,,,1,,,1,,,,,,,,1,,1,1,1,1,,,1,1,,,,No,No,,No,,1,,1,,,,,,,"Yes, someone could recreate both my data cleaning/coding and analysis steps.",Less than a year,,1,,1,1,1,,1,,1,,,1,,1,1,1,1,1,1,1,,,2,4,2,3,3,1,1,1,,,,,,,I dont know,Yes,No,Yes,No,No,No,No,Yes,Yes,No,Yes,No,I dont know,No,I dont know,Yes,Yes,Yes,I dont know,Yes,Yes,Yes,Yes,Yes,I dont know,Yes,Yes,4,4,4,4,4,
132,133,Graduate Student,,1,8,Predominantly research focused university or college,, United States of America,1,15,10,3,1,0,1,3,Cognitive Psychology,,Primarily quantitative,1,,,1,,,,,,,,1,,,,,,1,,,,,"Yes, though I generally do not revisit my DMPs after I submit a grant or project proposal.",1,1,,,,,,,1,,,,1,,,,,,,,,1,,IRB videos and training courses,Im not sure if my institution offers these services,Im not sure if my institution offers these services,Im not sure if my institution offers these services,4,1,4,4,5,2,2,3,1,3,5,5,5,5,3,3,2,1,2,5,5,,,,0,,,,,,,,,,0,,,,,,,,,,,,,0,,,,,,,,,,,,,,,,0,,,,,,,,,,0,,,,,,,,,,0,,,,,,,,0,,,,,,,,,,0,,,,,,,,,,,,,,,,,,,,,,,,0,,,,,,,,,,,,,,,,,,0,,,,,,,,,,,,,,,,,,,,0,,,,,,,,,,0,,,,,,,,,,,,,,,,,,,,,,0,,,,,,,,,,,,,0,,,,,,,,,,0,,,,,,,,,,,,,,,,0,,,,,,,,,,,,0,,,,,,,,,,,,,,,,,,,,,,,,,,,0,,,,,,,,,,,,,,,,,,,,,,,,,,,,,,,,,,,,,,,,,,
133,134,"Associate Professor  (US), Senior Lecturer (UK), or equivalent",,2,24,Predominantly research focused university or college,, United States of America,1,14,6,6,0,0,2,2,Developmental Psychology,,Primarily quantitative,1,,,,,,,1,,,,1,1,,,,,,,,,,"Yes, though I generally do not revisit my DMPs after I submit a grant or project proposal.",1,1,,1,,1,1,,1,,,,1,,,,,1,1,,1,,,,Im not sure if my institution offers these services,"Yes, but I have not taken advantage of it.","Yes, and I have taken advantage of it.",3,3,1,2,2,2,2,2,4,2,5,5,3,4,2,2,4,2,3,2,5,5,4,2,1,1,1,1,1,1,1,,,Yes,1,,,,,,,,1,1,,,,1,1,1,,1,,1,,,,,1,,,,,1,1,1,1,1,1,1,1,,,1,,,,,,,,1,,1,1,1,1,1,,,,1,1,1,1,,,,,,Yes ,1,,1,,1,,1,,1,,,,,,Yes ,3,3,2,3,2,2,4,3,3,1,1,,,,,,1,,,1,,,1,,,,,1,1,,,,,,1,,,1,,,1,,,,"Some tools are used by everyone, but sometimes different people or different projects use additional tools.","Sometimes, when possible","Yes, I use both code I have created myself and adapt code written by others.",1,,,,,,,,1,,1,,1,1,,,,,,,,,No ,No. I would have to be present.,3,3,2,4,4,1,1,3,1,1,1,1,,,1,1,1,,,,,1,,,,,,,,1,,1,,,1,,1,1,1,,,,"Yes, I have been required to complete a data availability statement.",No,,No,,1,,,,,,,1,,Someone could recreate my data analysis but not cleaning/coding steps.,8+ years (and maintained so it is always accessible),,1,1,1,,1,,1,,,,,1,,,1,1,1,,1,,,,4,4,3,4,3,1,1,,1,,1,1,,,Yes,No,Yes,No,Yes,No,Yes,No,No,No,No,No,No,No,No,Yes,I dont know,Yes,I dont know,Yes,I dont know,I dont know,I dont know,I dont know,I dont know,I dont know,I dont know,I dont know,3,4,4,4,5,
134,135,Other (Please specify),Professor (UK),2,38,Equally research/teaching focused university or college,, United Kingdom of Great Britain and Northern Ireland,1,25,10,12,1,2,0,1,Cognitive Psychology,,Primarily quantitative,1,,,1,,,,1,,,,1,1,,,,,,,,,,"Yes, though I generally do not revisit my DMPs after I submit a grant or project proposal.",1,1,,1,1,1,1,1,1,,,,1,,,1,,1,1,1,1,,,,Im not sure if my institution offers these services,"Yes, but I have not taken advantage of it.","Yes, and I have taken advantage of it.",1,1,1,2,3,2,1,1,1,1,5,3,1,2,1,1,5,2,1,5,5,3,2,5,1,1,,,1,,,,,No,1,,,,,,,,,1,1,,Gorilla,1,1,1,,1,1,1,,,,,,,,1,Wide range of observable outcome variables,1,1,1,1,1,1,1,1,,,1,1,1,1,,1,1,,,,1,1,1,,,,,,1,,,,1,,,,,No,1,1,1,,,1,,,,1,,1,,Using a cloud server subscribed to by my institution (Microsoft 365),Yes ,More than 3,2,2,2,2,3,4,2,5,1,,,,,,,,,,1,,,,,,,,1,1,,,,,,,1,,,,,1,,,,"Some tools are used by everyone, but sometimes different people or different projects use additional tools.","Sometimes, when possible","Yes, I primarily create my own code.",1,1,1,1,,1,1,,,,1,,,,,,,,,,1,I comment the R code,No ,Yes. Someone could recreate both my data cleaning/coding and analysis steps.,2,2,2,1,1,3,1,5,1,,,,,,,,,,,1,,1,,,1,,,1,1,,GitHub,1,,1,,,,1,1,1,,Backup,No,Yes,5,Yes,5,1,,,1,,,,,,"Yes, someone could recreate both my data cleaning/coding and analysis steps.",8+ years (but in a formats that it may become obsolete),,1,,1,,1,1,,,,,,,,,,,1,1,1,,,,2,2,1,1,2,1,1,1,1,,1,1,,,No,No,No,Yes,Yes,No,Yes,No,No,Yes,Yes,Yes,No,I dont know,Yes,I dont know,Yes,Yes,I dont know,Yes,I dont know,No,Yes,Yes,Yes,I dont know,I dont know,Yes,1,3,3,3,2,
135,136,Research Associate/Scientist,,2,27,Predominantly research focused university or college,, United States of America,1,22,10,8,0,1,3,1,Clinical Psychology,,Primarily quantitative,1,1,,,,,,,,,,1,,,,,,,,,1,data manager and statistical consultant,No,1,1,1,1,,,,,1,,,,1,,,1,,,,,,,,,Im not sure if my institution offers these services,Im not sure if my institution offers these services,Im not sure if my institution offers these services,1,1,3,4,4,4,4,1,1,2,5,5,5,5,2,2,2,1,1,5,4,3,3,2,1,1,,1,,,,,,Yes,1,,,,,,,,,,1,,"A few of our measures are scored using computers.  All data are hand-entered, though, whether scored by computer or not.",1,1,1,1,1,1,1,1,1,,,,,,,,1,,,,1,1,,1,,,1,1,,,,,,,,,1,1,1,,,,,,1,1,1,1,,,,,,Im not sure.,1,1,1,1,,,1,,,,,,,,Im not sure.,2,5,2,2,2,2,3,3,2,1,,,,,,,1,,,1,,,,1,,,HLM,1,,,,,,,,,,1,,,,1,,"seldomly I use:  HLM, QROC, SAS, MPlus","Some tools are used by everyone, but sometimes different people or different projects use additional tools.","Yes, always","Yes, I primarily create my own code.",1,1,,,,,,1,,I've emailed SAS and SPSS syntax to other sites of multi-site studies.  I've also received syntax this way.,1,1,,,,,,,,,1,Keep copies of my SPSS syntax.,No ,Yes. Someone could recreate both my data cleaning/coding and analysis steps.,1,3,1,2,3,2,2,2,1,1,,,,,,1,,,,,,1,,,,,,,,1,,1,,,1,,,1,1,,,,No,No,,Yes,3,1,,,,,,,1,,"Yes, someone could recreate both my data cleaning/coding and analysis steps.",8+ years (and maintained so it is always accessible),,1,,1,1,1,,1,,1,,,,,,,,,,1,,,,4,5,2,4,2,1,1,,1,,,1,,,No,No,No,Yes,No,No,Yes,No,Yes,Yes,No,No,No,No,Yes,No,Yes,No,No,Yes,No,Yes,Yes,No,No,No,No,Yes,4,5,5,5,5,
136,137,Graduate Student,,1,10,Predominantly research focused university or college,, United States of America,0,0,0,0,0,0,0,0,Social and Personality Psychology,,Primarily quantitative,1,,,,,,,1,,,,1,,,,,,1,,,,,No,1,1,,1,,1,1,,1,,,,1,,,,1,1,1,,,,,,"Yes, and I have taken advantage of it.",Im not sure if my institution offers these services,"Yes, and I have taken advantage of it.",3,1,3,3,3,3,3,1,1,3,,,,,,,,,,,,,,,0,,,,,,,,,,0,,,,,,,,,,,,,0,,,,,,,,,,,,,,,,0,,,,,,,,,,0,,,,,,,,,,0,,,,,,,,0,,,,,,,,,,0,,,,,,,,,,,,,,,,,,,,,,,,0,,,,,,,,,,,,,,,,,,0,,,,,,,,,,,,,,,,,,,,0,,,,,,,,,,0,,,,,,,,,,,,,,,,,,,,,,0,,,,,,,,,,,,,0,,,,,,,,,,0,,,,,,,,,,,,,,,,0,,,,,,,,,,,,0,,,,,,,,,,,,,,,,,,,,,,,,,,,0,,,,,,,,,,,,,,,,,,,,,,,,,,,,,,,,,,,,,,,,,,
137,138,Graduate Student,,1,8,Predominantly research focused university or college,, Canada,1,18,15,2,0,0,1,3,Social and Personality Psychology,,Primarily quantitative,1,,,1,,,,,,,,1,,,,,,1,,,,,"Yes, though I generally do not revisit my DMPs after I submit a grant or project proposal.",1,1,1,,,1,,1,1,,,,1,,,,,,,,1,,,,Im not sure if my institution offers these services,Im not sure if my institution offers these services,Im not sure if my institution offers these services,4,3,4,4,4,4,4,2,2,3,5,4,3,4,4,3,4,3,4,4,5,3,2,5,1,1,1,,1,,,,,Yes,1,,,,,,,,1,,,,,1,1,1,,1,1,1,1,,,,,,,,,1,1,,,1,,,1,,,1,,,1,,,,,,,1,1,,,,,1,Encrypted Cloud storage (Sync),1,1,,,,,,,,No,1,1,,,1,,,,,1,,,,,No,1,4,5,5,5,5,4,2,5,1,1,,,,,,,,,1,,,1,,,,,1,,,,,,,,,,,,,1,,,,"Some tools are used by everyone, but sometimes different people or different projects use additional tools.","Sometimes, when possible","Yes, I primarily create my own code.",1,,1,,,,,,,,1,,,,,,1,,,,,,No ,Yes. Someone could recreate both my data cleaning/coding and analysis steps.,2,2,4,4,4,4,2,5,1,1,1,,,,,,,,,1,,1,1,,1,,,,,,,1,1,1,,,,1,1,,,,"Yes, I have been required to both share data and complete a data availability statement.",No,,Yes,3,1,,,,,,,1,,I am not sure.,4-8 years after the conclusion of a project,,1,,,,1,1,1,,,,,,,,,,,,,,,,4,4,4,4,4,0,,,,,,,,,,Yes,No,Yes,No,No,No,No,No,No,No,Yes,Yes,No,No,Yes,Yes,I dont know,I dont know,I dont know,No,I dont know,I dont know,I dont know,Yes,Yes,I dont know,I dont know,2,2,2,2,2,
138,139,Research Assistant (including undergraduate RA),,1,,Medical school or health sciences center,, France,1,180,180,0,0,0,0,,Industrial/Organizational Psychology,,Primarily qualitative,1,,,,,,,,1,,ANR,1,,,,1,,,,,,,"Yes, though I generally do not revisit my DMPs after I submit a grant or project proposal.",1,,,1,,,,,,,,,1,,1,,,,,,,,,,,,,,,,,,,,,,,,,,,,,,,,,,,,,0,,,,,,,,,,0,,,,,,,,,,,,,1,1,,,,,,,,,,,,,,,0,,,,,,,,,,1,,,,1,,,,,,0,,,,,,,,0,,,,,,,,,,1,,,,,,,,,,1,,,,,,,,,,,,,,0,,,,,,,,,,,,,,,,,,0,,,,,,,,,,,,,,,,,,,,0,,,,,,,,,,0,,,,,,,,,,,,,,,,,,,,,,0,,,,,,,,,,,,,0,,,,,,,,,,0,,,,,,,,,,,,,,,,0,,,,,,,,,,,,0,,,,,,,,,,,,,,,,,,,,,,,,,,,0,,,,,,,,,,,,,,,,,,,,,,,,,,,,,,,,,,,,,,,,,,
139,141,Graduate Student,,1,5,Equally research/teaching focused university or college,, Spain,1,5,1,2,0,2,0,0,Cognitive Psychology,,A mix of quantitative and qualitative,1,,,1,,,,,,,,1,,,,,,1,,,,,"Yes, and I generally revist my DMPs throughout the course of a project.",1,,,1,,,1,,1,,,,1,,,,,1,,,,,,,No,"Yes, and I have taken advantage of it.","Yes, and I have taken advantage of it.",1,1,2,2,2,1,1,1,2,1,5,5,2,5,5,3,5,5,5,5,5,,,,0,,,,,,,,,,0,,,,,,,,,,,,,0,,,,,,,,,,,,,,,,0,,,,,,,,,,0,,,,,,,,,,0,,,,,,,,0,,,,,,,,,,0,,,,,,,,,,,,,,,,,,,,,,,,0,,,,,,,,,,,,,,,,,,0,,,,,,,,,,,,,,,,,,,,0,,,,,,,,,,0,,,,,,,,,,,,,,,,,,,,,,0,,,,,,,,,,,,,0,,,,,,,,,,0,,,,,,,,,,,,,,,,0,,,,,,,,,,,,0,,,,,,,,,,,,,,,,,,,,,,,,,,,0,,,,,,,,,,,,,,,,,,,,,,,,,,,,,,,,,,,,,,,,,,
140,142,Graduate Student,,1,6,Predominantly research focused university or college,, United States of America,1,7,5,1,1,0,0,0,Cognitive Psychology,,Primarily quantitative,1,,,,,,,,,1,,0,,,,,,,,,,,"Yes, though I generally do not revisit my DMPs after I submit a grant or project proposal.",1,1,,1,1,,,,1,,,,1,1,,,,,,,1,,,,"Yes, and I have taken advantage of it.",Im not sure if my institution offers these services,"Yes, and I have taken advantage of it.",3,1,1,3,3,3,3,2,1,3,3,2,1,4,3,3,2,2,3,3,3,2,2,5,1,1,,,,,,,,No,1,1,,,,,,,,,1,,Visual Basic ,1,,1,,,,1,,,,,,,,,,1,,,,,,,1,,,1,,,,,,,,1,,1,,1,,,,,,1,1,1,,1,,,,,Im not sure.,1,,,1,1,,,,,1,,,,,Yes ,1,2,2,2,2,4,3,2,5,1,,,,,,,,,,1,,,1,,,,,1,1,,,,,,,,,,,,1,,,,"Some tools are used by everyone, but sometimes different people or different projects use additional tools.","Sometimes, when possible","Yes, I primarily create my own code.",1,,,,,,,,1,,1,,,,,1,,,,,,,No ,Yes. Someone could recreate both my data cleaning/coding and analysis steps.,2,2,2,3,5,1,2,5,1,,,,,,,,,,,1,,1,,,,,,,,1,,1,1,1,,,,1,1,1,,I have not yet shared my data but plan to in the future for the selected reasons. ,No,Yes,5,No,,1,,,,,,1,,To recreate a figure for reuse in my publication. ,I am not sure.,I dont know.,,1,,1,,,,1,,,,,,,,,,,1,1,,,,4,3,1,5,5,1,1,1,1,,,,,,No,I dont know,No,No,No,No,Yes,No,No,No,No,Yes,No,No,Yes,Yes,Yes,Yes,I dont know,Yes,No,I dont know,I dont know,I dont know,Yes,I dont know,I dont know,Yes,5,3,3,2,4,
141,143,Research Associate/Scientist,,1,10,Predominantly teaching focused university or college,, United States of America,1,2,2,0,0,0,0,0,Quantitative Psychology,,Primarily quantitative,1,,,,,,,,,1,,1,,1,,,,,,,,,No,1,,,,,,1,,1,,,,1,,,,,,,,1,,,,No,No,No,1,1,1,1,,2,1,1,1,1,5,4,4,5,4,4,4,3,3,4,4,4,4,3,1,1,,1,,,,,,No,1,,,,,,,,,,,1,,1,,1,,1,1,,,,,,,,,,,1,1,,1,1,,1,1,,,1,,,,,,,,1,,1,1,,,,,,,1,1,1,,,,,,,Yes ,1,,1,1,,,,,,,,,,,Yes ,2,1,1,1,1,1,4,4,3,1,,,,,,,,,,,,,,,,1,,1,1,1,,,,,,,,1,,,,1,,Fortran,"Yes, everyone uses the same software tool(s).","Yes, always","Yes, I use both code I have created myself and adapt code written by others.",1,,,,,,,1,,Email when requested,1,,,,,,,,,1,,,Not applicable,Yes. Someone could recreate both my data cleaning/coding and analysis steps.,2,3,1,1,2,3,4,3,1,,,,,,,,,,1,,,1,,,,,,,,1,,1,,,,,,,,,1,,No,No,,No,,1,,,,,,,1,,"Yes, someone could recreate both my data cleaning/coding and analysis steps.",4-8 years after the conclusion of a project,,1,,1,,1,,,,,,,,,,,,,,,,,,1,1,2,2,2,1,1,,,,,,,,Yes,I dont know,I dont know,No,Yes,No,No,Yes,No,No,Yes,Yes,Yes,Yes,Yes,I dont know,Yes,Yes,I dont know,I dont know,Yes,I dont know,No,Yes,Yes,Yes,I dont know,Yes,2,2,3,3,4,
142,144,Graduate Student,,1,9,Predominantly research focused university or college,, United States of America,0,0,0,0,0,0,0,2,Developmental Psychology,,Primarily quantitative,1,,1,,,,,1,,,,1,1,,,,,1,,,,,No,1,,,,,1,,,1,,,,1,,,,,1,1,,,,,,Im not sure if my institution offers these services,Im not sure if my institution offers these services,Im not sure if my institution offers these services,4,4,4,4,5,5,4,3,4,4,3,2,3,4,3,3,3,4,4,3,4,3,3,4,1,1,,,,,,,,Yes,1,1,,,,,1,,1,,,,,1,1,1,,1,,1,,1,,,,,1,,,1,1,,,,,,1,,,1,,,,,,,,1,,1,1,,1,,,,,1,1,,,,,,,,Im not sure.,1,,,,,,,1,1,,,,,,No,2,4,4,3,3,3,2,2,4,1,1,,,,,,,,,,,,1,,,,,1,1,1,,,,1,,,,,,,1,,,,"No, there is no standardization in terms of what software tools my lab or research group members use.","Sometimes, when possible","Yes, I use both code I have created myself and adapt code written by others.",1,,,,,,,,1,,1,,,,,,,,,,1,versions of syntax,No ,No. I would have to be present.,2,2,3,3,3,2,2,4,1,1,1,,1,,,1,1,,,,,1,1,,,,,,,,,1,,,,,1,1,,,,,"Yes, I have been required to share data.	 ",No,,No,,1,,,,,,,1,,"Yes, someone could recreate both my data cleaning/coding and analysis steps.",1-3 years after the conclusion of a project,,1,,1,,1,,1,,,,,,,1,,,,,,,,,4,4,4,4,4,1,1,,1,,,,,,No,Yes,No,No,No,No,Yes,No,No,No,No,No,No,No,No,No,Yes,Yes,Yes,Yes,No,Yes,No,Yes,Yes,Yes,Yes,Yes,3,4,4,4,4,
143,145,"Assistant Professor (US), Lecturer (UK), or equivalent",,1,8,Medical school or health sciences center,, Sweden,1,10,4,2,0,4,0,10,Cognitive Neuroscience,,Primarily quantitative,1,,,1,1,1,,1,,,,1,1,1,1,,,,,,,,"Yes, and I generally revist my DMPs throughout the course of a project.",1,,1,1,1,1,1,1,1,,,,1,,1,1,1,1,1,1,1,,,,"Yes, and I have taken advantage of it.",No,No,4,4,2,1,3,3,1,1,2,1,5,4,3,3,4,3,5,2,3,5,5,4,3,5,1,1,1,1,,,1,,,Yes,1,1,,,1,,,,,,,,,1,,1,1,1,,1,1,,1,1,1,1,1,,,1,1,1,1,1,1,1,1,,,1,,1,1,,,,,,,1,1,1,,1,,,,1,1,1,1,,,,,,No,1,1,1,1,1,,,1,,,1,,,,No,2,2,1,2,1,1,4,3,5,1,,,,,,,,,,,,,,,1,,,1,,,,,,1,,,,,,,1,,,,"No, there is no standardization in terms of what software tools my lab or research group members use.","Sometimes, when possible","Yes, I primarily create my own code.",1,,1,1,,,,,,,1,,,1,1,1,1,,1,,,,No ,Yes. Someone could recreate both my data cleaning/coding and analysis steps.,2,2,1,1,1,4,3,5,1,,1,,,,1,,,,,1,,1,,1,1,1,1,,,,,1,1,1,1,,1,1,1,,,,"Yes, I have been required to both share data and complete a data availability statement.",Yes,3,Yes,4,1,1,1,1,1,,,,,"Yes, someone could recreate both my data cleaning/coding and analysis steps.",8+ years (and maintained so it is always accessible),,1,,1,1,1,,1,,,1,1,1,1,1,1,1,1,1,1,1,,,2,1,2,1,2,1,1,1,1,,1,1,,,Yes,Yes,Yes,Yes,Yes,Yes,Yes,Yes,Yes,Yes,Yes,Yes,No,No,Yes,Yes,Yes,Yes,Yes,Yes,Yes,Yes,Yes,Yes,Yes,Yes,I dont know,Yes,1,1,1,1,1,
144,146,Graduate Student,,1,8,Predominantly research focused university or college,, United States of America,1,14,4,2,6,2,0,2,Developmental Psychology,,Primarily quantitative,1,,1,1,,,,1,,,,1,,,,,,1,,,,,No,1,1,,,,1,,,,,,,1,,,,,1,,,,,,,No,Im not sure if my institution offers these services,"Yes, and I have taken advantage of it.",3,2,3,3,3,4,1,1,2,2,3,4,3,4,4,3,3,2,5,4,4,3,3,4,1,1,1,,1,,1,,,No,1,,,,,,,1,,1,,,,1,,1,,1,,1,,,,,,,1,,,1,1,1,1,1,1,1,1,,,1,,1,1,,,,,,,1,,1,,,,,,1,1,1,1,,,,,,Yes ,1,,,1,,,,,,,,,,,No,1,4,2,3,2,3,4,2,4,1,1,,,,,,,,,1,,,1,,,,,1,,,,,,,,,,,,,1,,,,"Some tools are used by everyone, but sometimes different people or different projects use additional tools.","Sometimes, when possible","Yes, I primarily create my own code.",1,,1,1,,,,,,,1,1,1,1,,,1,,1,,,,Yes,Yes. Someone could recreate both my data cleaning/coding and analysis steps.,2,2,1,2,2,5,3,5,1,,,,,,,,,,,1,,1,1,,,,,,,,,1,1,1,,,,1,1,,,,"Yes, I have been required to both share data and complete a data availability statement.",Yes,3,No,,1,1,,,,,,,,"Yes, someone could recreate both my data cleaning/coding and analysis steps.",8+ years (but in a formats that it may become obsolete),,1,,1,,,,1,,,,,,,,,,,,1,,,,2,1,1,3,2,1,1,1,1,,,,,,No,Yes,Yes,Yes,Yes,No,Yes,Yes,No,Yes,Yes,Yes,No,No,No,Yes,Yes,Yes,Yes,Yes,Yes,No,Yes,Yes,Yes,Yes,No,Yes,1,1,1,1,3,
145,147,Graduate Student,,1,6,Equally research/teaching focused university or college,, Netherlands,1,9,1,5,2,1,0,4,Social and Personality Psychology,,Primarily quantitative,1,,,,,,,,1,,European Research Council,1,,,,,,1,,,,,No,1,1,1,1,1,1,1,1,1,,,,1,1,1,1,,,1,,,,,,"Yes, but I have not taken advantage of it.","Yes, but I have not taken advantage of it.","Yes, but I have not taken advantage of it.",3,1,4,2,1,2,1,1,5,2,5,3,2,3,3,1,4,2,1,5,5,2,1,5,1,1,1,,1,1,1,,,No,1,,,,,,,,1,,1,,formr; zTree; SoPHIE,1,1,1,,1,1,1,,,,,,,,,,1,,,1,1,1,1,1,,,1,,,1,,,,,,,1,1,1,,,,1,I store data on an institutional repository,1,,,1,,1,,,,No,1,,,,,1,,,,1,1,,,,Yes ,2,2,3,5,4,4,3,2,4,1,1,,,,,,1,,,1,,,1,,,,,1,,,,,,,1,,,,,,1,,,,"No, there is no standardization in terms of what software tools my lab or research group members use.","Sometimes, when possible","Yes, I primarily create my own code.",1,,,1,,,,,,,1,,,,,1,,,,,,,No ,Yes. Someone could recreate both my data cleaning/coding and analysis steps.,4,3,2,4,3,4,3,5,1,,1,,,,,,,,,,,1,,,1,,,,,,,1,1,1,1,,,1,1,,,,Im not sure.,Yes,4,Yes,4,1,1,,1,,,,,,"Yes, someone could recreate both my data cleaning/coding and analysis steps.",Other (Please describe),Too early in my career to be sure - but data are on the OSF in .csv format.,1,1,1,,1,,1,,,,,,,,1,,1,1,1,,,,2,2,5,1,4,1,1,1,1,,1,1,,,No,Yes,Yes,No,Yes,Yes,Yes,Yes,No,Yes,No,Yes,Yes,No,No,Yes,Yes,Yes,Yes,Yes,Yes,Yes,Yes,Yes,Yes,Yes,I dont know,Yes,1,1,1,1,1,
146,148,Graduate Student,,1,3,Predominantly research focused university or college,, United Kingdom of Great Britain and Northern Ireland,1,8,1,6,0,1,0,3,Cognitive Psychology,,Primarily quantitative,1,,,1,,,,,,,,1,1,,,,,1,,,,,"Yes, though I generally do not revisit my DMPs after I submit a grant or project proposal.",1,1,,1,1,1,1,1,1,,,,1,1,,,1,,,1,1,,,,"Yes, but I have not taken advantage of it.","Yes, but I have not taken advantage of it.","Yes, and I have taken advantage of it.",3,1,2,4,4,3,4,1,1,3,4,5,2,4,2,4,4,2,2,5,5,3,1,4,1,,,,1,,,,,No,1,,,,,,1,,1,1,,,,1,,1,,1,,1,1,,,,,,,,,1,1,1,1,1,1,,1,,,1,,1,1,1,,,,,,1,1,1,,1,,,,1,1,1,1,,,,,,Im not sure.,1,,1,,,,1,,,1,1,,,,Im not sure.,I do not keep any backup copies of my digital files/data.,2,3,3,4,3,3,1,4,1,1,,,,,1,,,,1,,,1,,,,,1,,,,,,,,,,,,,1,,,,"No, there is no standardization in terms of what software tools my lab or research group members use.","Sometimes, when possible","Yes, I primarily create my own code.",1,,1,1,1,,,,,,1,,,1,,1,1,,,,,,,Yes. Someone could recreate both my data cleaning/coding and analysis steps.,2,2,2,3,2,4,2,4,1,,,,,,,,,,,1,,1,1,,1,1,,,,,,1,1,1,1,,,1,1,,,,"Yes, I have been required to complete a data availability statement.",Yes,1,No,,1,1,,1,,,,,,I am not sure.,I dont know.,,1,,,,1,,1,,,,,,,,1,1,1,1,,,,,2,2,2,2,3,1,1,1,1,,1,,,,No,Yes,Yes,Yes,I dont know,No,Yes,No,No,Yes,Yes,Yes,Yes,I dont know,Yes,Yes,Yes,I dont know,Yes,Yes,I dont know,I dont know,Yes,Yes,Yes,I dont know,I dont know,I dont know,2,2,2,3,3,
147,149,"Assistant Professor (US), Lecturer (UK), or equivalent",,2,16,Predominantly research focused university or college,, United States of America,1,15,10,4,0,0,1,2,Developmental Psychology,,Primarily quantitative,1,,,1,1,,,1,,,,1,1,1,,,,,,,,,"Yes, though I generally do not revisit my DMPs after I submit a grant or project proposal.",1,1,1,,,1,,,1,,,,1,1,1,,,1,,1,1,,,,Im not sure if my institution offers these services,No,No,2,4,3,2,4,3,1,1,3,1,5,5,5,5,2,3,5,2,3,4,5,,,,0,,,,,,,,,,0,,,,,,,,,,,,,0,,,,,,,,,,,,,,,,0,,,,,,,,,,0,,,,,,,,,,0,,,,,,,,0,,,,,,,,,,0,,,,,,,,,,,,,,,,,,,,,,,,0,,,,,,,,,,,,,,,,,,0,,,,,,,,,,,,,,,,,,,,0,,,,,,,,,,0,,,,,,,,,,,,,,,,,,,,,,0,,,,,,,,,,,,,0,,,,,,,,,,0,,,,,,,,,,,,,,,,0,,,,,,,,,,,,0,,,,,,,,,,,,,,,,,,,,,,,,,,,0,,,,,,,,,,,,,,,,,,,,,,,,,,,,,,,,,,,,,,,,,,
148,150,"Assistant Professor (US), Lecturer (UK), or equivalent",,2,18,Equally research/teaching focused university or college,, United Kingdom of Great Britain and Northern Ireland,1,6,4,1,0,1,0,3,Cognitive Neuroscience,,Primarily quantitative,1,,,,,,,1,,,,1,1,,,,,,,,,,No,1,1,,1,,1,,1,1,,,,1,,,,,,,,,,1,,"Yes, but I have not taken advantage of it.",Im not sure if my institution offers these services,"Yes, and I have taken advantage of it.",2,1,2,4,4,4,1,1,1,1,5,5,2,5,1,1,4,1,1,5,5,3,2,3,1,1,,,,,1,,,Yes,1,1,,,,,,,,,1,,hospital records,1,,1,1,,,1,1,1,1,,,,1,,,1,1,1,1,,1,1,1,,,1,,,,,,,,1,,1,1,,,,,,,1,1,1,1,,,,,,Yes ,1,,1,,1,,,,,,,,,,Yes ,1,4,1,1,1,2,2,2,5,1,,,,,,,,,,1,,,,,,,,1,1,,,,,1,,,,1,,,,,,,"Some tools are used by everyone, but sometimes different people or different projects use additional tools.","Yes, always","Yes, I primarily adapt code written by others.",1,,,1,1,,,,,,1,,1,,,,,,1,,,,Yes,Someone could recreate my data analysis but not cleaning/coding steps.,1,1,1,1,1,2,2,4,1,,,1,,,1,,,,,,,1,,,1,1,,,,,,1,1,1,,,,1,1,,,,No,No,,No,,1,,,1,,,,,,Someone could recreate my data analysis but not cleaning/coding steps.,8+ years (but in a formats that it may become obsolete),,1,,1,1,,,1,1,1,1,,,,1,1,1,1,1,1,1,,,2,1,1,4,3,1,1,1,1,,1,1,,,No,No,Yes,Yes,Yes,Yes,Yes,No,No,Yes,Yes,Yes,No,No,Yes,Yes,Yes,Yes,Yes,Yes,No,No,Yes,Yes,Yes,Yes,I dont know,Yes,1,1,1,1,1,
149,151,Post-Doctoral Fellow,,2,18,Predominantly research focused university or college,, Hungary,1,13,3,3,3,3,1,4,Social and Personality Psychology,,Primarily quantitative,1,,1,,,,,1,,,,1,,,,,1,,,,,,"Yes, though I generally do not revisit my DMPs after I submit a grant or project proposal.",1,1,,,,1,,,1,,,,1,1,,,,1,,,1,,,,No,No,"Yes, but I have not taken advantage of it.",3,3,4,4,4,3,3,3,4,4,5,4,3,4,2,2,3,2,4,4,2,,,,0,,,,,,,,,,0,,,,,,,,,,,,,0,,,,,,,,,,,,,,,,0,,,,,,,,,,0,,,,,,,,,,0,,,,,,,,0,,,,,,,,,,0,,,,,,,,,,,,,,,,,,,,,,,,0,,,,,,,,,,,,,,,,,,0,,,,,,,,,,,,,,,,,,,,0,,,,,,,,,,0,,,,,,,,,,,,,,,,,,,,,,0,,,,,,,,,,,,,0,,,,,,,,,,0,,,,,,,,,,,,,,,,0,,,,,,,,,,,,0,,,,,,,,,,,,,,,,,,,,,,,,,,,0,,,,,,,,,,,,,,,,,,,,,,,,,,,,,,,,,,,,,,,,,,
150,152,Graduate Student,,1,8,Predominantly research focused university or college,, Switzerland,1,4,2,1,0,1,0,3,Biopsychology or Behavioral Neuroscience,,Primarily quantitative,1,,1,,,,,,1,,"(Swiss National Science Foundation, unsure if only the American is meant with the choice)",1,,,,,,1,,,1,Grad Student but it is my own grant (grant towards me as a person so to speak),No,1,1,1,1,1,,1,1,1,,,,1,1,,1,1,,,,,,,,Im not sure if my institution offers these services,Im not sure if my institution offers these services,Im not sure if my institution offers these services,4,3,3,4,3,3,5,4,3,3,5,4,2,2,3,2,3,2,2,4,5,2,3,4,1,,1,1,1,,,,,Yes,1,,,,,,,,,,1,,Soscisurvey (online questionnaire platform based in germany),1,,1,1,1,1,,,,1,1,1,1,,,,1,1,1,,1,,,1,,,1,,,,,,,,1,,1,,1,,1,,,,1,1,1,,,,,,,Not applicable,1,1,,,1,,,,1,,,,,,Yes ,1,4,3,3,3,3,3,3,4,1,,,,,,,,,,1,,,1,,,,,1,,,,,,1,,,,,,,1,,,,"Some tools are used by everyone, but sometimes different people or different projects use additional tools.",No,"Yes, I primarily create my own code.",1,,,1,,,,,,,1,,1,,,1,,,,,1,"I would use github but it's not allowed to be installed on the lab computers, additionally I always try to always use comments in my scripts which document my analysis steps",Yes,Yes. Someone could recreate both my data cleaning/coding and analysis steps.,3,3,3,4,4,2,2,4,1,1,1,,,,1,,,,,,,1,,,1,,,,,,,1,,1,,,,1,,,,,Im not sure.,No,,No,,1,,,,,,,1,,I am not sure.,Other (Please describe),my lab is only 3 years old and we are just completing the first project,1,,,,,,,,,,,,,,,,,,,,1,see reply above,4,3,3,3,5,1,1,1,1,,1,1,,,No,I dont know,Yes,Yes,No,No,Yes,No,No,No,No,No,No,No,No,Yes,Yes,I dont know,I dont know,Yes,I dont know,I dont know,I dont know,I dont know,Yes,Yes,I dont know,Yes,3,3,3,3,3,
151,153,Post-Doctoral Fellow,,1,6,Equally research/teaching focused university or college,, France,1,4,0,2,1,1,0,0,Social and Personality Psychology,,Primarily quantitative,1,,,1,,,,,,,,1,,,,,1,,,,,,No,1,1,1,1,1,1,1,1,1,,,,1,1,1,1,1,1,1,1,,,,,Im not sure if my institution offers these services,Im not sure if my institution offers these services,Im not sure if my institution offers these services,1,1,1,1,1,1,1,1,1,1,3,5,1,1,1,1,5,1,3,5,5,3,2,4,1,1,,,1,,,,,No,1,,,,,,,,1,,,,,1,,1,,1,,,1,,,,,,,,,1,1,,1,,1,1,,,,1,,,1,,,,,,,1,1,1,,,,,,1,1,,,,,,,,Im not sure.,1,,,,,,,,,1,,1,,storing a copy of the data on Qualtrics,Im not sure.,1,3,1,3,1,1,4,2,3,1,,,,,,,,,,1,,,,,,,,1,1,,1,,,,,,,1,,,1,,,,"Some tools are used by everyone, but sometimes different people or different projects use additional tools.",No,"Yes, I use both code I have created myself and adapt code written by others.",1,,,1,,,,,,,1,1,1,,,1,,,,,,,No ,Yes. Someone could recreate both my data cleaning/coding and analysis steps.,2,3,1,1,1,4,2,4,1,,,1,,,,,,,,,,1,1,,1,,,,,,,1,1,1,,,,1,1,,,,"Yes, I have been required to both share data and complete a data availability statement.",Yes,4,No,,1,,1,,,,,,,"Yes, someone could recreate both my data cleaning/coding and analysis steps.",Other (Please describe),I have data from all projects and intend to keep,1,,,,,,,,,,,,,,,,,,,,1,All that is collected?,1,1,1,1,1,1,1,1,1,,,1,,,I dont know,Yes,Yes,Yes,Yes,No,No,No,I dont know,Yes,Yes,Yes,Yes,No,No,Yes,Yes,Yes,Yes,Yes,Yes,I dont know,Yes,Yes,Yes,Yes,I dont know,I dont know,1,1,1,1,1,
152,154,"Professor (US), Reader (UK), or equivalent",,1,10,Equally research/teaching focused university or college,, South Africa,1,11,2,5,1,3,0,2,Biopsychology or Behavioral Neuroscience,,Primarily quantitative,1,,1,,,1,,1,,,,1,1,,,,,,,,,,"Yes, though I generally do not revisit my DMPs after I submit a grant or project proposal.",1,1,,,1,,,,1,,,,1,,,,,1,,,1,,,,"Yes, and I have taken advantage of it.",Im not sure if my institution offers these services,Im not sure if my institution offers these services,3,1,1,3,1,2,1,1,1,1,5,3,2,1,1,2,4,1,1,5,5,4,3,5,1,1,1,,,,1,,,Yes,1,,,,,,,1,,,,,,1,,1,1,1,1,1,,,,,1,1,,,,1,1,,,1,1,1,1,,,1,,1,,1,,,,,,1,,1,,,,,,1,,1,1,,,,,,Im not sure.,1,,,,,,,,,1,,,,,Im not sure.,1,4,3,4,3,2,,,,0,,,,,,,,,,,,,,,,,,0,,,,,,,,,,,,,,,,,,,,0,,,,,,,,,,0,,,,,,,,,,,,,,,,,,,,,,0,,,,,,,,,,,,,0,,,,,,,,,,0,,,,,,,,,,,,,,,,0,,,,,,,,,,,,0,,,,,,,,,,,,,,,,,,,,,,,,,,,0,,,,,,,,,,,,,,,,,,,,,,,,,,,,,,,,,,,,,,,,,,
153,155,"Professor (US), Reader (UK), or equivalent",,2,30,Predominantly teaching focused university or college,, United States of America,1,8,8,0,0,0,0,4,Social and Personality Psychology,,Primarily quantitative,1,,,,,,,,,1,,0,,,,,,,,,,,No,1,1,1,1,,,,1,1,,,,1,,1,,,,,,,1,,From reviewers of a data paper I published,No,No,No,1,1,1,1,1,1,1,1,1,1,5,3,1,5,3,3,3,3,3,5,5,5,5,5,1,1,,,1,,,,,No,1,,,,,,,,1,,,,,1,,1,,1,,,,,,,,,,,,1,1,,,,,,1,,,1,,,1,,,,,,,1,1,,,,,,,1,,,,,,1,,,Not applicable,1,,,1,,,,,,,,,,,Yes ,3,1,1,2,1,2,1,2,2,1,,,,,,,,,,1,,,,,,,,1,,1,,,,,,,,1,,,,,,,"Yes, everyone uses the same software tool(s).","Yes, always",No,1,,,,,,,,1,,1,,1,,,,,,,,,,Not applicable,Yes. Someone could recreate both my data cleaning/coding and analysis steps.,3,3,1,2,1,5,3,4,1,1,,,,,,,,,,,,1,1,,1,,,,,,,1,1,1,1,,,1,1,,,,No,No,,Yes,3,1,,,,,,,1,,"Yes, someone could recreate both my data cleaning/coding and analysis steps.",8+ years (and maintained so it is always accessible),,1,,1,,,1,,,,,,,,,,,,1,,1,,,2,2,1,2,2,1,1,1,1,1,,1,,,No,I dont know,Yes,Yes,Yes,Yes,,Yes,No,No,No,No,No,No,Yes,Yes,Yes,Yes,Yes,,Yes,No,No,No,I dont know,I dont know,I dont know,Yes,2,2,2,2,3,
154,156,Post-Doctoral Fellow,,1,9,Predominantly research focused university or college,, Italy,1,8,3,1,3,1,0,2,Cognitive Neuroscience,,Primarily quantitative,1,,,1,,,,,,,,1,,,,,1,,,,,,No,1,,,,,1,,,,,,,1,,,,,1,,,,,,,No,No,"Yes, but I have not taken advantage of it.",5,2,4,4,5,3,5,3,5,5,5,5,3,3,4,5,2,3,2,3,4,2,3,4,1,1,,,,,,,,No,1,1,,,,1,1,,,,,,,1,,1,,,,1,,,1,,,,,,,1,,1,1,,1,1,1,,,1,,1,,,1,,,,,1,,1,,1,,,,1,,,,1,1,,,,Im not sure.,1,,,,,,1,1,1,1,,,,,Im not sure.,1,5,5,5,5,2,4,3,5,1,,,,,,1,,1,,1,,,1,,,,,1,,,,,,1,,1,,,,,,,,,"Some tools are used by everyone, but sometimes different people or different projects use additional tools.",No,"Yes, I primarily create my own code.",1,,1,,,,,,,,1,1,1,,,1,1,,,,,,No ,No. I would have to be present.,1,1,3,3,5,2,3,4,1,1,,,1,,1,,,,,,,1,1,,,,,,,,,1,,,,,1,,,,,,"Yes, I have been required to share data.	 ",No,,No,,1,,,,1,,,,,Someone could recreate my cleaning/coding but not analysis steps.,4-8 years after the conclusion of a project,,1,,,,,,1,,,1,,,,,,,,,,,,,5,4,5,5,5,1,,,1,,,,,,I dont know,I dont know,Yes,Yes,Yes,No,No,No,No,No,No,No,No,No,No,Yes,Yes,I dont know,I dont know,I dont know,Yes,Yes,Yes,Yes,I dont know,I dont know,No,No,2,2,2,4,2,
155,157,Post-Doctoral Fellow,,1,11,Predominantly research focused university or college,, United States of America,1,19,10,4,3,1,1,1,Developmental Psychology,,Primarily quantitative,1,1,1,1,,,,1,,,,1,,,,,1,,,,,,No,1,1,1,1,,1,,,,,,,1,,,,,1,,,,,,,Im not sure if my institution offers these services,Im not sure if my institution offers these services,"Yes, and I have taken advantage of it.",5,1,3,5,5,1,4,1,2,5,3,3,3,4,1,3,2,3,2,3,3,4,3,3,1,1,1,1,1,,1,,,Yes,1,,,,,,1,,1,,,,,1,1,1,,1,,1,,,,,,,1,,,1,1,1,1,,1,1,1,,,1,,,,,,,1,,"Emailed (i.e., copy and paste into body of email)to collaborators",1,,1,1,1,,,,1,1,1,,,,,,,Yes ,1,,1,,,,1,,,1,,,,,Im not sure.,1,3,5,4,5,5,2,2,4,1,,,,,,,,,,1,1,,,,,,,1,1,,,,,1,,,,1,,,1,,,,"No, there is no standardization in terms of what software tools my lab or research group members use.",No,"Yes, I use both code I have created myself and adapt code written by others.",1,,,,,,,1,,via email (pasted into body of email),1,,1,,,,,,1,1,,,No ,No. I would have to be present.,1,3,4,5,4,2,2,4,1,1,1,,,,1,1,,,,,,1,1,,,,,,,,,1,1,,,,1,,,,,,"Yes, I have been required to both share data and complete a data availability statement.",No,,No,,1,,,,,,,1,,Someone could recreate my data analysis but not cleaning/coding steps.,8+ years (but in a formats that it may become obsolete),,1,1,1,,1,,1,1,,,,,,1,1,1,1,1,1,1,,,5,5,2,3,5,1,1,,1,,1,,,,No,Yes,Yes,Yes,No,No,Yes,No,Yes,No,No,No,No,No,No,Yes,Yes,I dont know,I dont know,Yes,I dont know,Yes,No,No,I dont know,I dont know,No,I dont know,3,4,5,5,4,
156,158,Post-Doctoral Fellow,,1,7,Predominantly research focused university or college,, United States of America,1,13,7,3,1,1,1,2,Developmental Psychology,,Primarily quantitative,1,,,,1,,,,,,,1,,,,,1,,,,,,No,1,1,,,,1,1,1,1,,,,1,1,,1,1,1,1,1,1,,,,Im not sure if my institution offers these services,"Yes, but I have not taken advantage of it.","Yes, but I have not taken advantage of it.",1,2,5,4,3,3,2,1,1,1,2,3,1,1,5,2,5,1,3,5,5,3,4,4,1,1,1,,1,,,,,Yes,1,,,,,,,,1,,,,,1,1,1,,1,1,1,1,,,,,,,,,1,1,1,1,1,1,1,1,,,1,,,1,,,,,,,1,1,1,,,,,,1,,,,1,,,,,Im not sure.,1,,,,1,,,,,,1,,,,Im not sure.,1,3,1,1,1,1,3,4,4,1,,,,,,,,,1,1,,,1,,,,,1,,,,,,,,,1,1,,,,,,,Im not sure.,"Yes, always","Yes, I primarily adapt code written by others.",1,,,1,,,,,,,1,,1,,,,,,,,,,Not applicable,Someone could recreate my cleaning/coding but not analysis steps.,2,5,4,3,4,3,4,5,1,,,,,,,,,,,1,,1,,,1,,,,,,,1,1,1,,1,1,1,1,,,,"Yes, I have been required to both share data and complete a data availability statement.",No,,No,,1,,,,,,,1,,"Yes, someone could recreate both my data cleaning/coding and analysis steps.",4-8 years after the conclusion of a project,,1,1,1,,1,1,1,1,,,,,,,,,,1,1,1,,,4,4,1,5,4,1,1,1,1,,,1,,,No,Yes,No,Yes,No,No,Yes,No,No,No,No,Yes,No,No,No,Yes,Yes,Yes,I dont know,Yes,No,I dont know,No,No,Yes,Yes,Yes,Yes,5,4,5,5,2,
157,159,Post-Doctoral Fellow,,2,20,Medical school or health sciences center,, United Kingdom of Great Britain and Northern Ireland,1,12,2,4,3,3,0,2,Cognitive Psychology,,A mix of quantitative and qualitative,1,,,1,,,,,,,,1,,1,,,,,,,,,"Yes, though I generally do not revisit my DMPs after I submit a grant or project proposal.",1,1,1,,1,1,,,1,,,,1,1,1,,,1,,1,,,,,No,No,No,1,2,3,3,2,5,3,4,4,1,3,4,4,4,2,2,5,1,3,4,4,5,4,4,1,1,,,,,1,,,No,1,,,,,,1,,,1,,,,1,,1,,1,,1,,,,,,,1,,,1,1,1,1,1,1,1,1,,,1,,,,,,,,1,,1,,,,1,,,,1,1,1,,,,,,,Yes ,1,,,,,,1,,,,,,,,Yes ,2,3,2,2,2,2,4,4,3,1,,,,,,,,,1,1,,,,,,,,1,1,,,,,1,,,,1,,,1,,,,"Some tools are used by everyone, but sometimes different people or different projects use additional tools.","Sometimes, when possible","Yes, I primarily create my own code.",1,,,,,,,,1,,1,,1,,,,,,1,,1,Remarks in analysis code,No ,Yes. Someone could recreate both my data cleaning/coding and analysis steps.,3,2,2,2,3,2,2,3,1,1,1,1,,,,,,,,,,1,1,,,,,,,,,1,1,,1,,,1,1,,,,No,No,,Yes,3,1,,,,,,,1,,"Yes, someone could recreate both my data cleaning/coding and analysis steps.",4-8 years after the conclusion of a project,,1,,1,,,,,,,,,,,,1,,,1,,1,,,3,3,2,2,2,1,1,1,1,,1,,,,Yes,No,No,Yes,Yes,No,Yes,No,No,Yes,No,No,No,No,No,I dont know,Yes,Yes,I dont know,Yes,I dont know,No,Yes,No,No,No,I dont know,I dont know,1,1,2,2,2,
158,160,Graduate Student,,1,4,Predominantly research focused university or college,, United States of America,1,10,6,1,2,0,1,1,Cognitive Psychology,,Primarily quantitative,1,1,1,1,,,,1,,,,1,,,,,,1,,,,,No,1,1,1,1,,1,1,1,1,,,,1,,1,,,1,,1,1,,,,"Yes, and I have taken advantage of it.","Yes, but I have not taken advantage of it.","Yes, but I have not taken advantage of it.",4,2,5,4,4,2,4,1,1,3,5,4,4,3,4,3,3,1,3,5,5,,,,0,,,,,,,,,,0,,,,,,,,,,,,,0,,,,,,,,,,,,,,,,0,,,,,,,,,,0,,,,,,,,,,0,,,,,,,,0,,,,,,,,,,0,,,,,,,,,,,,,,,,,,,,,,,,0,,,,,,,,,,,,,,,,,,0,,,,,,,,,,,,,,,,,,,,0,,,,,,,,,,0,,,,,,,,,,,,,,,,,,,,,,0,,,,,,,,,,,,,0,,,,,,,,,,0,,,,,,,,,,,,,,,,0,,,,,,,,,,,,0,,,,,,,,,,,,,,,,,,,,,,,,,,,0,,,,,,,,,,,,,,,,,,,,,,,,,,,,,,,,,,,,,,,,,,
159,161,Graduate Student,,1,9,Predominantly research focused university or college,, United States of America,1,14,10,4,0,0,0,72,Developmental Psychology,,Primarily quantitative,1,,,,,,,1,,,,1,,,,,,1,,,,,No,1,1,1,1,,1,1,1,1,,,,1,,1,1,,,1,1,,,,,"Yes, but I have not taken advantage of it.",Im not sure if my institution offers these services,No,3,1,3,3,1,1,5,1,1,2,4,4,1,1,4,1,2,1,1,5,5,3,2,5,1,1,,1,1,,,,,Yes,1,,,,,1,1,,1,,,,,1,1,1,,1,,1,,,,,,,1,,,1,1,1,1,1,1,1,1,,,1,,1,1,,1,,,,,1,1,1,1,1,,,,1,,,,1,,,,,Im not sure.,1,1,1,1,,,,,1,1,,,,,Im not sure.,2,5,5,5,5,5,3,2,5,1,1,,,,,1,1,,,1,,,1,,,,,1,,,,,,,,,,,,,1,,,,"No, there is no standardization in terms of what software tools my lab or research group members use.",No,"Yes, I use both code I have created myself and adapt code written by others.",1,,1,1,,,,,,,1,,,,,,1,,,,1,comments in R code,No ,Yes. Someone could recreate both my data cleaning/coding and analysis steps.,3,2,3,4,3,4,2,5,1,1,1,,1,,,,,,,,,1,1,,1,1,,,,,,1,1,1,,,,1,1,,,,"Yes, I have been required to complete a data availability statement.",No,,No,,1,,,,,,,1,,I am not sure.,8+ years (but in a formats that it may become obsolete),,1,1,1,,1,,1,,,,,,,1,1,1,1,1,1,1,,,2,2,3,3,4,1,1,1,1,,,,,,No,Yes,No,Yes,No,No,Yes,No,Yes,Yes,No,Yes,No,No,Yes,Yes,Yes,Yes,Yes,Yes,Yes,Yes,Yes,Yes,Yes,Yes,Yes,Yes,4,2,2,2,3,
160,162,"Professor (US), Reader (UK), or equivalent",,2,34,Equally research/teaching focused university or college,, United Kingdom of Great Britain and Northern Ireland,1,8,4,1,1,1,1,2,Cognitive Psychology,,Primarily quantitative,1,,,,1,,,,,,,1,1,,,,,,,,,,"Yes, and I generally revist my DMPs throughout the course of a project.",1,,,1,,,,,,,,,1,,,,,,,1,,,,,"Yes, and I have taken advantage of it.",No,No,4,5,2,2,3,4,1,3,1,1,5,4,5,4,3,3,4,4,1,5,5,4,3,4,1,1,,,1,,,,,Yes,1,,,,,,,,,,1,,Online: bespoke software; children: direct interaction with experimenter,1,1,1,,,,1,,,,,,,,,,1,1,1,1,,1,1,1,,,1,,,1,,,,,,,1,,1,,,,,,1,,,,1,,,,,Yes ,1,1,,1,,1,,,1,,,,,,Yes ,2,3,3,4,4,4,3,3,4,1,,,,,,,,,,,,,,,1,,,1,1,1,,,,,,,,1,,,1,,,,"Yes, everyone uses the same software tool(s).","Sometimes, when possible","Yes, I primarily adapt code written by others.",1,,,1,,,,,,,1,,1,,,,1,,,,,,Yes,Yes. Someone could recreate both my data cleaning/coding and analysis steps.,2,3,2,4,4,1,2,4,1,,,,,,,,,,,1,,1,,,1,,,,,,,1,,1,,,,1,1,,,,Im not sure.,I don't know.,,Yes,5,1,,,,,,,1,,"Yes, someone could recreate both my data cleaning/coding and analysis steps.",4-8 years after the conclusion of a project,,1,,,,,,1,,,,,,,,,,1,,,,,,4,4,3,3,4,1,1,1,1,,1,1,,,I dont know,I dont know,No,Yes,Yes,No,No,No,I dont know,I dont know,No,Yes,No,No,No,I dont know,Yes,Yes,I dont know,I dont know,I dont know,I dont know,I dont know,I dont know,Yes,I dont know,I dont know,I dont know,1,2,4,3,5,
161,163,Graduate Student,,1,7,Government agency or research center,, Germany,1,1,0,1,0,0,0,7,Biopsychology or Behavioral Neuroscience,,Primarily quantitative,1,,,1,,,,,,,,1,,,,,,1,,,,,"Yes, and I generally revist my DMPs throughout the course of a project.",1,1,1,1,1,1,1,1,1,,,,1,,1,,1,1,1,1,1,,,,"Yes, and I have taken advantage of it.","Yes, and I have taken advantage of it.","Yes, and I have taken advantage of it.",3,1,2,1,1,1,1,1,4,1,5,5,3,5,3,3,4,4,5,5,5,3,1,4,1,1,,1,,,1,,,No,1,,,,,1,1,,,,1,,LIMESURVEY,1,,1,1,1,,1,,,1,,1,1,,,,1,1,1,1,1,1,1,1,,,1,,1,1,,1,1,,,,1,,,1,1,,,,1,1,1,,1,,,,,Not applicable,1,1,1,,,1,1,,1,,1,,,,Yes ,1,2,1,2,3,3,4,1,5,1,,,,,,,,,,1,,,1,,,,,1,,,,,1,,,1,,1,,,1,,,,"Some tools are used by everyone, but sometimes different people or different projects use additional tools.","Yes, always","Yes, I primarily create my own code.",1,,1,,,,,,,,1,1,1,1,,1,1,,1,,,,Not applicable,Yes. Someone could recreate both my data cleaning/coding and analysis steps.,2,2,2,2,2,5,1,5,1,,1,,,,1,1,,,,,,1,1,,1,,1,,,,,1,1,1,1,,1,1,1,,,,"Yes, I have been required to share data.	 ",No,,Yes,3,1,,,,,,,1,,"Yes, someone could recreate both my data cleaning/coding and analysis steps.",8+ years (but in a formats that it may become obsolete),,0,,,,,,,,,,,,,,,,,,,,,,,,,,,0,,,,,,,,,,,,,,,,,,,,,,,,,,,,,,,,,,,,,,,,,,
162,164,Graduate Student,,1,9,Predominantly research focused university or college,, Germany,1,4,1,2,0,1,0,3,Cognitive Neuroscience,,Primarily quantitative,1,,,1,,,,,,,,1,,,,,,1,,,,,No,1,,,1,,1,,,1,,,,1,,,,,,,,,,1,,No,No,No,5,5,3,2,3,1,2,2,1,3,5,3,5,4,1,1,3,1,2,1,1,3,3,3,1,1,1,1,,,,,,Yes,1,,,,,,1,,,,,,,1,,1,1,1,,1,1,1,1,,1,,1,,,1,1,1,1,1,1,1,1,,,1,,,,,,,,1,,1,1,1,,,,,,1,,,,1,,,,,No,1,,,1,,,,,,1,,,,,No,2,3,4,3,3,3,3,3,4,1,,,,,,,,,,,,,,,1,,,1,1,1,,,,1,,,,1,,,1,,,,"Some tools are used by everyone, but sometimes different people or different projects use additional tools.",No,"Yes, I use both code I have created myself and adapt code written by others.",1,,,,,,,,1,,1,,,,,,,,,1,,,Yes,No. I would have to be present.,1,4,4,4,5,2,2,1,1,,,,,,,,,,1,,,1,,,,,,,,1,,1,,,1,,1,,,,,,No,No,,Yes,1,1,,,,,,,1,,"Yes, someone could recreate both my data cleaning/coding and analysis steps.",8+ years (but in a formats that it may become obsolete),,1,,,,,,,,,1,,,,,,,,,,,,,4,4,4,4,4,1,1,1,1,1,1,1,,,No,No,Yes,Yes,Yes,No,Yes,No,No,No,No,Yes,No,No,No,Yes,Yes,Yes,Yes,Yes,Yes,No,Yes,Yes,Yes,Yes,I dont know,Yes,2,4,4,4,2,
163,165,Research Associate/Scientist,,2,17,Predominantly research focused university or college,, United States of America,1,8,5,0,1,2,0,6,Educational Psychology,,Primarily quantitative,1,,,,1,,,1,1,,non-profits,1,1,,,,,,,,,,"Yes, and I generally revist my DMPs throughout the course of a project.",1,1,1,1,1,1,1,1,1,,,,1,1,1,1,1,1,1,1,1,,,,"Yes, and I have taken advantage of it.","Yes, and I have taken advantage of it.","Yes, and I have taken advantage of it.",2,2,2,3,1,2,2,1,2,3,4,5,5,5,2,2,3,1,1,5,5,3,2,5,1,,,1,,,1,,,Yes,1,,,,,,,,1,1,,,,1,,1,,1,1,1,1,,,,,,,,,1,1,,,1,,1,1,,,1,,,1,,,,,,,1,,1,,1,,,,1,,,,,1,,,,Im not sure.,1,,,,,,,,1,1,,,,,Yes ,I do not keep any backup copies of my digital files/data.,2,3,2,3,3,2,2,5,1,,,,,,,,,1,1,,,,,,,,1,,1,,,,,,,,,,,1,,,,"Some tools are used by everyone, but sometimes different people or different projects use additional tools.","Sometimes, when possible","Yes, I primarily adapt code written by others.",1,,,1,,,,,,,1,,,,1,,,,,,,,Yes,Yes. Someone could recreate both my data cleaning/coding and analysis steps.,2,4,3,3,2,2,1,5,1,,1,1,,,,,,,,,,1,,,,,,,,1,,1,,,,,,,,,1,,No,No,,Yes,5,1,,,,,,,1,,"Yes, someone could recreate both my data cleaning/coding and analysis steps.",8+ years (but in a formats that it may become obsolete),,1,,1,,1,,,,,,,,,,,,,1,1,1,,,4,3,5,5,5,1,1,1,1,,,1,,,Yes,Yes,Yes,Yes,Yes,No,Yes,No,No,Yes,Yes,Yes,Yes,No,Yes,Yes,Yes,Yes,Yes,Yes,Yes,Yes,Yes,Yes,Yes,Yes,Yes,Yes,1,2,2,1,3,
164,166,Post-Doctoral Fellow,,1,8,Equally research/teaching focused university or college,, United Kingdom of Great Britain and Northern Ireland,1,22,10,5,2,5,0,5,Developmental Psychology,,Primarily quantitative,1,1,,1,1,,,,,,,1,,,,,1,,,,,,"Yes, and I generally revist my DMPs throughout the course of a project.",1,,1,1,1,1,,1,1,,,,1,1,1,1,1,,,1,,,,,Im not sure if my institution offers these services,"Yes, and I have taken advantage of it.","Yes, and I have taken advantage of it.",2,4,1,1,1,3,3,2,5,1,5,5,3,4,4,3,5,4,3,5,5,4,2,4,1,1,1,1,,,1,,,Yes,1,1,1,,,1,1,,1,1,,,,1,1,1,1,1,1,1,,1,1,1,,1,1,,,1,1,,1,,1,,1,,,1,,1,,1,,,,,,1,1,1,1,1,,,,1,1,1,1,,,,,,Yes ,1,1,1,1,1,1,,,1,,1,,,,No,More than 3,3,2,2,2,1,5,3,5,1,,1,,,,1,,1,,,,,1,,,,,1,,,,,1,1,,1,,,,,1,,,,"Some tools are used by everyone, but sometimes different people or different projects use additional tools.","Sometimes, when possible","Yes, I use both code I have created myself and adapt code written by others.",1,,1,,1,1,1,,,,1,1,,1,,1,1,1,1,,,,No ,Yes. Someone could recreate both my data cleaning/coding and analysis steps.,3,2,1,2,2,4,2,4,1,1,1,1,1,,1,,,,,,,1,1,1,1,1,,,,,,1,1,1,,,,1,,,,,"Yes, I have been required to both share data and complete a data availability statement.",Yes,2,No,,1,,1,,,,,,,I am not sure.,4-8 years after the conclusion of a project,,1,,1,1,,,,,,1,,,1,1,,,,,,,,,3,3,3,4,2,1,1,1,1,,1,1,,,Yes,Yes,Yes,No,Yes,Yes,Yes,No,No,Yes,No,Yes,No,Yes,No,Yes,Yes,Yes,Yes,Yes,Yes,No,Yes,Yes,Yes,Yes,No,Yes,4,3,2,2,3,
165,167,"Professor (US), Reader (UK), or equivalent",,2,23,Predominantly research focused university or college,, United States of America,1,8,6,1,0,0,1,2,Industrial/Organizational Psychology,,Primarily quantitative,1,,,,,,,1,,,,1,1,1,,,,,,,,,"Yes, though I generally do not revisit my DMPs after I submit a grant or project proposal.",1,,,,,,,,1,,,,1,,,,,,,,,,1,,Im not sure if my institution offers these services,Im not sure if my institution offers these services,Im not sure if my institution offers these services,5,2,4,5,5,4,3,2,1,5,,4,,,,,,,,,,2,1,5,1,1,,,1,,,,,No,1,,,,,,,,1,,,,,1,,1,,1,,1,,,,,,,,,,1,1,,,,,,,,,1,,,1,,,1,,,,1,1,,,,,,,1,,,1,,,,,,No,1,1,,1,1,,,,,,,,,,Im not sure.,3,4,2,3,3,4,3,2,5,1,1,,,,,,,,,1,,,,,,,,1,1,,,,,,,,,,,,1,,,,"Some tools are used by everyone, but sometimes different people or different projects use additional tools.","Sometimes, when possible","Yes, I primarily adapt code written by others.",1,,,1,,,,,,,1,,1,,,,,,1,,,,No ,Yes. Someone could recreate both my data cleaning/coding and analysis steps.,1,4,3,3,4,4,2,5,1,,1,,,,,,,,,,,1,,,1,,,,,,,1,1,1,,,,,,,,,No,Yes,4,Yes,4,1,1,,,,1,,,,"Yes, someone could recreate both my data cleaning/coding and analysis steps.",8+ years (but in a formats that it may become obsolete),,1,,,,1,,1,,,,,,,,1,,,,1,,,,4,3,2,3,3,1,1,,1,,1,1,,,No,,Yes,Yes,,No,No,No,No,Yes,Yes,Yes,Yes,Yes,Yes,Yes,Yes,,Yes,Yes,No,No,Yes,Yes,Yes,Yes,Yes,Yes,1,2,3,3,3,
166,168,Graduate Student,,1,8,Predominantly research focused university or college,, United States of America,1,13,7,5,0,1,0,1,Social and Personality Psychology,,Primarily quantitative,1,,,,,,,1,,,,1,,,,,,1,,,,,No,1,,,,,1,1,1,1,1,,Class,1,,,,,1,,1,1,,,,"Yes, and I have taken advantage of it.","Yes, but I have not taken advantage of it.","Yes, but I have not taken advantage of it.",3,1,4,3,5,1,5,2,2,5,5,5,5,2,3,5,5,5,2,5,5,4,1,4,1,1,1,,1,,1,,,No,1,,,,,,,,1,1,,,,1,,,,1,,1,,,,,1,,,,,1,1,1,1,1,1,1,1,,,1,,1,1,,,,,,,1,1,1,1,,,,,1,1,1,1,,,,,,No,1,,1,1,,,,,,1,,,,,No,2,4,4,5,5,5,5,1,4,1,,,,,,,1,,,,,,1,,,,,1,,,1,,,,1,,,1,,,1,,,,"Some tools are used by everyone, but sometimes different people or different projects use additional tools.","Sometimes, when possible","Yes, I primarily create my own code.",1,,1,1,,,,,,,1,1,,,1,,1,,,,,,No ,Yes. Someone could recreate both my data cleaning/coding and analysis steps.,2,2,3,5,5,3,2,4,1,1,,1,,,1,,,,,,,1,,,1,,,,,,,1,1,1,1,1,,1,1,,,,No,Yes,3,No,,1,,1,,,,,,,Someone could recreate my data analysis but not cleaning/coding steps.,4-8 years after the conclusion of a project,,1,,1,,1,,1,,,,,,,,,,,1,1,1,,,1,4,2,2,5,1,1,,1,,,1,,,Yes,Yes,No,No,Yes,Yes,Yes,No,No,No,No,Yes,No,No,No,Yes,Yes,Yes,Yes,Yes,I dont know,No,Yes,Yes,Yes,Yes,Yes,Yes,4,4,2,2,5,
167,169,Graduate Student,,1,8,Predominantly research focused university or college,, United States of America,1,16,8,8,0,0,0,1,Social and Personality Psychology,,Primarily quantitative,1,,,,,,,1,,,,1,1,,,,,1,,,,,No,1,1,1,1,1,1,1,1,1,,,,1,,1,1,1,1,,1,1,,,,"Yes, and I have taken advantage of it.","Yes, but I have not taken advantage of it.","Yes, and I have taken advantage of it.",3,2,2,3,2,1,2,1,2,1,5,4,1,5,2,2,5,2,3,5,5,4,2,5,1,1,,1,1,1,1,,,No,1,,,,,,,,1,1,,,,1,,1,,1,,1,,,,,1,,,1,"wearable devices (e.g., Fitbit)",1,1,1,1,1,1,1,,,,1,,1,1,,,,,,,1,,1,,1,,,,1,,,1,1,,,,,No,1,,,,,,,,1,1,1,,,,No,2,4,3,3,2,2,5,1,4,1,,,,,,,,,,1,,,1,,,,,1,,,,,,,,,,,,,1,,,,"No, there is no standardization in terms of what software tools my lab or research group members use.","Sometimes, when possible","Yes, I primarily create my own code.",1,,1,1,,,,,,,1,,,1,,1,1,,,,,,No ,Yes. Someone could recreate both my data cleaning/coding and analysis steps.,1,2,2,2,2,4,1,4,1,,1,1,,,,,,,,,,1,1,,1,1,,,,,,1,1,1,,,,1,1,,,,"Yes, I have been required to complete a data availability statement.",Yes,2,No,,1,1,,1,,,,,,"Yes, someone could recreate both my data cleaning/coding and analysis steps.",I dont know.,,1,,,,1,,1,,,,,,,,1,,,1,1,1,,,4,2,3,2,3,1,1,1,1,,,,,,No,Yes,Yes,Yes,Yes,No,Yes,No,No,Yes,Yes,Yes,No,No,No,Yes,Yes,Yes,Yes,Yes,Yes,Yes,Yes,Yes,Yes,Yes,Yes,Yes,1,1,1,1,1,
168,170,Project Coordinator or Lab Manager,,2,23,Medical school or health sciences center,, United States of America,1,9,6,0,1,2,0,13,Other (Please describe),Pediatric Psychology,A mix of quantitative and qualitative,1,1,,,,,,,,,,1,,,,,,,,,1,Project Coordinator,"Yes, though I generally do not revisit my DMPs after I submit a grant or project proposal.",1,1,1,1,,1,1,,1,,,,1,1,1,,,1,,,,,,,"Yes, but I have not taken advantage of it.","Yes, but I have not taken advantage of it.","Yes, and I have taken advantage of it.",3,2,3,2,5,3,4,4,4,3,4,4,5,5,3,3,3,4,5,3,4,4,4,4,1,,1,1,,,1,,,Yes,1,,,,,,,1,1,,,,,1,1,1,1,1,1,,,,,,,1,,,,1,,,,1,,1,1,,,1,,,,,,,1,,will share syntax by email,1,,1,1,,,,,1,1,1,1,,,,,,Yes ,1,1,1,,,,,,1,1,,,,,Yes ,1,3,3,2,1,1,4,4,4,1,1,,,1,,,,,,1,,,,,,,,1,1,,,,,,,,,1,,,,,,,"Some tools are used by everyone, but sometimes different people or different projects use additional tools.","Sometimes, when possible","Yes, I primarily create my own code.",1,,,,,,1,,,,1,,,,,,,,1,,,,No ,Im not sure.,1,1,1,1,2,4,4,4,1,1,1,,,,,1,,,,,,1,,,,,,,,1,,1,,,,,,,,,1,,"Yes, I have been required to complete a data availability statement.",No,,Yes,2,1,,,,,,,1,,"Yes, someone could recreate both my data cleaning/coding and analysis steps.",8+ years (but in a formats that it may become obsolete),,1,,1,1,1,1,,,,,,,1,,,,,1,1,1,,,2,2,2,2,3,1,1,,,,1,1,,,No,I dont know,No,Yes,No,No,No,No,Yes,Yes,Yes,No,I dont know,No,No,I dont know,Yes,I dont know,I dont know,I dont know,I dont know,Yes,Yes,Yes,I dont know,I dont know,I dont know,I dont know,2,2,2,2,2,
169,171,Post-Doctoral Fellow,,1,8,Predominantly research focused university or college,, United States of America,1,14,5,3,2,4,0,7,Developmental Psychology,,A mix of quantitative and qualitative,1,,1,1,1,,,,,,,1,,,,1,1,,,,,,No,1,1,1,1,,1,1,,1,,,,1,1,,,,,1,,1,,,,"Yes, and I have taken advantage of it.","Yes, and I have taken advantage of it.","Yes, and I have taken advantage of it.",4,3,3,4,4,5,3,3,2,5,5,5,4,5,3,4,5,3,4,4,5,3,2,5,1,,1,1,,1,1,,,Yes,1,,,,,,,,1,,,,,1,1,1,,1,1,1,1,,,,,,,,,1,,,,1,,1,1,,,1,,,,,,,,1,,1,,1,1,,,,,1,1,1,,,1,,,,Yes ,1,1,1,,,,,,,1,,,,,Yes ,2,5,5,5,5,5,3,1,5,1,1,,,1,,,,,1,1,,,1,,,,,1,1,,,,,,,,,1,,,1,,,,"Some tools are used by everyone, but sometimes different people or different projects use additional tools.","Sometimes, when possible",No,1,,,,,,,,1,,1,,1,1,,,,,,,,,No ,Im not sure.,5,4,3,5,5,1,3,5,1,,,1,,,,,1,,,,,1,,,,,,,,1,,1,1,1,,1,,1,1,,,,No,Yes,2,No,,1,,,,,1,,,,I am not sure.,I dont know.,,1,1,,,1,,,,,,,,,,,,,,1,1,,,5,3,5,5,5,1,1,1,,1,,,,,Yes,I dont know,No,No,No,Yes,No,No,No,No,No,No,No,No,Yes,Yes,Yes,I dont know,Yes,Yes,I dont know,Yes,I dont know,I dont know,Yes,Yes,Yes,Yes,5,5,5,5,5,
170,172,Post-Doctoral Fellow,,2,19,Equally research/teaching focused university or college,, Germany,1,48,5,5,3,31,4,2,Cognitive Psychology,,Primarily quantitative,1,,,,,,,1,,,,1,,,,,1,,,,,,No,1,1,1,1,1,1,,,,,,,1,,,,,,,,,,1,,No,No,Im not sure if my institution offers these services,4,2,3,5,4,3,3,2,2,3,5,3,1,4,3,5,2,2,4,4,4,2,2,4,1,1,,,1,,,,,No,1,1,1,,,1,,,,,,,,1,1,1,,1,1,1,,1,,,,,1,,,1,1,1,1,1,1,1,1,,,1,,,,,,,,1,,1,1,1,,1,,,,1,,,,1,,,,,Yes ,1,,1,1,1,,1,1,,1,1,,,,Im not sure.,2,2,5,3,5,5,3,3,4,1,,,,,,1,,,,1,,,,,,,,1,1,,,,,,,,,1,,,1,,,,"Some tools are used by everyone, but sometimes different people or different projects use additional tools.",No,"Yes, I primarily create my own code.",1,,,1,1,1,,,,,1,1,1,,,,,,1,,1,comments in my R script,No ,Yes. Someone could recreate both my data cleaning/coding and analysis steps.,2,4,2,4,5,1,2,3,1,,,,1,,1,1,,,,,,1,1,,1,1,,,,,,1,1,1,,,,1,1,,,,"Yes, I have been required to both share data and complete a data availability statement.",Yes,4,No,,1,,,1,,1,,,,"Yes, someone could recreate both my data cleaning/coding and analysis steps.",8+ years (but in a formats that it may become obsolete),,1,1,1,,1,,1,,,,,,,1,1,1,1,1,1,1,,,5,3,3,2,5,1,1,1,1,1,,1,,,No,I dont know,Yes,Yes,Yes,Yes,Yes,No,I dont know,I dont know,I dont know,No,No,No,No,Yes,Yes,Yes,Yes,Yes,I dont know,I dont know,I dont know,I dont know,I dont know,I dont know,I dont know,Yes,3,3,4,4,4,
171,173,Graduate Student,,1,7,Equally research/teaching focused university or college,, United States of America,1,4,0,4,0,0,0,2,Industrial/Organizational Psychology,,Primarily quantitative,1,,,,,,,1,,,,1,,1,,,,,,,,,"Yes, though I generally do not revisit my DMPs after I submit a grant or project proposal.",1,1,,1,,1,,,,,,,1,1,,,,1,,,,,,,"Yes, but I have not taken advantage of it.","Yes, and I have taken advantage of it.","Yes, and I have taken advantage of it.",3,1,4,4,4,3,3,3,1,3,4,3,4,4,4,3,3,3,3,3,4,3,3,2,1,1,,,1,,,,,No,1,,,,,,,,1,,,,,1,,1,,1,1,,,,,,,,,,,1,1,1,,1,,,1,,,1,,,,,,,,1,,1,1,1,,,,,,1,,,,1,,,,,No,1,,1,,,,,,1,1,,,,,Yes ,1,1,3,3,3,2,4,3,4,1,1,,,1,,,,,,1,,,1,,,,,1,,,,,,,,,,,,,1,,,,"Yes, everyone uses the same software tool(s).","Sometimes, when possible","Yes, I use both code I have created myself and adapt code written by others.",1,,,,,,,,1,,1,,1,,,,,,,,,,No ,Yes. Someone could recreate both my data cleaning/coding and analysis steps.,2,2,2,2,3,2,2,4,1,1,1,,,,,,,,,,,1,,,,,,,,1,,1,1,1,1,,,,,,,,No,No,,No,,1,,,,,,,1,,"Yes, someone could recreate both my data cleaning/coding and analysis steps.",8+ years (but in a formats that it may become obsolete),,1,,1,,1,1,,,,,,,,,,,,,,,,,4,4,4,4,3,1,1,,1,,,,,,No,Yes,No,No,No,No,No,No,No,No,No,No,No,No,No,I dont know,Yes,I dont know,Yes,Yes,I dont know,I dont know,Yes,No,Yes,No,Yes,I dont know,4,4,4,4,5,
172,175,Graduate Student,,1,5,Predominantly research focused university or college,, United States of America,1,10,3,3,2,2,0,1,Other (Please describe),Behavioral Genetics,Primarily quantitative,1,1,,,,,,1,,,,1,,,,,,1,,,,,"Yes, though I generally do not revisit my DMPs after I submit a grant or project proposal.",1,1,,1,,1,,,1,,,,1,1,,1,,1,,,1,,,,"Yes, and I have taken advantage of it.","Yes, and I have taken advantage of it.","Yes, and I have taken advantage of it.",1,1,3,3,4,2,3,2,3,2,3,4,4,5,3,5,3,2,4,3,4,2,3,3,1,,,,,,1,,,Yes,1,,,,,,,,1,,,,,1,,1,1,1,,1,,,1,,,1,,,,1,1,1,,1,,1,1,,,1,,,,,,,,1,,1,,1,,1,,,,1,1,,1,,,,,,Yes ,1,,1,,,,,,1,,,,,,Im not sure.,I do not keep any backup copies of my digital files/data.,4,3,2,3,3,3,3,3,1,,,,,,,,,,1,,,1,1,,,OpenMx,1,,,,,,,,,,,,,1,1,,OpenMx,"Some tools are used by everyone, but sometimes different people or different projects use additional tools.","Sometimes, when possible","Yes, I use both code I have created myself and adapt code written by others.",1,,1,,,,,,,,1,1,1,,,,,1,,,,,No ,Yes. Someone could recreate both my data cleaning/coding and analysis steps.,2,4,3,4,4,1,1,4,1,,1,1,,,,,,,,,,1,,,,,,,,1,,1,1,1,,,1,1,1,,,,No,No,,No,,1,,,,,,,1,,"No, I would have to be present.",8+ years (and maintained so it is always accessible),,1,,1,1,1,,,,,,,,1,,1,,,,1,1,,,4,5,5,5,3,1,1,1,1,,,1,,,No,I dont know,No,I dont know,I dont know,I dont know,Yes,No,No,No,No,No,No,I dont know,No,I dont know,Yes,Yes,I dont know,Yes,I dont know,Yes,I dont know,Yes,Yes,Yes,I dont know,I dont know,3,5,5,5,3,
173,176,Post-Doctoral Fellow,,1,10,Medical school or health sciences center,, United States of America,1,6,1,0,3,2,0,2,Social and Personality Psychology,,Primarily quantitative,1,1,,,,,,1,,,,1,,1,,,1,,,,,,"Yes, though I generally do not revisit my DMPs after I submit a grant or project proposal.",1,1,1,1,1,1,1,1,1,,,,1,1,,1,,1,,1,1,,,,No,Im not sure if my institution offers these services,Im not sure if my institution offers these services,5,1,3,3,2,2,1,4,4,2,5,1,1,3,4,3,3,2,5,5,5,3,2,4,1,,,1,1,,1,,,Yes,1,,,,,,,,1,,,,,1,,1,,1,1,1,,,,,,,,,,1,1,,,1,1,1,1,,,1,,,1,,,1,,,,1,,1,,,,,,1,1,,1,1,,,,,Yes ,1,,1,,,1,,,,1,,,,,Yes ,1,1,5,4,3,4,4,2,5,1,1,,,,,,,,,1,,,,,,,,1,1,1,1,,,1,,,,,,,1,,,,"Some tools are used by everyone, but sometimes different people or different projects use additional tools.","Yes, always","Yes, I primarily create my own code.",1,,,1,,1,1,,,,1,,,1,,1,,,1,,,,No ,Yes. Someone could recreate both my data cleaning/coding and analysis steps.,2,4,2,5,4,4,3,5,1,1,1,,,,,,,,,,,1,,,1,,,,,,,1,1,1,1,,,1,,,,,"Yes, I have been required to complete a data availability statement.",No,,Yes,2,1,,,,,,,1,,"Yes, someone could recreate both my data cleaning/coding and analysis steps.",8+ years (but in a formats that it may become obsolete),,1,,1,1,1,,1,,,,,,,,1,,,1,1,1,,,3,3,2,3,4,1,1,1,1,,,1,,,Yes,No,Yes,Yes,Yes,Yes,Yes,No,No,No,No,Yes,No,No,Yes,Yes,Yes,Yes,Yes,Yes,No,Yes,No,No,Yes,Yes,I dont know,Yes,1,2,3,3,4,
174,177,"Professor (US), Reader (UK), or equivalent",,2,25,Predominantly research focused university or college,, Canada,1,11,5,5,1,0,0,2,Developmental Psychology,,A mix of quantitative and qualitative,1,,,1,,,,,,,,1,1,1,,,,,,,,,"Yes, though I generally do not revisit my DMPs after I submit a grant or project proposal.",1,1,,1,,1,,,1,,,,1,1,,1,,1,,,1,,,,"Yes, but I have not taken advantage of it.","Yes, but I have not taken advantage of it.","Yes, but I have not taken advantage of it.",5,2,3,4,2,2,2,1,2,3,4,4,4,4,2,4,2,2,2,4,4,4,3,4,1,1,1,,,,,,,Yes,1,,,,,,,,1,,,,,1,1,1,,1,1,1,,,,,,,,,,1,1,1,1,1,,1,1,,,1,,,,,,,,1,,1,1,1,,1,,,,1,1,1,,,,,,,Yes ,1,,1,,1,,,,1,,,,,,Im not sure.,2,4,4,2,2,5,3,4,5,1,,,,,,,,,1,1,,,,,,,,1,,,,,,,,,,1,,,,,,,"Some tools are used by everyone, but sometimes different people or different projects use additional tools.","Sometimes, when possible",No,1,,,,,,,,1,,1,,1,,,,,,,,,,No ,Someone could recreate my data analysis but not cleaning/coding steps.,2,3,3,2,4,1,3,4,1,,,,,,,,,,,1,,1,1,,,,,,,,,1,,,,,,,,,1,,"Yes, I have been required to complete a data availability statement.",No,,Yes,4,1,,,,,,,1,,Someone could recreate my data analysis but not cleaning/coding steps.,8+ years (but in a formats that it may become obsolete),,1,1,,,1,1,1,,,,1,,,,,,,,1,1,,,4,4,2,4,4,1,1,1,1,,1,1,,,No,I dont know,No,Yes,No,No,No,No,No,No,No,Yes,No,No,No,I dont know,Yes,Yes,I dont know,No,No,Yes,I dont know,I dont know,Yes,Yes,I dont know,I dont know,4,3,4,3,2,
175,178,"Associate Professor  (US), Senior Lecturer (UK), or equivalent",,2,15,Predominantly research focused university or college,, United States of America,1,24,20,4,0,0,0,5,Developmental Psychology,,A mix of quantitative and qualitative,1,,1,,1,,,1,,,,1,1,1,,1,,,,,,,"Yes, and I generally revist my DMPs throughout the course of a project.",1,1,1,1,1,1,1,1,1,,,,1,,1,1,1,1,1,1,1,,,,"Yes, but I have not taken advantage of it.","Yes, but I have not taken advantage of it.","Yes, but I have not taken advantage of it.",5,1,1,1,1,1,1,1,2,1,5,5,5,5,3,3,5,3,1,5,5,3,3,5,1,1,1,1,1,,1,,,No,1,,,,,,,,1,,,,,1,1,1,,1,1,1,1,,,,,,,,,1,,,1,1,,1,1,,,1,,,,,,,,1,,1,,1,,1,,,,1,,,,1,1,,,,No,1,1,1,,,,,1,,1,,,,,Yes ,2,3,3,3,3,3,3,3,5,1,1,,,,,,1,,,1,,,,1,,,eqs,1,1,,,,,,1,,,1,,,1,1,,"NVIVO, LIWC","Some tools are used by everyone, but sometimes different people or different projects use additional tools.","Sometimes, when possible","Yes, I primarily adapt code written by others.",1,,,1,,,,,,,1,,1,,,,,,,,,,No ,Yes. Someone could recreate both my data cleaning/coding and analysis steps.,3,3,3,3,3,3,3,5,1,1,1,1,1,,1,,,,,,,1,,,,,,,,1,,1,1,1,,,1,1,1,,,,No,No,,Yes,4,1,,,,,,,1,,"Yes, someone could recreate both my data cleaning/coding and analysis steps.",8+ years (and maintained so it is always accessible),,1,1,1,,1,1,,1,,,,,,,,,,,1,1,,,3,3,3,3,3,1,1,1,1,,1,1,,,No,Yes,Yes,No,Yes,No,Yes,,No,Yes,Yes,Yes,No,No,Yes,Yes,Yes,Yes,Yes,Yes,,No,Yes,Yes,Yes,Yes,Yes,Yes,3,3,3,3,3,
176,179,Adjunct Professor or other non-tenure-track faculty,,1,10,Predominantly research focused university or college,, Germany,1,5,3,2,0,0,0,1,Cognitive Neuroscience,,Primarily quantitative,1,,,1,1,,,,,,,1,1,1,,,,,,,,,No,1,,,,,1,,1,1,,,,1,,,,,1,,1,,,,,Im not sure if my institution offers these services,Im not sure if my institution offers these services,"Yes, and I have taken advantage of it.",1,1,3,5,5,3,1,1,,5,,,,,,,,,,,,,,,0,,,,,,,,,,0,,,,,,,,,,,,,0,,,,,,,,,,,,,,,,0,,,,,,,,,,0,,,,,,,,,,0,,,,,,,,0,,,,,,,,,,0,,,,,,,,,,,,,,,,,,,,,,,,0,,,,,,,,,,,,,,,,,,0,,,,,,,,,,,,,,,,,,,,0,,,,,,,,,,0,,,,,,,,,,,,,,,,,,,,,,0,,,,,,,,,,,,,0,,,,,,,,,,0,,,,,,,,,,,,,,,,0,,,,,,,,,,,,0,,,,,,,,,,,,,,,,,,,,,,,,,,,0,,,,,,,,,,,,,,,,,,,,,,,,,,,,,,,,,,,,,,,,,,
177,180,Graduate Student,,1,7,Predominantly research focused university or college,, France,0,0,0,0,0,0,0,2,Clinical Psychology,,A mix of quantitative and qualitative,1,,,1,1,,,1,,,,1,,,,,,1,,,,,"Yes, and I generally revist my DMPs throughout the course of a project.",1,1,,,,1,,,1,,,,1,1,,,1,1,,,,,,,"Yes, and I have taken advantage of it.","Yes, but I have not taken advantage of it.","Yes, and I have taken advantage of it.",4,3,4,4,2,5,4,5,3,1,4,3,4,5,5,4,5,5,3,5,4,4,4,3,1,,,,1,,,,,No,1,,,,,,,,,,,1,,1,,1,1,1,1,,,,,,,,,,,0,,,,,,,,,,1,1,,,,,,,,,1,1,1,,,,,,1,1,,,,,,,,Im not sure.,1,,,,,,,,,1,,,,,Yes ,2,3,3,3,1,1,4,4,4,1,,,,,,,,,,,,,,,,1,,1,,,,,,,,,,,,,1,,,,"Yes, everyone uses the same software tool(s).","Yes, always","Yes, I primarily create my own code.",1,1,,,,,,,,,1,,1,,,,,,,,,,Not applicable,Yes. Someone could recreate both my data cleaning/coding and analysis steps.,2,4,2,2,2,4,4,4,1,,1,,,,,,,,,,,1,1,,,,,,,,,1,,1,,,,,,,,,"Yes, I have been required to complete a data availability statement.",Yes,3,Yes,3,1,,1,,,,,,,"Yes, someone could recreate both my data cleaning/coding and analysis steps.",1-3 years after the conclusion of a project,,1,1,1,,1,,,,,,,,,,,,,,,,,,3,,1,1,1,1,1,,,,,,,,Yes,Yes,No,Yes,Yes,No,Yes,No,I dont know,No,No,Yes,Yes,Yes,Yes,I dont know,Yes,Yes,I dont know,Yes,I dont know,I dont know,No,No,Yes,Yes,Yes,Yes,1,1,3,1,1,
178,181,Graduate Student,,1,7,Predominantly research focused university or college,, United States of America,1,15,12,3,0,0,0,0,Biopsychology or Behavioral Neuroscience,,A mix of quantitative and qualitative,1,1,,1,1,,,,,,,1,,1,,,,1,,,,,"Yes, and I generally revist my DMPs throughout the course of a project.",1,1,1,1,,,,,1,,,,1,,,,,,,,,,1,,No,No,Im not sure if my institution offers these services,2,2,4,4,5,5,2,3,1,1,5,5,1,3,1,5,3,1,1,5,5,3,3,5,1,1,1,1,,,1,,,No,1,,,,,1,,,1,1,,,,1,,1,1,1,1,1,1,1,1,,1,,,,,1,,1,,1,1,1,1,,,1,,,,,,,,1,,1,1,,,,,,,1,1,,,,,,,,No,1,,,,,,,,,,,,1,,Yes ,I do not keep any backup copies of my digital files/data.,5,5,5,5,5,3,3,5,1,,,,,,,,,,,,,1,,,,,1,,,,,,1,,1,,,,,,,,,"No, there is no standardization in terms of what software tools my lab or research group members use.",No,"Yes, I primarily create my own code.",1,,,,,,,,1,,1,,,1,,1,1,,1,,,,No ,Yes. Someone could recreate both my data cleaning/coding and analysis steps.,5,5,5,5,5,3,3,5,1,,,,,,1,,,,,,,1,,1,,,,,,,,1,1,1,,,,1,1,,,,No,Yes,2,No,,0,,,,,,,,,,,,0,,,,,,,,,,,,,,,,,,,,,,,,,,,0,,,,,,,,,,,,,,,,,,,,,,,,,,,,,,,,,,,,,,,,,,
179,182,"Associate Professor  (US), Senior Lecturer (UK), or equivalent",,2,20,Predominantly research focused university or college,, United States of America,1,7,5,1,1,0,0,1,Cognitive Psychology,,Primarily quantitative,1,1,1,,,,,,,,,1,1,,,,,,,,,,"Yes, and I generally revist my DMPs throughout the course of a project.",1,1,,,,,,1,1,,,,1,,1,,,,1,1,1,,,,No,No,"Yes, but I have not taken advantage of it.",2,1,1,2,3,4,1,1,1,2,4,4,2,1,1,2,3,1,1,4,4,3,3,4,1,1,,,,,,,,No,1,,1,,,,1,,,,,,,1,,1,,,,1,,,,,,,1,,,1,1,1,1,,1,,1,,,1,,,1,,,,,,,1,1,1,,,,,,1,1,1,1,,,,,,Yes ,1,,1,1,,1,,,,1,,,,,No,2,1,2,1,1,1,2,1,4,1,1,,,,,,,,,1,,,,,,,,1,1,,,,,,,,,1,,,,,,,"Some tools are used by everyone, but sometimes different people or different projects use additional tools.",No,"Yes, I primarily create my own code.",1,,,,,,,,1,,1,,,,,,,,,1,,,No ,No. I would have to be present.,1,3,2,3,4,3,2,4,0,,,,,,,,,,,,,1,,,1,,,,,,,1,1,1,,,,1,1,,,,"Yes, I have been required to complete a data availability statement.",No,,Yes,3,1,,,,,,,1,,"Yes, someone could recreate both my data cleaning/coding and analysis steps.",8+ years (but in a formats that it may become obsolete),,1,,,,,,1,,,,,,,1,1,1,1,,,,,,3,2,2,4,4,1,1,1,1,,1,1,,,No,No,No,Yes,No,No,Yes,No,No,No,Yes,Yes,No,No,Yes,Yes,Yes,Yes,I dont know,Yes,I dont know,No,I dont know,Yes,Yes,Yes,I dont know,Yes,1,2,4,2,1,
180,183,"Associate Professor  (US), Senior Lecturer (UK), or equivalent",,2,15,Equally research/teaching focused university or college,, United Kingdom of Great Britain and Northern Ireland,1,8,6,1,0,1,0,6,Cognitive Neuroscience,,Primarily quantitative,1,,,,1,,,1,,,,1,1,,,,,,,,,,"Yes, though I generally do not revisit my DMPs after I submit a grant or project proposal.",1,1,1,1,,1,1,1,1,,,,1,,,,,,,,1,,,,No,No,No,3,3,3,3,3,3,3,3,3,,2,1,1,3,3,2,5,1,1,4,4,4,2,2,1,1,,,,,,,,Yes,1,,,,,,1,,,,,,,1,,1,,1,,1,,1,1,,,,,,,1,1,1,1,,1,,1,,,1,,,1,,,,,,,1,1,,,,,,,1,1,1,1,,,,,,Im not sure.,1,,,1,,,1,,,,,,,,Im not sure.,1,2,1,2,1,1,3,2,4,1,1,,,,,1,,,,1,,,1,,,,,1,1,,,,,1,,,,1,,,,,,,"Yes, everyone uses the same software tool(s).","Sometimes, when possible","Yes, I use both code I have created myself and adapt code written by others.",1,,,1,,,,,,,1,1,1,,,,,,,,,,No ,Someone could recreate my data analysis but not cleaning/coding steps.,4,5,2,2,2,2,1,4,0,,,,,,,,,,,,,1,,,1,,,,,,,1,1,1,,,,1,1,,,,"Yes, I have been required to complete a data availability statement.",No,,No,,1,,,,,,,1,,Someone could recreate my data analysis but not cleaning/coding steps.,8+ years (but in a formats that it may become obsolete),,1,,1,,1,,1,,1,1,,,,,1,1,1,1,,,,,2,2,2,2,2,1,1,1,1,,,,,,No,No,No,Yes,Yes,No,No,No,No,No,No,Yes,No,No,No,Yes,Yes,Yes,I dont know,I dont know,I dont know,I dont know,I dont know,,Yes,Yes,I dont know,Yes,1,1,1,1,1,
181,184,Post-Doctoral Fellow,,1,10,Predominantly research focused university or college,, United States of America,1,21,15,3,2,1,0,2,Developmental Psychology,,Primarily quantitative,1,1,,,,,,1,,,,1,1,,,,1,,,,,,"Yes, and I generally revist my DMPs throughout the course of a project.",1,1,1,1,,1,1,,1,,,,1,1,1,1,,,,,1,,,,"Yes, but I have not taken advantage of it.",Im not sure if my institution offers these services,"Yes, and I have taken advantage of it.",4,1,1,2,4,2,2,1,4,2,5,5,4,3,4,1,5,1,2,5,5,3,2,4,1,1,,,1,,,,,Yes,1,,,,,1,,,1,1,1,,PyHab,1,1,,,1,,1,,,,,,,1,,,1,1,1,1,1,1,1,1,,,1,,1,1,,1,1,,,,1,1,1,,,,,,1,1,1,1,1,,,,,No,1,1,1,1,,1,,,,,,,,,Im not sure.,More than 3,3,2,4,1,2,4,3,4,1,,,,,,,,,,1,,,,,,,,1,1,,,,,,,,,,,,1,,,,"Some tools are used by everyone, but sometimes different people or different projects use additional tools.","Sometimes, when possible","Yes, I use both code I have created myself and adapt code written by others.",1,,1,1,,,,,,,1,1,1,,,,,,,1,,,No ,Yes. Someone could recreate both my data cleaning/coding and analysis steps.,1,1,1,2,3,4,2,5,1,,1,,,,,,,,,,,1,1,,1,,,,,,,1,1,1,,,,1,,,,,"Yes, I have been required to both share data and complete a data availability statement.",Yes,3,No,,1,1,,1,,,,,,I am not sure.,4-8 years after the conclusion of a project,,1,1,1,,1,,1,,,,,,,1,1,1,1,1,1,1,,,3,2,4,4,4,1,1,1,1,,,,,,No,I dont know,Yes,Yes,Yes,No,Yes,No,No,Yes,Yes,Yes,No,No,Yes,Yes,Yes,Yes,I dont know,Yes,No,I dont know,Yes,Yes,Yes,I dont know,I dont know,Yes,1,2,2,1,1,
182,185,"Assistant Professor (US), Lecturer (UK), or equivalent",,2,13,Equally research/teaching focused university or college,, United States of America,1,3,2,1,0,0,0,4,Industrial/Organizational Psychology,,Primarily quantitative,1,,,,,,,1,,,,1,1,,,,,,,,,,I dont know.,1,1,1,1,1,1,1,,1,,,,1,1,1,1,1,1,1,,1,,,,No,No,No,1,1,4,1,4,1,1,1,1,3,4,1,1,1,4,1,1,1,1,1,1,,,,0,,,,,,,,,,0,,,,,,,,,,,,,0,,,,,,,,,,,,,,,,0,,,,,,,,,,0,,,,,,,,,,0,,,,,,,,0,,,,,,,,,,0,,,,,,,,,,,,,,,,,,,,,,,,0,,,,,,,,,,,,,,,,,,0,,,,,,,,,,,,,,,,,,,,0,,,,,,,,,,0,,,,,,,,,,,,,,,,,,,,,,0,,,,,,,,,,,,,0,,,,,,,,,,0,,,,,,,,,,,,,,,,0,,,,,,,,,,,,0,,,,,,,,,,,,,,,,,,,,,,,,,,,0,,,,,,,,,,,,,,,,,,,,,,,,,,,,,,,,,,,,,,,,,,
183,186,"Assistant Professor (US), Lecturer (UK), or equivalent",,2,18,Predominantly research focused university or college,, United States of America,1,8,4,3,1,0,0,3,Developmental Psychology,,A mix of quantitative and qualitative,1,1,,,,,,,1,,CDC,1,1,1,,,,,,,,,"Yes, and I generally revist my DMPs throughout the course of a project.",1,1,,,,1,,,1,,,,1,,,,,1,,,,,,,No,No,No,1,1,1,1,1,1,1,1,1,1,5,5,3,3,2,1,5,1,3,5,3,5,1,5,1,1,1,1,1,,1,,,Yes,1,,,,,,,1,1,1,,,,1,1,1,1,1,1,1,1,,,1,,,,,,1,1,1,1,1,1,1,1,,,1,,,1,,,,,,,1,,1,,1,,,,1,1,1,1,,,,,,Yes ,1,1,1,,,,,,1,1,,,,,Yes ,More than 3,2,3,3,3,3,5,1,5,1,,,,,,,,,,1,,,,,,,,1,,,,,,,,,1,1,,,1,,,,"Some tools are used by everyone, but sometimes different people or different projects use additional tools.","Sometimes, when possible","Yes, I primarily create my own code.",1,,,1,,,,,,,1,,1,,,,,,,,,,Yes,Yes. Someone could recreate both my data cleaning/coding and analysis steps.,2,2,2,2,3,5,1,5,1,1,,,,1,,,,,,,,1,,,1,,,,,,,1,1,1,,,,1,1,,,,No,No,,Yes,5,1,,,,,,1,,Teaching,"No, I would have to be present.",Other (Please describe),I don't destroy data,1,,,,,,,,,,,,,,,,,,,,1,I don't understand this question?,4,4,2,1,2,1,1,1,1,,,1,1,Is this question about why I want to publish a paper? Not clear.,Yes,Yes,No,Yes,No,Yes,No,No,No,No,Yes,Yes,No,No,No,I dont know,I dont know,I dont know,Yes,I dont know,I dont know,I dont know,I dont know,Yes,Yes,I dont know,I dont know,I dont know,1,1,1,1,2,
184,187,"Assistant Professor (US), Lecturer (UK), or equivalent",,2,16,Government agency or research center,, United States of America,1,6,0,0,1,5,0,1,Clinical Psychology,,A mix of quantitative and qualitative,1,,,1,,,,1,,,,1,1,1,,,,,,,,,"Yes, and I generally revist my DMPs throughout the course of a project.",1,1,1,1,1,1,1,,1,,,,1,,,,,1,,,,,,,"Yes, and I have taken advantage of it.","Yes, but I have not taken advantage of it.",No,5,2,4,3,2,2,2,3,5,4,,,,,,,,,,,,,,,0,,,,,,,,,,0,,,,,,,,,,,,,0,,,,,,,,,,,,,,,,0,,,,,,,,,,0,,,,,,,,,,0,,,,,,,,0,,,,,,,,,,0,,,,,,,,,,,,,,,,,,,,,,,,0,,,,,,,,,,,,,,,,,,0,,,,,,,,,,,,,,,,,,,,0,,,,,,,,,,0,,,,,,,,,,,,,,,,,,,,,,0,,,,,,,,,,,,,0,,,,,,,,,,0,,,,,,,,,,,,,,,,0,,,,,,,,,,,,0,,,,,,,,,,,,,,,,,,,,,,,,,,,0,,,,,,,,,,,,,,,,,,,,,,,,,,,,,,,,,,,,,,,,,,
185,188,"Associate Professor  (US), Senior Lecturer (UK), or equivalent",,2,19,Predominantly research focused university or college,, United States of America,1,16,12,4,0,0,0,4,Social and Personality Psychology,,Primarily quantitative,1,1,,,,,,,,,,1,1,,,,,,,,,,"Yes, though I generally do not revisit my DMPs after I submit a grant or project proposal.",1,1,1,1,,,1,1,1,,,,1,,,,,,,1,1,,,,Im not sure if my institution offers these services,Im not sure if my institution offers these services,"Yes, but I have not taken advantage of it.",3,2,4,5,3,2,2,2,3,4,4,4,3,3,2,2,5,2,3,5,4,3,3,4,1,1,,,1,1,,,,No,1,,,,,,,,1,,1,,Medialab/DirectRT,1,1,1,1,1,1,1,1,,,,1,,1,,,1,1,1,1,1,1,1,,,,1,,,,,,,,1,,1,,1,,,,,,1,,,,1,,,,,No,1,,,,,1,,,,1,1,,,,Im not sure.,2,3,4,4,5,5,4,3,5,1,1,,,,,,,,,1,,1,,,,,,1,1,,,,,,1,,,1,,,,,,,"Some tools are used by everyone, but sometimes different people or different projects use additional tools.",No,No,1,,,,,,,,1,,1,,1,,,,,,1,,1,"Document workflow using a standardized document, that asks users to document each stave of the analysis workflow.",No ,Yes. Someone could recreate both my data cleaning/coding and analysis steps.,3,3,3,4,4,2,3,4,1,1,,,,,,1,1,,,,,1,,,1,,,,1,,I have sent data sets to researchers who requested them,1,1,1,,,,1,,,,,"Yes, I have been required to complete a data availability statement.",I don't know.,,Yes,5,1,,1,1,,,,,,Someone could recreate my data analysis but not cleaning/coding steps.,8+ years (but in a formats that it may become obsolete),,1,,1,,1,,1,1,,,,1,,1,1,,1,1,1,,,,4,4,4,4,4,1,1,1,1,1,,1,,,No,No,No,Yes,Yes,No,No,No,Yes,Yes,No,Yes,Yes,No,No,I dont know,Yes,Yes,I dont know,I dont know,No,Yes,Yes,I dont know,Yes,Yes,I dont know,I dont know,4,4,5,5,4,
186,189,"Associate Professor  (US), Senior Lecturer (UK), or equivalent",,2,13,Predominantly research focused university or college,, United States of America,1,1,1,0,0,0,0,2,Industrial/Organizational Psychology,,Primarily quantitative,1,,,,,,,1,,,,1,1,,,,,,,,,,No,1,1,,1,,,,,,,,,1,,,,,1,,,1,,,,No,No,"Yes, and I have taken advantage of it.",3,1,2,3,4,2,2,2,4,2,4,3,2,4,2,2,2,2,2,3,3,4,4,3,1,,1,,1,,,,,No,1,,,,,,,,1,,,,,1,,,,1,,,,,,,,,,,,1,,,,1,,,1,,,1,,,,,,,,1,,1,1,,,,,,,1,,,,1,,,,,Not applicable,1,,,,1,,,,,,,,,,Im not sure.,1,3,3,4,2,2,5,4,3,1,,,,,,1,1,,1,1,,,,,,,,1,1,,,,,,1,,,1,,,,1,,HLM,"No, there is no standardization in terms of what software tools my lab or research group members use.","Yes, always","Yes, I use both code I have created myself and adapt code written by others.",1,,,,,,,,1,,1,1,,,,,,,,,,,Not applicable,Im not sure.,2,2,2,3,3,2,2,2,1,,1,,,,,,,,,,,0,,,,,,,,,,1,,,,,,,,,1,,No,No,,No,,1,,,,,,,1,,Someone could recreate my data analysis but not cleaning/coding steps.,8+ years (and maintained so it is always accessible),,1,,,,1,,,,,,,,,,,,,,,,,,3,3,3,3,3,1,1,,,,,,,,I dont know,Yes,Yes,No,No,I dont know,Yes,No,No,No,No,No,No,No,No,Yes,No,No,I dont know,Yes,No,I dont know,I dont know,I dont know,I dont know,No,No,No,1,3,3,3,4,
187,190,"Assistant Professor (US), Lecturer (UK), or equivalent",,2,13,Predominantly teaching focused university or college,, United Kingdom of Great Britain and Northern Ireland,1,8,0,3,0,5,0,5,Cognitive Neuroscience,,Primarily quantitative,1,,,,,,,1,,,,1,,1,,,,,,,,,"Yes, though I generally do not revisit my DMPs after I submit a grant or project proposal.",1,,1,1,,1,,,1,,,,1,,,,1,1,,,1,,,,"Yes, and I have taken advantage of it.",No,"Yes, but I have not taken advantage of it.",3,5,1,3,3,4,3,1,3,3,4,3,4,4,2,1,3,2,1,3,2,3,3,5,1,1,,,,,,,,No,1,,,,,,1,,,1,,,,1,,1,,1,1,1,,,,,1,,1,,,1,1,1,1,1,1,1,1,1,Payment information (if applicable),1,,,,,,1,,,,1,1,1,,1,,,,1,1,1,1,,,,,,No,1,1,,,1,1,,,,1,,,,,No,1,1,3,1,1,1,,,,0,,,,,,,,,,,,,,,,,,0,,,,,,,,,,,,,,,,,,,,0,,,,,,,,,,0,,,,,,,,,,,,,,,,,,,,,,0,,,,,,,,,,,,,0,,,,,,,,,,0,,,,,,,,,,,,,,,,0,,,,,,,,,,,,0,,,,,,,,,,,,,,,,,,,,,,,,,,,0,,,,,,,,,,,,,,,,,,,,,,,,,,,,,,,,,,,,,,,,,,
188,191,"Assistant Professor (US), Lecturer (UK), or equivalent",,2,13,Predominantly research focused university or college,, United States of America,1,6,2,1,1,2,0,2,Cognitive Neuroscience,,Primarily quantitative,1,1,,,,,,,,,,1,1,,,,,,,,,,"Yes, though I generally do not revisit my DMPs after I submit a grant or project proposal.",1,1,1,1,,1,,,,,,,1,,1,1,,1,,,,,,,Im not sure if my institution offers these services,No,"Yes, and I have taken advantage of it.",4,2,3,3,2,5,1,2,2,2,4,2,5,5,1,1,3,1,1,3,3,5,3,4,1,1,,,,,,,,No,1,1,,,,,1,,1,,,,,1,,1,1,1,,1,,,1,,1,,,,,1,1,1,1,1,1,1,1,,,1,,1,,,,,,,,1,,1,,,,,,1,1,1,,,,,,,Yes ,1,,1,,,,1,,,,1,,,,Yes ,1,2,3,3,2,5,5,3,4,1,,,,,,1,,,,1,,1,,1,,,"SPM, AFNI",1,,,,,,1,,,,1,,,,1,,"AFNI, SPM","Some tools are used by everyone, but sometimes different people or different projects use additional tools.","Sometimes, when possible","Yes, I primarily adapt code written by others.",1,,1,,,,,,,,1,,,,,,,,,1,,,No ,Yes. Someone could recreate both my data cleaning/coding and analysis steps.,1,3,2,5,2,3,1,3,1,,,,1,,,1,,,,,,1,,1,,,,,,,,1,,,,,1,,,,,,"Yes, I have been required to both share data and complete a data availability statement.",No,,Yes,2,1,,,,,,,1,,"Yes, someone could recreate both my data cleaning/coding and analysis steps.",4-8 years after the conclusion of a project,,1,,1,1,1,,1,,,1,,1,,,,,1,1,,1,,,4,3,3,5,2,1,1,1,1,,1,1,,,No,Yes,Yes,Yes,No,No,Yes,No,Yes,Yes,No,Yes,I dont know,No,No,I dont know,Yes,I dont know,I dont know,Yes,No,Yes,Yes,No,Yes,I dont know,Yes,I dont know,1,2,4,3,3,
189,192,Post-Doctoral Fellow,,2,13,Predominantly research focused university or college,, United States of America,1,28,15,5,4,3,1,2,Developmental Psychology,,Primarily quantitative,1,1,,,,,,1,,,,1,1,,,,1,,,,,,"Yes, though I generally do not revisit my DMPs after I submit a grant or project proposal.",1,1,,1,,1,1,,1,,,,1,1,,1,,1,,,,,,,"Yes, but I have not taken advantage of it.",Im not sure if my institution offers these services,"Yes, but I have not taken advantage of it.",5,1,4,3,4,2,3,1,1,3,5,5,4,5,4,2,3,2,4,3,3,4,2,2,1,1,,,,,,,,Yes,1,1,,,,1,1,,1,,,,,1,1,1,,1,,1,,,,,,,1,,,1,1,1,1,1,1,1,1,,,1,,,1,,,1,,,,1,1,1,,1,,,,1,,1,,,,,,,No,1,1,1,1,1,1,1,1,,1,,,,,No,3,2,3,1,3,2,3,2,2,1,1,,,,,,,1,,1,,,1,,,,,1,1,,,,,,,,,,,,1,,,,"Some tools are used by everyone, but sometimes different people or different projects use additional tools.","Sometimes, when possible","Yes, I use both code I have created myself and adapt code written by others.",1,,,,,,1,,,,1,1,,,,1,,,,,,,No ,Someone could recreate my cleaning/coding but not analysis steps.,1,3,2,2,4,2,1,3,1,,1,1,,,,,,,,,,1,1,,1,,,,,,,1,1,,,,1,,,,,,"Yes, I have been required to share data.	 ",No,,No,,1,,,,,,,1,,"Yes, someone could recreate both my data cleaning/coding and analysis steps.",8+ years (and maintained so it is always accessible),,1,,,,1,,1,,,,,,,1,,1,1,,,,,,2,4,1,2,4,1,1,1,1,,1,1,,,No,I dont know,Yes,Yes,Yes,No,No,No,No,No,No,Yes,No,No,Yes,Yes,Yes,Yes,Yes,Yes,I dont know,No,I dont know,No,Yes,I dont know,No,Yes,1,2,3,3,3,
190,193,Post-Doctoral Fellow,,1,5,Predominantly research focused university or college,, United States of America,1,7,2,4,1,0,0,2,Cognitive Neuroscience,,Primarily quantitative,1,,,,,,,,1,,German research foundation (DFG),1,,,,,1,,,,,,No,1,1,1,,,1,1,,1,,,,1,,,1,1,1,1,,,,,,"Yes, but I have not taken advantage of it.",Im not sure if my institution offers these services,"Yes, but I have not taken advantage of it.",4,1,3,1,4,2,1,1,2,3,5,4,3,4,1,1,2,2,4,4,4,4,2,4,1,1,,,,,1,,,No,1,,,,,1,1,,,,,,,1,,1,,1,,1,,,,,,,1,,,1,1,1,1,,1,,1,,,1,,1,,,,1,,,,1,1,1,,,,,,1,1,1,,,,,1,"All organization is done by code, which I keep. There is no further documentation though.",Im not sure.,1,,,,,,,,1,1,,,,,Yes ,2,4,4,2,2,5,4,2,5,1,,1,,,1,1,,1,1,1,,,1,,,,,1,,,,,,1,,1,,,,,1,,,,"Some tools are used by everyone, but sometimes different people or different projects use additional tools.","Sometimes, when possible","Yes, I primarily create my own code.",1,1,1,,,1,,,,,1,1,,,,1,1,,,,,,No ,Yes. Someone could recreate both my data cleaning/coding and analysis steps.,1,1,2,4,4,3,1,5,1,,,,,,,1,,,,1,,1,1,1,1,,,1,,,,1,1,1,,,,1,1,,,,No,Yes,3,No,,1,,,,,,1,,Test my models on other data,"Yes, someone could recreate both my data cleaning/coding and analysis steps.",8+ years (but in a formats that it may become obsolete),,1,,,,1,,1,,,,,,,1,1,1,1,1,,,,,4,5,2,3,4,1,1,1,1,,1,1,,,Yes,No,Yes,Yes,Yes,Yes,Yes,No,No,No,No,No,No,No,No,Yes,Yes,Yes,I dont know,Yes,No,I dont know,Yes,No,I dont know,I dont know,I dont know,Yes,2,2,4,3,4,
191,195,Graduate Student,,1,8,Predominantly research focused university or college,, United States of America,1,16,12,4,0,0,0,0,Biopsychology or Behavioral Neuroscience,,Primarily quantitative,1,,,,,,,,,1,,1,,,,,,,,1,,,No,1,1,1,,,1,1,,1,,,,1,,,,,1,1,,,,,,Im not sure if my institution offers these services,Im not sure if my institution offers these services,Im not sure if my institution offers these services,3,1,4,4,4,2,4,2,3,4,4,5,1,1,3,2,3,2,3,4,5,1,2,4,1,1,,,,,,,,No,1,,,1,,,,,,,,,,1,1,1,,1,,1,,,1,,,,,,,1,1,1,1,1,1,,,,,1,,,,,,,,1,,1,1,1,1,,,,,1,,,,1,,,,,Im not sure.,1,,,1,1,,,,,,,,,,Yes ,3,5,5,3,4,2,2,3,5,1,1,,,,,,1,,,1,,,,,,,,1,1,,,,,,,,,1,,,,,,,"Some tools are used by everyone, but sometimes different people or different projects use additional tools.",No,No,1,,,,,,,,1,,1,,,,,,,,,1,,,Yes,Someone could recreate my data analysis but not cleaning/coding steps.,1,2,3,5,5,1,2,5,1,,,1,1,,1,,,,,,,1,,,,,,,,1,,1,,,,,,,,,1,,"Yes, I have been required to complete a data availability statement.",No,,No,,1,,,,,,,1,,Someone could recreate my data analysis but not cleaning/coding steps.,8+ years (and maintained so it is always accessible),,1,,1,,1,,1,,,1,,,,,1,1,1,1,,,,,3,4,2,5,5,1,1,,1,,,1,,,No,I dont know,No,Yes,I dont know,No,No,No,No,No,No,No,No,No,No,Yes,Yes,I dont know,I dont know,I dont know,No,No,Yes,Yes,Yes,Yes,No,Yes,3,3,3,3,2,
192,196,"Assistant Professor (US), Lecturer (UK), or equivalent",,2,15,Predominantly research focused university or college,, United States of America,1,27,12,0,4,10,1,3,Clinical Psychology,,Primarily quantitative,1,1,,,1,,,1,,,,1,1,1,,1,,,,,,,"Yes, and I generally revist my DMPs throughout the course of a project.",1,1,1,,,1,,,1,,,,1,1,1,,,1,,,1,,,,"Yes, and I have taken advantage of it.","Yes, and I have taken advantage of it.","Yes, and I have taken advantage of it.",1,1,2,3,3,1,2,2,2,3,3,4,5,5,3,3,5,4,4,3,3,4,4,4,1,1,,1,,1,,,,Yes,1,1,,,1,,1,1,,,,,,1,,1,1,1,1,1,,,1,,,,,,,1,1,1,1,1,1,1,1,,,1,1,,,,,1,,,,1,1,1,1,1,,,,1,1,1,1,1,,,,,Yes ,1,1,1,,,,1,1,1,,1,,,,Yes ,1,2,3,3,4,4,4,4,4,1,1,,,,,1,1,,,1,1,,,,,,,1,1,,,,,1,1,,,1,,,,,,,"Yes, everyone uses the same software tool(s).","Sometimes, when possible",No,1,,,,,,,,1,,1,1,1,1,,1,,,,,,,Yes,Im not sure.,3,3,3,4,4,3,4,4,1,,,,,,,,,,1,,,1,,,,,,,,1,,1,,,,,,,,,1,,No,No,,Yes,5,1,,,,,,,1,,I am not sure.,8+ years (but in a formats that it may become obsolete),,1,1,1,1,1,1,1,,,1,,,,,1,1,1,1,1,1,,,4,4,4,4,4,1,1,1,,,1,1,,,No,Yes,No,No,No,No,No,No,No,No,No,No,No,No,No,Yes,Yes,Yes,Yes,Yes,I dont know,I dont know,I dont know,I dont know,Yes,Yes,I dont know,No,4,4,4,4,4,
193,197,Graduate Student,,1,9,Predominantly research focused university or college,, United States of America,0,0,0,0,0,0,0,0,Developmental Psychology,,Primarily quantitative,1,,,,,,,,,1,,0,,,,,,,,,,,No,1,1,,1,,1,1,,,,,,1,,,,,1,,,,,,,Im not sure if my institution offers these services,Im not sure if my institution offers these services,"Yes, and I have taken advantage of it.",1,1,4,4,4,1,3,2,1,4,5,3,2,5,1,3,1,1,3,4,3,2,2,4,1,1,1,,1,,,,,Yes,1,,,,,,,,1,,1,,Real Basic,1,1,1,,1,,1,,1,,,1,,1,,,1,,,1,,,,1,,,1,,,,,,,,1,,1,,1,,1,,,,1,,,,1,,,,,No,1,1,1,,,,,,1,,,,,,Im not sure.,1,4,5,2,5,5,2,3,5,1,1,,,,,,,,,1,,,,,,,,1,1,,,,,,,,,1,,,,,,,"Some tools are used by everyone, but sometimes different people or different projects use additional tools.",Im not sure,No,1,,,,,,,,1,,1,,,,,,,,,1,,,No ,No. I would have to be present.,3,4,4,5,4,1,3,4,1,,,,,,,,,,,1,,1,,,,,,,,1,,1,,,,,,,,,1,,"Yes, I have been required to complete a data availability statement.",No,,No,,1,,,,,,,1,,Someone could recreate my data analysis but not cleaning/coding steps.,8+ years (but in a formats that it may become obsolete),,1,1,1,,1,,1,,1,,,1,,1,,,1,,,1,,,5,5,1,4,5,1,1,,1,,,,,,No,Yes,No,Yes,I dont know,No,No,No,No,No,No,No,No,No,No,Yes,Yes,I dont know,Yes,Yes,Yes,Yes,Yes,Yes,Yes,Yes,Yes,No,3,4,4,5,5,
194,198,"Professor (US), Reader (UK), or equivalent",,2,55,Equally research/teaching focused university or college,, Israel,1,101,60,30,4,5,2,2,Cognitive Psychology,,Primarily quantitative,1,,1,,,,,,1,,Binational grants,1,1,,,,,,,,,,No,1,1,,,,1,,,,,,,1,,,,,1,,,1,,,,"Yes, and I have taken advantage of it.","Yes, and I have taken advantage of it.",Im not sure if my institution offers these services,5,4,1,1,1,5,3,3,2,4,5,5,2,4,2,4,4,4,4,4,5,5,2,5,1,1,1,,1,,1,,,Yes,1,1,1,,,,,,1,,,,,1,1,1,,1,,1,1,1,,,,,1,,,1,1,1,1,1,1,1,1,,,1,,,1,,,1,,,,1,1,1,,1,,,,1,1,1,1,,,,,,Yes ,1,1,,,1,,1,,,1,,,,,Yes ,1,2,2,3,4,4,5,2,4,1,1,,,,,,,,1,1,,,,,,,,1,1,,,,,,,,1,1,,,,,,,"Some tools are used by everyone, but sometimes different people or different projects use additional tools.","Sometimes, when possible","Yes, I primarily create my own code.",1,,,,,,,,1,,1,,1,,,,,,,,,,Yes,Someone could recreate my data analysis but not cleaning/coding steps.,1,,3,3,3,4,2,4,1,1,,,,,,1,,,,,,1,1,,1,,,,1,,I shared data upon request,1,,1,,,,,1,,,,"Yes, I have been required to share data.	 ",Yes,3,Yes,4,1,,,1,,,,,,Someone could recreate my data analysis but not cleaning/coding steps.,8+ years (but in a formats that it may become obsolete),,1,,,,1,,1,,,,,,,,,,1,1,,1,,,4,4,4,4,4,1,1,1,,,,,,,No,Yes,Yes,Yes,No,Yes,I dont know,I dont know,I dont know,Yes,I dont know,I dont know,I dont know,I dont know,I dont know,Yes,Yes,Yes,Yes,I dont know,I dont know,I dont know,Yes,I dont know,I dont know,I dont know,I dont know,I dont know,5,3,5,5,5,
195,199,"Assistant Professor (US), Lecturer (UK), or equivalent",,2,12,Predominantly teaching focused university or college,, United States of America,1,3,3,0,0,0,0,0,Cognitive Neuroscience,,Primarily quantitative,1,,,,,,,1,,,,1,1,,,,,,,,,,No,1,1,,,,,,,,,,,1,,,,,1,,,,,,,"Yes, but I have not taken advantage of it.",No,No,3,4,3,4,4,5,2,1,2,3,5,3,4,5,3,2,3,1,1,5,5,1,3,4,1,1,,,,,,,,No,1,,,,,1,1,1,,,,,,1,,1,,1,,1,,,1,,,,,,,1,1,1,,1,1,,1,,,1,,,,,,,,1,,1,1,1,,,,,,1,,1,,,,,,,Not applicable,1,,,,1,,,,1,,,,,,Yes ,2,4,2,2,4,5,3,3,5,1,1,,,1,,1,,,,1,,,,,,,,1,1,,,,,1,,,,1,,,,,,,"Yes, everyone uses the same software tool(s).","Sometimes, when possible","Yes, I primarily create my own code.",1,,,,,,,,1,,1,,1,,,,,,,,,,No ,Yes. Someone could recreate both my data cleaning/coding and analysis steps.,1,1,3,4,5,1,3,5,1,,,,,,,,1,,,,,1,,,,,,,,1,,1,,,,,,,,,1,,No,No,,No,,1,,,,,,,1,,"Yes, someone could recreate both my data cleaning/coding and analysis steps.",I dont know.,,1,,,,1,,1,,,1,,,,,,,,,,,,,3,5,1,5,3,1,1,,1,,,,,,Yes,Yes,,,,,,,,,,,,,,Yes,I dont know,I dont know,I dont know,I dont know,No,Yes,Yes,I dont know,I dont know,I dont know,I dont know,No,4,5,3,3,4,
196,200,Graduate Student,,1,9,Predominantly research focused university or college,, United States of America,1,2,1,1,0,0,0,0,Developmental Psychology,,Primarily quantitative,1,,,,,,,1,,,,1,,,,,,1,,,,,"Yes, though I generally do not revisit my DMPs after I submit a grant or project proposal.",1,1,1,1,,1,1,,1,,,,1,,,,,1,,,,,,,Im not sure if my institution offers these services,Im not sure if my institution offers these services,Im not sure if my institution offers these services,4,1,4,3,3,3,3,1,1,4,4,5,3,5,3,3,3,2,2,3,3,4,4,4,1,1,,,,,,,,Yes,1,1,,,,1,,,1,,,,,1,1,1,,1,,1,,,,,,,,,,1,1,1,1,1,1,,1,,,1,,,,,,,,1,,1,,1,,,,,,1,1,,1,,,,,,Not applicable,1,,1,,1,,1,,,,,,,,Yes ,2,3,3,1,3,4,3,4,4,1,1,,,,,,,,,1,,,1,,,,,1,,,,,,,,,,1,,,,,,,"Yes, everyone uses the same software tool(s).",Im not sure,"Yes, I primarily create my own code.",1,,,,,,,,1,,1,,,,,1,,,,1,,,Not applicable,Someone could recreate my data analysis but not cleaning/coding steps.,2,4,3,5,4,2,3,3,1,,,,,,1,1,1,,,,,1,,,,,,,,1,,1,,,,,,,,,1,,No,No,,No,,1,,,,,,,1,,Someone could recreate my data analysis but not cleaning/coding steps.,4-8 years after the conclusion of a project,,1,1,1,,1,1,1,1,,,,,,,1,1,1,1,,1,,,3,3,2,2,3,1,1,1,1,,1,1,,,No,I dont know,No,No,Yes,No,Yes,No,No,Yes,No,No,No,No,Yes,I dont know,Yes,Yes,I dont know,Yes,I dont know,I dont know,Yes,I dont know,I dont know,I dont know,I dont know,I dont know,3,3,2,4,2,
197,201,Research Associate/Scientist,,1,10,Non-profit organization,, United States of America,1,28,5,1,0,20,2,5,Social and Personality Psychology,,A mix of quantitative and qualitative,1,1,,1,1,,1,,,,,1,,,,,,,,,1,key personell,"Yes, though I generally do not revisit my DMPs after I submit a grant or project proposal.",1,1,1,1,,1,,,,,,,1,1,1,1,,,,,,,,,Im not sure if my institution offers these services,Im not sure if my institution offers these services,"Yes, and I have taken advantage of it.",2,2,3,3,4,3,4,1,2,4,3,4,3,3,2,2,1,3,1,3,3,4,3,4,1,,1,1,1,,1,,,Yes,1,,,,,,1,,1,,,,,1,1,1,1,1,1,,1,,,,,,,,,1,1,,1,1,1,1,,,,1,1,,,,,1,,,,1,1,1,,,,,,1,,,,1,,,,,No,1,,1,,,,1,,,,,,,,Im not sure.,I do not keep any backup copies of my digital files/data.,4,4,1,4,2,3,,4,1,1,,,,,1,,,1,1,,,,,,,,1,1,,,,,,,,,1,,,1,,,,"No, there is no standardization in terms of what software tools my lab or research group members use.","Sometimes, when possible","Yes, I use both code I have created myself and adapt code written by others.",1,1,,,,,,,,,1,1,,,,,,,,1,,,Not applicable,Someone could recreate my data analysis but not cleaning/coding steps.,1,1,1,4,4,,,,0,,,,,,,,,,,,,0,,,,,,,,,,0,,,,,,,,,,,,,,,,0,,,,,,,,,,,,0,,,,,,,,,,,,,,,,,,,,,,,,,,,0,,,,,,,,,,,,,,,,,,,,,,,,,,,,,,,,,,,,,,,,,,
198,202,"Professor (US), Reader (UK), or equivalent",,2,48,Medical school or health sciences center,, United States of America,1,2,0,2,0,0,0,0,Clinical Psychology,,A mix of quantitative and qualitative,1,,,,1,,,,1,,Medical Center,1,1,1,,,,,,,,,I dont know.,1,1,,,,1,,,,,,,1,,,,,,,,,,1,,Im not sure if my institution offers these services,Im not sure if my institution offers these services,Im not sure if my institution offers these services,2,2,4,3,3,4,3,2,2,3,4,5,3,4,3,3,2,2,3,3,3,3,3,4,1,1,,1,1,,,,,Yes,1,,,,,,,1,,,,,,1,1,1,1,1,1,,1,,,,,,,,,1,,,,,,,1,,,1,,,,,,,,1,,1,1,,,,,,,1,,,,1,,,,,Im not sure.,1,,,1,1,,,,,,,,,,Im not sure.,1,4,4,4,4,4,3,3,4,1,,,,,,,,,,,,,,,1,,,1,,,,,,,,,,1,,,,,,,"Yes, everyone uses the same software tool(s).",No,"Yes, I use both code I have created myself and adapt code written by others.",1,,,,,,,,1,,1,,,,,,,,,1,,,No ,No. I would have to be present.,1,2,3,4,2,1,3,2,1,1,,1,1,,,1,,,,1,,1,,,,,,,1,,delivered my data in email as SPSS file upon request by7 other investigators outside my institution,1,,,,,,,,1,,to allow others to address questions that my data might address.,No,Yes,1,Yes,5,1,,,1,,,,,,Someone could recreate my data analysis but not cleaning/coding steps.,8+ years (but in a formats that it may become obsolete),,1,,,,1,,,,,,,,,,,,,,,,,,2,2,2,2,3,1,1,,,,,,,,No,No,Yes,Yes,No,I dont know,Yes,No,No,I dont know,I dont know,Yes,I dont know,No,No,Yes,I dont know,No,I dont know,I dont know,I dont know,No,I dont know,I dont know,Yes,I dont know,I dont know,I dont know,2,3,3,3,3,
199,203,"Associate Professor  (US), Senior Lecturer (UK), or equivalent",,2,18,Predominantly research focused university or college,, Canada,1,19,12,2,1,1,3,5,Developmental Psychology,,Primarily quantitative,1,1,,1,,,,1,,,,1,1,1,,,,,,,,,"Yes, though I generally do not revisit my DMPs after I submit a grant or project proposal.",1,1,1,1,,1,1,1,1,,,,1,,,1,,,1,1,1,,,,No,No,"Yes, and I have taken advantage of it.",4,2,4,4,3,4,4,1,1,3,5,5,3,4,3,2,3,1,1,5,5,3,2,5,1,1,,1,1,,,,,Yes,1,,,,,,,,,,1,,Tobii,1,1,1,,1,1,1,,,,,,,1,,,1,1,1,1,1,1,1,1,,,1,1,1,1,,,,,,,1,1,1,,1,,,,1,,,1,1,,,,,No,1,1,,,,1,,,1,1,,,,,Yes ,2,2,2,4,4,5,3,2,5,1,,,,,,,,,,1,,,1,,,,,1,,,,,,,,,,,,,1,,,,"Some tools are used by everyone, but sometimes different people or different projects use additional tools.",No,"Yes, I use both code I have created myself and adapt code written by others.",1,,1,1,,,,,,,1,,,,,1,1,,,,,,Yes,Yes. Someone could recreate both my data cleaning/coding and analysis steps.,1,2,3,3,3,3,1,5,1,1,,,,,,,,,,,,1,,,1,,,,,,,1,1,1,,,,1,1,,,,No,Yes,2,No,,1,,1,,,,,,,"Yes, someone could recreate both my data cleaning/coding and analysis steps.",8+ years (but in a formats that it may become obsolete),,1,1,1,,1,1,1,,,,,,,1,,,,,,,,,4,2,5,5,5,1,1,1,,,1,1,,,No,I dont know,Yes,Yes,Yes,No,Yes,No,No,Yes,No,Yes,Yes,No,Yes,Yes,Yes,Yes,No,Yes,No,I dont know,Yes,I dont know,Yes,Yes,I dont know,Yes,1,1,1,3,2,
200,204,Graduate Student,,1,7,Predominantly research focused university or college,, United States of America,1,17,10,4,2,1,0,0,Cognitive Psychology,,Primarily quantitative,1,,,,,,,1,,,,1,,,,,,1,,,,,No,1,1,1,1,1,1,,1,1,,,,1,,,,,,,,,,1,,Im not sure if my institution offers these services,Im not sure if my institution offers these services,Im not sure if my institution offers these services,5,1,1,5,2,3,3,1,3,4,5,5,1,1,1,1,1,1,4,5,5,4,2,5,1,1,,,1,,1,,,No,1,,,1,,1,,,,1,,,,1,,1,,,1,1,,,,,,,,,,1,1,1,1,1,1,1,1,,,1,,,1,,1,1,,,,1,1,1,,,,,,1,,,,1,,,,,No,1,,,,,1,,,,1,1,,,,No,2,5,3,2,5,5,3,2,5,1,1,1,,1,,1,1,1,,1,,,1,,,,,1,,,,,,,,1,,,,,1,,,,"Some tools are used by everyone, but sometimes different people or different projects use additional tools.",Im not sure,"Yes, I primarily create my own code.",1,,,1,,1,1,,,,1,,,,,,,,,1,,,No ,Someone could recreate my data analysis but not cleaning/coding steps.,1,1,1,5,4,4,2,5,0,,,,,,,,,,,,,1,1,,1,,,,,,,1,1,1,,,,1,1,,,,"Yes, I have been required to both share data and complete a data availability statement.",Yes,3,Yes,5,1,1,1,1,,,,,,Someone could recreate my data analysis but not cleaning/coding steps.,Other (Please describe),All the data are on OSF. So I guess indefinitely?,1,,,,1,,1,,,,,,,,,1,1,1,,,,,3,1,1,1,4,1,1,1,1,,,1,,,Yes,Yes,Yes,Yes,No,Yes,Yes,No,Yes,No,No,Yes,No,No,Yes,Yes,Yes,No,Yes,Yes,I dont know,Yes,I dont know,I dont know,Yes,Yes,No,Yes,1,1,1,2,1,
201,205,"Professor (US), Reader (UK), or equivalent",,2,23,Predominantly research focused university or college,, Poland,1,29,15,6,3,5,0,5,Social and Personality Psychology,,Primarily qualitative,1,,1,,,,,,,,,1,1,1,,,,,,,,,"Yes, and I generally revist my DMPs throughout the course of a project.",1,,,1,1,1,,,1,,,,1,,1,1,1,1,,,,,,,No,No,No,3,3,2,3,4,5,2,2,2,1,4,5,4,5,5,5,5,1,3,5,5,4,4,5,1,1,,,,,1,,,Yes,1,1,,1,,1,,,,,,,,1,,1,1,,,1,1,,1,,1,,1,,,1,1,1,1,1,1,1,1,,,1,,,1,,1,1,,,,1,,1,,,,,,1,,1,,,,,,,Yes ,1,,,,1,1,,,,1,,,,,Yes ,2,5,5,5,5,5,3,3,4,1,,,,,,,,,,1,1,,,,,,,1,,,,,,,,1,,1,1,,1,,,,"Yes, everyone uses the same software tool(s).","Sometimes, when possible","Yes, I primarily adapt code written by others.",1,,,1,,,,,,,1,,,1,,,,,,,,,Yes,Someone could recreate my data analysis but not cleaning/coding steps.,4,4,4,4,4,3,3,5,1,1,,,1,,,1,,,,,,1,,,1,,,,,,,1,,,,,,1,1,,,,"Yes, I have been required to both share data and complete a data availability statement.",Yes,2,Yes,2,1,1,1,,,,,,,Someone could recreate my data analysis but not cleaning/coding steps.,1-3 years after the conclusion of a project,,1,,1,,,1,1,1,,1,,,,1,1,1,1,1,1,1,,,4,4,4,4,4,1,1,1,1,,1,,,,Yes,Yes,No,Yes,Yes,Yes,No,No,Yes,No,No,Yes,Yes,No,No,Yes,Yes,Yes,Yes,Yes,Yes,Yes,Yes,Yes,Yes,Yes,Yes,Yes,1,1,2,2,2,
202,206,"Associate Professor  (US), Senior Lecturer (UK), or equivalent",,2,16,Predominantly research focused university or college,, United States of America,1,16,12,4,0,0,0,1,Other (Please describe),Correctional psychology,A mix of quantitative and qualitative,1,,1,,1,,,1,,,,1,1,1,,,,,,,,,"Yes, though I generally do not revisit my DMPs after I submit a grant or project proposal.",1,1,,1,,1,,,1,,,,1,,,,,1,,,1,,,,No,No,No,4,3,4,4,4,4,3,2,5,3,5,4,3,5,2,3,4,1,3,3,3,4,3,5,1,,1,1,,,1,,,Yes,1,,,,,,,,1,,1,,Question Pro,1,1,1,1,1,1,,,,,,,,,1,criminal justice records,1,1,,,1,,1,1,,,1,,,,,,,,1,,1,1,,,,,,,1,,1,,1,,,,,No,1,1,1,1,1,,,,,1,,,,,Yes ,More than 3,4,5,4,5,4,3,4,4,1,1,,,,,,1,,1,1,,,,,,,,1,,,,,,,,,,1,,,,,,,"Some tools are used by everyone, but sometimes different people or different projects use additional tools.","Sometimes, when possible","Yes, I use both code I have created myself and adapt code written by others.",1,,,,,,,,1,,1,,1,,,,,,,,,,Yes,Someone could recreate my data analysis but not cleaning/coding steps.,3,4,4,5,5,2,4,3,1,1,1,,,,,,,,,,,1,,,,,,,,1,,1,,,,,,,,,1,,No,No,,Yes,1,1,,,,,,,1,,"Yes, someone could recreate both my data cleaning/coding and analysis steps.",8+ years (but in a formats that it may become obsolete),,1,1,1,1,1,1,,,,,,,,,,,,,1,1,,,3,3,5,5,5,1,1,,1,,,,,,Yes,I dont know,No,No,No,No,Yes,No,No,Yes,No,No,No,No,No,I dont know,I dont know,I dont know,No,Yes,No,I dont know,Yes,I dont know,I dont know,I dont know,I dont know,No,3,3,3,3,4,
203,207,"Associate Professor  (US), Senior Lecturer (UK), or equivalent",,2,26,Predominantly research focused university or college,, United States of America,1,14,5,3,1,4,1,3,Other (Please describe),developmental neuroscience,Primarily quantitative,1,1,,,,,,1,,,,1,1,1,,1,,,,,,,No,1,1,,1,,1,1,1,1,,,,1,,,,,1,,1,1,,,,Im not sure if my institution offers these services,No,No,4,3,3,3,5,4,2,3,4,3,1,1,1,1,3,3,2,3,2,1,1,4,1,3,1,1,,1,1,1,,,,Yes,1,1,,,,1,1,,1,1,,,,1,1,1,1,1,1,1,1,1,1,,,,1,,,1,1,1,1,1,1,,1,,,1,,1,,,,,,,,1,,1,,1,,1,also back up computers regularly with back-up hard drives ,1,1,1,,,,,,,Yes ,1,1,1,1,,1,,1,1,1,,,,,Yes ,More than 3,5,4,2,4,4,3,1,3,1,,,,,,,,,,1,,,,,,,,1,1,,,,,1,,,,1,,,1,,,,"Some tools are used by everyone, but sometimes different people or different projects use additional tools.","Sometimes, when possible","Yes, I primarily create my own code.",1,,,,,,,,1,,1,,1,1,,,,,,,,,No ,No. I would have to be present.,2,4,3,3,5,3,1,5,1,1,1,1,,,,,,,,,,1,1,1,,,,,,,,1,1,1,1,,1,1,1,,,,"Yes, I have been required to both share data and complete a data availability statement.",Yes,5,Yes,4,1,1,,1,,,,,,"Yes, someone could recreate both my data cleaning/coding and analysis steps.",8+ years (and maintained so it is always accessible),,1,1,1,1,1,,1,1,1,1,,,,1,1,1,1,1,,,,,4,3,2,5,5,1,1,,1,,1,1,,,No,I dont know,No,I dont know,I dont know,Yes,I dont know,Yes,Yes,No,No,No,No,No,No,I dont know,Yes,I dont know,Yes,I dont know,Yes,Yes,I dont know,I dont know,I dont know,I dont know,I dont know,I dont know,3,3,5,3,3,
204,208,"Assistant Professor (US), Lecturer (UK), or equivalent",,2,13,Predominantly research focused university or college,, United States of America,1,19,15,3,1,0,0,4,Social and Personality Psychology,,Primarily quantitative,1,1,,,1,1,,1,,,,1,1,,,,,,,,,,"Yes, though I generally do not revisit my DMPs after I submit a grant or project proposal.",1,1,1,1,,1,1,1,1,,,,1,,,1,1,,,1,1,,,,Im not sure if my institution offers these services,Im not sure if my institution offers these services,Im not sure if my institution offers these services,5,2,3,4,4,4,3,2,1,1,4,4,4,2,2,3,4,4,4,5,5,4,3,4,1,1,,1,1,1,1,,,Yes,1,1,,,,1,,,1,1,,,,1,,1,1,1,1,1,,,,,1,,,,,1,1,,1,1,1,1,1,,,1,,,1,,1,1,,,,1,1,1,,,,,,1,1,1,,1,,,,,Im not sure.,1,1,1,1,,,1,,,1,,,,,Yes ,1,4,4,4,4,4,4,4,4,1,1,,,1,,,1,,,1,1,,1,,,,,1,1,,,,,,1,,,1,1,,1,,,,"Some tools are used by everyone, but sometimes different people or different projects use additional tools.","Sometimes, when possible","Yes, I use both code I have created myself and adapt code written by others.",1,,,1,,1,1,,,,1,,1,1,,,,,,,,,No ,Someone could recreate my data analysis but not cleaning/coding steps.,4,4,4,4,4,3,3,4,1,1,1,,,1,1,,,,,,,1,1,,1,,,,,,,1,1,1,,,1,1,1,,,,"Yes, I have been required to share data.	 ",Yes,4,Yes,4,1,,1,1,1,,,,,Someone could recreate my data analysis but not cleaning/coding steps.,8+ years (and maintained so it is always accessible),,1,1,1,1,1,1,1,1,,,,,,,,1,1,1,1,1,,,4,4,4,4,4,1,1,,1,,,1,,,Yes,I dont know,Yes,Yes,Yes,Yes,Yes,No,No,Yes,Yes,Yes,Yes,Yes,Yes,Yes,Yes,Yes,Yes,Yes,I dont know,No,Yes,Yes,Yes,Yes,Yes,Yes,4,4,4,4,4,
205,209,"Assistant Professor (US), Lecturer (UK), or equivalent",,2,13,Equally research/teaching focused university or college,, United States of America,1,8,6,2,0,0,0,1,Social and Personality Psychology,,Primarily quantitative,1,,,,,,,1,,,,1,1,,,,,,,,,,"Yes, though I generally do not revisit my DMPs after I submit a grant or project proposal.",1,1,1,1,1,1,1,1,1,,,,1,,,1,1,1,1,1,1,,,,Im not sure if my institution offers these services,Im not sure if my institution offers these services,Im not sure if my institution offers these services,3,1,3,3,2,3,4,2,2,4,4,4,5,5,5,4,2,2,4,5,5,3,2,4,1,1,,,,,1,,,No,1,,,,,,,,1,,,,,1,1,1,,1,,,,,,,1,,,,,1,,,,1,,1,1,,,1,,,1,,,,,,,1,,,,1,,,,1,1,1,,,,,,,Yes ,1,,1,1,,,,,1,1,,,,,Yes ,2,4,5,5,4,4,4,2,5,1,,,,,,,1,,1,1,,,,,,,,1,1,,,,,,1,,1,1,1,,,,,,"Some tools are used by everyone, but sometimes different people or different projects use additional tools.","Yes, always","Yes, I primarily create my own code.",1,,,,,,1,,,,1,,1,,,1,,,,1,,,No ,No. I would have to be present.,3,3,5,5,5,4,2,5,1,,,,,,,,,,1,,,1,,,,,,,,1,,1,1,1,1,,,1,1,,,,"Yes, I have been required to complete a data availability statement.",Yes,3,Yes,3,1,,1,,,,,,,Someone could recreate my data analysis but not cleaning/coding steps.,8+ years (and maintained so it is always accessible),,1,1,1,,1,,,,,,,1,,,,,,,1,1,,,5,5,5,5,5,1,1,1,1,,1,1,,,No,Yes,No,Yes,Yes,No,No,No,Yes,Yes,Yes,Yes,Yes,Yes,No,I dont know,Yes,Yes,I dont know,I dont know,I dont know,Yes,Yes,Yes,Yes,Yes,Yes,I dont know,4,4,4,4,2,
206,210,"Assistant Professor (US), Lecturer (UK), or equivalent",,2,17,Medical school or health sciences center,, United States of America,1,7,5,0,0,1,1,4,Clinical Psychology,,A mix of quantitative and qualitative,1,1,,,1,,,1,,,,1,1,1,,1,,,,,,,"Yes, and I generally revist my DMPs throughout the course of a project.",1,1,1,1,1,1,1,,1,,,,1,1,1,1,1,1,1,,1,,,,"Yes, but I have not taken advantage of it.",Im not sure if my institution offers these services,No,4,4,1,1,1,4,1,1,1,1,5,5,5,5,5,3,5,1,3,5,5,4,3,5,1,,1,1,,1,1,,,Yes,1,,,,,,,1,,,,,,1,1,1,1,1,1,1,1,,,1,1,,,,,1,1,,1,1,,1,1,,,1,,,,,,1,,,,1,,1,,1,,,,1,1,1,1,,,,,,Yes ,1,1,1,,,,1,,1,,,,,,Yes ,1,2,3,1,2,1,4,2,5,1,,,,,,,1,,1,1,,,,,,,,1,1,,,,,,1,,,1,,,,,,,"Yes, everyone uses the same software tool(s).","Sometimes, when possible","Yes, I primarily create my own code.",1,,,,,,,,1,,1,,1,,,,,,,,,,Yes,Im not sure.,3,3,1,1,4,2,1,5,1,,,,,,,,,,,1,,1,,1,,,,,,,,1,,1,,,1,1,1,,,,No,No,,Yes,3,1,,,,,,,1,,Someone could recreate my data analysis but not cleaning/coding steps.,8+ years (and maintained so it is always accessible),,1,,1,1,1,1,1,1,,,,1,,,,1,,,1,1,,,4,5,1,4,4,1,1,1,1,,1,1,,,I dont know,Yes,Yes,Yes,Yes,Yes,Yes,No,Yes,Yes,No,Yes,Yes,No,No,Yes,Yes,Yes,Yes,Yes,I dont know,Yes,Yes,I dont know,Yes,Yes,I dont know,I dont know,1,1,4,4,4,
207,211,"Assistant Professor (US), Lecturer (UK), or equivalent",,2,17,Equally research/teaching focused university or college,, Canada,1,22,15,5,2,0,0,4,Biopsychology or Behavioral Neuroscience,,Primarily quantitative,1,,,,,,,,1,,Canadian govt,1,1,1,,,,,,,,,"Yes, though I generally do not revisit my DMPs after I submit a grant or project proposal.",1,1,,1,,1,,,,1,,OBSSR training programs,1,,,,1,,,,1,,,,"Yes, and I have taken advantage of it.","Yes, and I have taken advantage of it.","Yes, and I have taken advantage of it.",4,1,3,3,1,3,1,1,1,1,3,5,5,5,1,1,5,4,1,5,3,3,1,5,1,1,1,1,,,1,,,Yes,1,,,,,,,1,1,,,,,1,,1,1,1,,,,,,,1,1,,,,1,1,1,,1,,1,1,,,1,1,,,,1,1,,,,1,1,,,1,,,,1,1,1,1,1,,,,,Yes ,1,,,,,1,,1,1,,,,,,Yes ,1,4,2,1,1,1,4,2,5,1,,,,,,,,,,1,,,,,,,,1,,,,,,,,,,1,,,,,,,"Some tools are used by everyone, but sometimes different people or different projects use additional tools.","Yes, always","Yes, I primarily adapt code written by others.",1,,,,,1,,,,,1,1,1,,,,,,,,,,Yes,No. I would have to be present.,1,3,1,1,4,1,1,5,1,,1,1,,,,1,,,1,,,1,1,,,,,,,,,1,1,1,,,1,1,1,,,,"Yes, I have been required to complete a data availability statement.",No,,Yes,5,1,,,,,,,1,,"Yes, someone could recreate both my data cleaning/coding and analysis steps.",8+ years (and maintained so it is always accessible),,1,,1,,1,,,,,,,1,1,,1,,,,,,,,4,5,2,4,5,1,1,1,1,,1,,,,No,Yes,I dont know,Yes,Yes,No,Yes,No,Yes,Yes,No,Yes,I dont know,Yes,No,I dont know,Yes,Yes,Yes,Yes,I dont know,Yes,Yes,I dont know,Yes,I dont know,Yes,I dont know,2,1,1,4,1,
208,212,Post-Doctoral Fellow,,1,10,Medical school or health sciences center,, United States of America,1,16,7,2,3,4,0,8,Biopsychology or Behavioral Neuroscience,,Primarily quantitative,1,1,,1,,,,,,,,1,,,,,1,,,,,,No,1,1,1,1,1,1,,,1,,,,1,1,,,,1,,,,,,,Im not sure if my institution offers these services,Im not sure if my institution offers these services,"Yes, and I have taken advantage of it.",3,2,2,3,4,3,2,1,1,2,5,3,4,2,3,2,3,2,3,4,5,,,,0,,,,,,,,,,0,,,,,,,,,,,,,0,,,,,,,,,,,,,,,,0,,,,,,,,,,0,,,,,,,,,,0,,,,,,,,0,,,,,,,,,,0,,,,,,,,,,,,,,,,,,,,,,,,0,,,,,,,,,,,,,,,,,,0,,,,,,,,,,,,,,,,,,,,0,,,,,,,,,,0,,,,,,,,,,,,,,,,,,,,,,0,,,,,,,,,,,,,0,,,,,,,,,,0,,,,,,,,,,,,,,,,0,,,,,,,,,,,,0,,,,,,,,,,,,,,,,,,,,,,,,,,,0,,,,,,,,,,,,,,,,,,,,,,,,,,,,,,,,,,,,,,,,,,
209,213,"Assistant Professor (US), Lecturer (UK), or equivalent",,2,12,Government agency or research center,," Korea, Republic of",1,6,2,1,2,1,0,1,Cognitive Neuroscience,,Primarily quantitative,1,,,,,,,1,,,,1,1,1,,,,,,,,,"Yes, though I generally do not revisit my DMPs after I submit a grant or project proposal.",1,,,,,,,,1,,,,1,,,,,1,,,,,,,No,No,"Yes, but I have not taken advantage of it.",3,4,3,2,2,4,2,3,2,2,5,5,2,3,3,3,3,3,3,3,4,4,3,4,1,1,,,1,,,,,Yes,1,,,,,1,1,,,1,,,,1,,1,,,,1,,,1,,,,1,,,1,1,1,1,,1,,1,,,1,,1,,,,,,,,1,,1,,,,,,1,,,,1,,,,,Yes ,1,,,1,1,,,,,,,,,,Yes ,2,3,4,3,4,3,4,4,4,1,,,,,,1,,,,1,,,,,,,,1,1,1,1,,,1,,,,1,,,,,,,"Some tools are used by everyone, but sometimes different people or different projects use additional tools.","Sometimes, when possible","Yes, I use both code I have created myself and adapt code written by others.",1,,1,,,,,,,,1,,1,,,,,,,,,,Yes,Someone could recreate my cleaning/coding but not analysis steps.,2,2,3,2,4,3,4,4,1,1,,1,,,,,,,,,,1,,,,,,,,1,,1,,,1,,1,,,,,,No,No,,No,,1,,,,,,,1,,"Yes, someone could recreate both my data cleaning/coding and analysis steps.",8+ years (but in a formats that it may become obsolete),,1,,,,,,1,,,1,,,,1,,1,1,1,,,,,3,3,3,2,4,1,1,,1,,,1,,,No,Yes,No,Yes,Yes,No,Yes,No,No,No,No,No,No,No,No,Yes,Yes,Yes,I dont know,Yes,I dont know,I dont know,I dont know,Yes,I dont know,I dont know,Yes,No,3,3,3,3,4,
210,214,Graduate Student,,1,6,Predominantly research focused university or college,, United States of America,1,17,10,7,0,0,0,2,Social and Personality Psychology,,Primarily quantitative,1,,,,,,,,,1,,1,,,,,,1,,,,,No,1,1,,,,,1,1,,,,,1,,,,,,1,1,,,,,No,No,No,4,1,2,3,5,2,3,1,1,2,5,4,1,4,2,1,3,1,2,5,4,4,4,4,1,,,,1,,,,,No,1,,,,,,,,1,,,,,1,,1,,1,1,,,,,,,,,,,1,1,1,,1,,1,1,,,1,,,,,,,,1,,1,1,,,,,,,1,,,,1,,,,,No,1,,,,1,,,,,1,,,,,Im not sure.,2,4,2,2,3,2,5,4,4,1,,,,,,1,1,,1,1,,,1,,,,,1,,,,,,,,,,,,,1,,,,"Some tools are used by everyone, but sometimes different people or different projects use additional tools.",No,"Yes, I primarily create my own code.",1,,1,1,,,,,,,1,,,,,1,,,,,,,No ,Yes. Someone could recreate both my data cleaning/coding and analysis steps.,3,3,3,3,2,3,2,4,1,,1,,,1,,,,,,,,1,,,,,,,,1,,1,1,1,,,,1,,,,,"Yes, I have been required to complete a data availability statement.",No,,Yes,2,0,,,,,,,,,"Yes, someone could recreate both my data cleaning/coding and analysis steps.",8+ years (but in a formats that it may become obsolete),,1,,,,1,1,,,,,,,,,,,,,,,,,3,4,2,4,3,1,1,1,,,,1,,,No,No,No,No,No,Yes,Yes,No,No,Yes,Yes,Yes,No,No,No,I dont know,I dont know,No,Yes,Yes,No,No,Yes,Yes,Yes,I dont know,I dont know,I dont know,4,3,3,2,5,
211,215,"Professor (US), Reader (UK), or equivalent",,2,40,Equally research/teaching focused university or college,, United Kingdom of Great Britain and Northern Ireland,1,6,0,6,0,0,0,2,Developmental Psychology,,A mix of quantitative and qualitative,1,,,1,,,,,,,,1,1,1,,,,,,,,,"Yes, though I generally do not revisit my DMPs after I submit a grant or project proposal.",1,,,,,1,,,,,,,1,,,1,,1,,,,,,,"Yes, and I have taken advantage of it.","Yes, and I have taken advantage of it.","Yes, and I have taken advantage of it.",2,2,1,1,1,1,1,1,2,1,5,4,5,4,4,4,5,5,5,5,4,4,2,4,1,1,1,1,,,,,,Yes,1,,,,,,,,,,,1,,1,1,1,,,1,,1,,,,,,,,,1,1,,,1,,,1,,,1,1,,,,,,,1,,1,,,,1,,1,Institutional server,1,,,,1,,,,,Yes ,1,1,1,,,,,,1,,,,,,Im not sure.,1,2,2,2,2,2,3,4,3,1,,,,,,,,,,,,,,,1,1,,1,1,,,,,,,,,,,,,,,,"No, there is no standardization in terms of what software tools my lab or research group members use.","Sometimes, when possible",No,1,1,,,,,,,,,1,,,,,,,,,1,,,Not applicable,"No. Another researcher could not do this, even if I were present.",5,5,5,5,5,1,3,2,1,1,1,,,,,1,,,,,,1,1,,,,1,,,,,1,1,1,,,1,1,1,,,,"Yes, I have been required to share data.	 ",No,,No,,1,,,,,,,1,,Someone could recreate my data analysis but not cleaning/coding steps.,8+ years (but in a formats that it may become obsolete),,1,1,,,,,,,,,,,,,,,,,,,,,2,2,1,1,1,1,1,1,,1,,,,,No,Yes,Yes,Yes,I dont know,No,No,No,No,No,No,I dont know,I dont know,I dont know,I dont know,I dont know,,I dont know,No,No,No,No,No,No,I dont know,I dont know,I dont know,I dont know,1,4,2,2,2,
212,216,"Associate Professor  (US), Senior Lecturer (UK), or equivalent",,2,20,Predominantly teaching focused university or college,, United States of America,1,2,2,0,0,0,0,0,Cognitive Psychology,,Primarily quantitative,1,,,,,,,1,,,,1,1,1,,,,,,,,,"Yes, though I generally do not revisit my DMPs after I submit a grant or project proposal.",1,1,1,1,,1,,,1,,,,1,,,1,,1,,,1,,,,No,No,Im not sure if my institution offers these services,5,1,3,3,2,2,2,2,1,2,5,4,5,1,4,3,3,1,2,5,5,4,3,4,1,1,,,1,,,,,No,1,1,,,,,,,1,1,,,,1,,1,,1,,1,,,,,,,,,,1,1,1,1,1,1,,1,,,1,,,1,,1,1,,,,1,,1,,,,,,1,,,,1,,,,,Yes ,1,,,1,,,,,1,1,,,,,Im not sure.,1,5,3,1,3,3,4,3,5,1,,,,,,,,,,1,,,1,,,,,1,1,,1,,,,,,,,,,1,,,,"Some tools are used by everyone, but sometimes different people or different projects use additional tools.",No,"Yes, I primarily create my own code.",1,,,,,,,,1,,1,,1,,,,,,1,,,,No ,No. I would have to be present.,1,1,4,4,5,4,3,4,1,,,,,,,1,,,,,,1,1,,1,,,,,,,1,1,1,,,,1,1,,,,"Yes, I have been required to complete a data availability statement.",Yes,3,Yes,4,1,1,,1,1,,,,,"Yes, someone could recreate both my data cleaning/coding and analysis steps.",8+ years (but in a formats that it may become obsolete),,1,,1,,1,,1,,,,,,,,,,,,,,,,4,3,2,2,4,1,1,,1,,,1,,,Yes,I dont know,No,No,I dont know,Yes,Yes,No,No,I dont know,No,No,No,No,No,I dont know,Yes,I dont know,Yes,Yes,I dont know,No,I dont know,I dont know,Yes,I dont know,No,I dont know,4,4,3,4,5,
213,217,"Professor (US), Reader (UK), or equivalent",,2,20,Predominantly research focused university or college,, United Kingdom of Great Britain and Northern Ireland,1,12,1,10,0,1,0,3,Clinical Psychology,,Primarily quantitative,1,,,,,,,,1,,UK funder,1,1,,,,,,,,,,No,1,,1,1,1,1,1,,1,,,,1,,,,,1,,,,,,,No,No,No,3,1,5,5,5,3,3,1,4,5,3,1,1,4,1,1,1,1,1,2,2,2,2,4,1,,1,,,1,,,,Yes,1,,,,,,,1,,,1,,UK website,1,,1,1,1,1,,1,,,,,,,,,1,,,,,,1,1,,,1,,,,,,,,1,,1,,1,,1,,,,1,,,,1,,,,,No,1,,1,,,,,,1,1,,,,,Im not sure.,1,2,3,2,3,3,2,3,4,1,1,,,,,,,,,1,,,,,,,,1,1,,1,,,,,,,1,,,1,,,,"No, there is no standardization in terms of what software tools my lab or research group members use.",No,"Yes, I primarily adapt code written by others.",1,,,,,,,,1,,1,,1,,,,,,,,,,No ,Yes. Someone could recreate both my data cleaning/coding and analysis steps.,2,3,2,3,3,3,3,4,1,1,1,1,,,,,,,,,,1,,1,,,1,,,,,1,1,1,1,,,1,1,,,,No,Yes,4,Yes,3,1,,1,,,,,,,"Yes, someone could recreate both my data cleaning/coding and analysis steps.",8+ years (but in a formats that it may become obsolete),,1,,,,1,,,,,,,,,,,,,,,,,,4,3,5,3,3,1,1,1,1,,1,,,,No,No,Yes,Yes,Yes,No,Yes,I dont know,Yes,I dont know,Yes,Yes,I dont know,No,No,I dont know,Yes,Yes,No,Yes,Yes,Yes,Yes,Yes,Yes,I dont know,No,No,1,1,1,3,3,
214,218,"Professor (US), Reader (UK), or equivalent",,2,30,Predominantly research focused university or college,, United States of America,1,16,10,6,0,0,0,6,Developmental Psychology,,Primarily quantitative,1,1,1,,,,,,,,,1,1,1,,,,,,,,,"Yes, though I generally do not revisit my DMPs after I submit a grant or project proposal.",1,1,1,1,,1,,,,,,,1,,1,1,,,,,,,,,No,No,"Yes, but I have not taken advantage of it.",4,4,3,3,4,5,3,3,3,2,5,5,5,3,3,3,4,1,1,2,3,,,,0,,,,,,,,,,0,,,,,,,,,,,,,0,,,,,,,,,,,,,,,,0,,,,,,,,,,0,,,,,,,,,,0,,,,,,,,0,,,,,,,,,,0,,,,,,,,,,,,,,,,,,,,,,,,0,,,,,,,,,,,,,,,,,,0,,,,,,,,,,,,,,,,,,,,0,,,,,,,,,,0,,,,,,,,,,,,,,,,,,,,,,0,,,,,,,,,,,,,0,,,,,,,,,,0,,,,,,,,,,,,,,,,0,,,,,,,,,,,,0,,,,,,,,,,,,,,,,,,,,,,,,,,,0,,,,,,,,,,,,,,,,,,,,,,,,,,,,,,,,,,,,,,,,,,
215,219,"Assistant Professor (US), Lecturer (UK), or equivalent",,2,20,Equally research/teaching focused university or college,, Portugal,1,9,0,3,2,4,0,2,Social and Personality Psychology,,Primarily quantitative,1,,1,,,,,1,1,,European Union,1,1,,,,,,,,,,"Yes, though I generally do not revisit my DMPs after I submit a grant or project proposal.",1,1,1,1,,1,1,,,,,,1,,,1,,,,,,,,,No,No,No,3,3,4,4,4,4,4,,1,4,5,2,5,5,3,4,3,1,4,4,5,3,3,4,1,1,,,1,,,,,No,1,1,,,,,,,1,,,,,1,,1,,1,,1,,,,,,,,,,1,1,1,1,1,,,1,,,1,,,,,,,,1,,1,1,,,1,,,,1,,,,,1,,,,Yes ,1,,1,,,1,,,,,,,,,Yes ,1,5,5,5,5,5,3,3,4,1,1,,,,,,,,,1,,,1,,,,,1,,,,,,,,,,1,,,,,,,"Some tools are used by everyone, but sometimes different people or different projects use additional tools.","Sometimes, when possible",No,1,,,,,,,,1,,1,,1,,,,,,,,,,Yes,Yes. Someone could recreate both my data cleaning/coding and analysis steps.,1,3,2,2,2,3,3,3,1,,,,,,,,,,,1,,1,1,,1,,,,,,,1,1,,,,,1,1,,,,"Yes, I have been required to complete a data availability statement.",Yes,3,Yes,5,1,,,,,,1,,Requested norms to select stimulus materials,"Yes, someone could recreate both my data cleaning/coding and analysis steps.",8+ years (but in a formats that it may become obsolete),,1,,1,,1,,1,,,,,,,,1,1,1,1,,,,,4,4,2,2,2,1,1,1,1,,1,1,,,No,No,No,No,Yes,Yes,No,No,No,No,No,No,No,No,No,I dont know,Yes,Yes,Yes,Yes,Yes,Yes,Yes,Yes,Yes,Yes,I dont know,I dont know,1,1,1,1,3,
216,220,"Professor (US), Reader (UK), or equivalent",,2,17,Equally research/teaching focused university or college,, Brazil,1,12,10,2,0,0,0,3,Developmental Psychology,,Primarily quantitative,1,,,1,,,,,,,,1,,1,,,,,,,,,No,1,1,,1,,1,,,1,,,,1,1,,1,,1,,,1,,,,No,No,No,3,1,4,4,5,5,3,1,1,2,5,5,4,5,5,4,5,5,3,3,5,4,5,4,1,,1,,,,1,,,Yes,1,,,,,,,,,,,1,,1,,1,1,1,1,1,,1,,,,,,,,1,1,,1,1,,1,1,,,1,,,1,,,,,,,1,1,1,1,,,,,1,1,,,,,,,,Yes ,1,1,1,1,1,,,,,1,,,,,Yes ,I do not keep any backup copies of my digital files/data.,1,1,4,2,1,,,,1,1,1,,,,,1,,,1,,,1,,,,,1,,,,,,,1,,,1,,,,,,,"Some tools are used by everyone, but sometimes different people or different projects use additional tools.","Sometimes, when possible","Yes, I primarily adapt code written by others.",1,,,1,,,,,,,1,1,1,,,,,,,,,,No ,Im not sure.,4,4,4,3,2,4,4,4,1,1,1,,,1,,,,,,,,1,,,,,,,,1,,1,,,,,,,,1,1,"I share to the reviewer of the paper, upon request","Yes, I have been required to complete a data availability statement.",No,,Yes,4,1,,,,,,,1,,"Yes, someone could recreate both my data cleaning/coding and analysis steps.",8+ years (and maintained so it is always accessible),,1,,,1,1,,1,,1,,,,,,,,,1,,1,,,2,4,5,2,2,1,1,1,1,,1,1,,,No,I dont know,No,Yes,No,Yes,Yes,No,I dont know,Yes,Yes,No,No,I dont know,No,No,Yes,No,Yes,Yes,No,I dont know,Yes,Yes,Yes,No,I dont know,I dont know,1,2,4,3,4,
217,221,Post-Doctoral Fellow,,2,12,Predominantly research focused university or college,, Canada,1,10,4,4,1,0,1,2,Cognitive Neuroscience,,Primarily quantitative,1,,,1,,,,,,,,1,,,,,1,,,,,,No,1,1,,,,1,,1,,,,,1,,,,,1,,,,,,,Im not sure if my institution offers these services,"Yes, but I have not taken advantage of it.",Im not sure if my institution offers these services,,,,,,,,,,,5,5,3,3,4,2,2,2,4,4,4,4,3,3,1,1,,1,,,1,,,No,1,1,,,1,,,,,1,,,,1,,1,1,,1,1,,1,1,,1,,,,,1,1,1,,,,1,,,,1,,,,,,,,1,,1,1,1,,1,,,,1,1,1,,,,,,,No,1,,1,,,,1,,1,1,,,,,No,3,1,2,2,2,3,3,3,3,1,,,,,,,,,,1,,,1,,,,,1,1,,,,,,,,,1,,,1,,,,"Some tools are used by everyone, but sometimes different people or different projects use additional tools.",No,"Yes, I primarily adapt code written by others.",1,,,,,,,1,,emailed to collaborators,1,,1,,,,,,1,,,,No ,Someone could recreate my cleaning/coding but not analysis steps.,2,2,2,3,3,2,3,4,1,1,,1,1,,1,1,1,,,,,1,,,,,,,,1,,1,,,,,,,,,1,,No,No,,No,,1,,,,,,,1,,Someone could recreate my data analysis but not cleaning/coding steps.,8+ years (but in a formats that it may become obsolete),,1,,,1,,,,,1,1,,,,,,,,,,,,,3,4,3,3,3,1,1,,1,,1,1,,,No,Yes,Yes,No,No,No,No,No,No,No,No,No,No,No,No,I dont know,Yes,Yes,I dont know,I dont know,I dont know,No,No,No,Yes,I dont know,I dont know,Yes,3,4,4,4,2,
218,222,Other (Please specify),Senior Researcher,2,44,Non-profit organization,, United States of America,1,180,0,0,0,160,20,1,Social and Personality Psychology,,Primarily quantitative,1,,1,1,1,,,,,,,1,1,1,,,,,,,,,No,1,1,,,,1,,,,,,,1,,,,,1,,,,,,,"Yes, and I have taken advantage of it.","Yes, and I have taken advantage of it.","Yes, and I have taken advantage of it.",1,1,1,1,1,1,1,1,1,1,5,5,5,5,4,4,5,5,4,5,5,5,4,5,1,,1,1,,,1,,,Yes,1,,,,,,,,,,1,,"Survey Monkey, professional survey organizations",1,,1,,1,,,,,,,,,,,,1,,,,1,1,1,1,,,1,,,,,,,,1,,1,,,,,,1,Research assistants analyze my data,1,1,1,,,,,,,Yes ,1,,,,,,,,1,,,,,,Yes ,I do not keep any backup copies of my digital files/data.,1,1,1,1,1,4,4,5,1,,,,,,,1,,,,1,,,,,,,1,,,,,,,,,,,,,,1,,"Others analyze data on my behalf, using Stata and MPlus usually","Some tools are used by everyone, but sometimes different people or different projects use additional tools.","Sometimes, when possible","Yes, I use both code I have created myself and adapt code written by others.",1,,,,,,,,1,,1,,,1,,,,,,,,,Yes,Yes. Someone could recreate both my data cleaning/coding and analysis steps.,1,1,1,2,2,5,3,4,1,,,,,,,1,,,,,,1,,1,,,,,,,,1,1,,,,,,1,,,,No,Yes,3,Yes,5,1,,,,,,1,,Original analyses,Someone could recreate my data analysis but not cleaning/coding steps.,I dont know.,,1,,1,,1,,,,,,,,,,,,,,,1,,,1,1,1,2,1,1,1,,,,,,,,Yes,I dont know,I dont know,Yes,No,Yes,I dont know,No,Yes,,Yes,,I dont know,No,Yes,,,,,,,,,,Yes,,,,1,2,2,2,2,
219,223,Post-Doctoral Fellow,,1,11,Equally research/teaching focused university or college,, Germany,1,22,8,3,6,3,2,3,Clinical Psychology,,Primarily quantitative,1,,,,,,,,,1,,1,,,,,,,,1,,,"Yes, though I generally do not revisit my DMPs after I submit a grant or project proposal.",1,1,,1,,1,,1,1,,,,1,,,,,1,1,1,1,,,,Im not sure if my institution offers these services,Im not sure if my institution offers these services,Im not sure if my institution offers these services,3,2,2,2,2,2,2,2,2,2,5,4,2,4,2,2,4,2,3,5,5,3,2,5,1,1,,,1,,,,,Yes,1,,,,,,,,1,1,,,,1,1,1,1,1,1,1,,,,,,,,,,1,1,1,1,1,1,1,1,,,1,1,,1,,,,,,,1,1,1,,,,,,1,1,1,1,,,,,,Im not sure.,1,1,1,,1,,,1,,1,,,,,Im not sure.,3,2,3,4,3,4,3,2,5,1,,,,,,,,,,1,,,,,,,,1,,,,,,,,,,1,,,1,,,,"Some tools are used by everyone, but sometimes different people or different projects use additional tools.",No,"Yes, I primarily create my own code.",1,,,1,,,,,,,1,,1,,,,,,,,,,No ,Yes. Someone could recreate both my data cleaning/coding and analysis steps.,3,2,2,3,3,3,2,5,1,,1,,,,,,,,,,,1,1,,1,,,,,,,1,1,1,,,,1,1,,,,"Yes, I have been required to complete a data availability statement.",No,,Yes,5,1,,,,,,,1,,"Yes, someone could recreate both my data cleaning/coding and analysis steps.",8+ years (but in a formats that it may become obsolete),,1,,1,1,1,1,1,1,,,,,,,1,1,1,1,1,1,,,4,4,4,4,4,1,1,,1,,,,,,No,Yes,Yes,Yes,Yes,No,Yes,No,No,Yes,No,Yes,No,No,No,Yes,Yes,Yes,Yes,Yes,I dont know,I dont know,Yes,Yes,Yes,Yes,No,I dont know,3,2,4,4,3,
220,224,Post-Doctoral Fellow,,2,13,Equally research/teaching focused university or college,, Spain,1,9,0,4,5,0,0,2,Cognitive Psychology,,Primarily quantitative,1,,,1,,,,,,,,1,1,1,,,1,,,,,,No,1,1,1,1,1,1,,1,1,,,,1,,,1,1,1,,1,,,,,"Yes, but I have not taken advantage of it.","Yes, but I have not taken advantage of it.","Yes, but I have not taken advantage of it.",3,1,4,4,2,1,4,1,1,2,5,5,3,4,1,2,3,2,2,5,5,3,2,5,1,1,,,,,,,,No,1,,1,,1,1,1,,,,,,,1,1,1,,,,1,,,1,,1,,1,,,1,1,1,1,1,1,1,1,,,1,,,,,,,,1,,1,1,1,,1,,,,1,1,1,,1,,,,,Im not sure.,1,,1,1,1,,1,,,,1,,,,Im not sure.,2,5,5,5,2,2,3,2,4,1,,,,,,,,,,1,,,,,,,,1,1,1,,,,1,,,,,,,1,,,,"No, there is no standardization in terms of what software tools my lab or research group members use.",No,"Yes, I primarily create my own code.",1,,,1,,,,,,,1,,1,,,1,,,1,,,,No ,Yes. Someone could recreate both my data cleaning/coding and analysis steps.,1,1,2,3,2,4,1,5,1,,,,,,,,,,,1,,1,1,,1,,,,,,,1,1,1,,,,1,1,,,,No,Yes,1,Yes,2,1,1,,,,,,,,Someone could recreate my data analysis but not cleaning/coding steps.,8+ years (but in a formats that it may become obsolete),,1,1,1,,,,1,1,,1,,1,,1,1,1,1,1,1,1,,,3,3,5,5,5,1,1,1,1,,1,1,,,Yes,Yes,No,No,Yes,No,No,No,No,No,No,Yes,No,No,Yes,Yes,Yes,Yes,Yes,,Yes,I dont know,I dont know,Yes,Yes,Yes,I dont know,Yes,3,3,3,3,4,
221,225,"Assistant Professor (US), Lecturer (UK), or equivalent",,2,15,Equally research/teaching focused university or college,, United Kingdom of Great Britain and Northern Ireland,1,30,15,8,2,5,0,3,Developmental Psychology,,Primarily quantitative,1,,,1,1,,,1,,,,1,1,1,,,,,,,,,"Yes, and I generally revist my DMPs throughout the course of a project.",1,1,1,1,,1,1,1,,,,,1,,,,,1,1,1,,1,,formal training sponsored by our university's continuing education staff; also from university admin who sit on ethics committee,"Yes, and I have taken advantage of it.","Yes, but I have not taken advantage of it.","Yes, and I have taken advantage of it.",3,3,1,1,1,2,1,1,3,2,5,5,5,4,3,2,3,3,4,5,5,4,4,4,1,1,1,,1,,1,,,Yes,1,,,,,1,1,,1,,,,,1,1,1,,1,1,1,1,,,,1,1,1,,,1,1,1,1,1,1,1,1,,,1,1,,1,,1,1,,,,1,1,1,,1,,,,1,1,1,1,,,,,,No,1,1,1,1,1,1,,,1,1,,,,,Yes ,2,2,2,2,2,2,5,4,5,1,1,,,,,1,,1,1,1,1,,1,,,,,1,1,,,,,1,,1,,1,,,1,,,,"Some tools are used by everyone, but sometimes different people or different projects use additional tools.","Sometimes, when possible","Yes, I use both code I have created myself and adapt code written by others.",1,,,,,,,,1,,1,1,1,,,1,,,1,,,,Yes,Yes. Someone could recreate both my data cleaning/coding and analysis steps.,2,2,2,2,2,3,3,4,1,1,1,,,,1,,,,1,1,,1,1,,,,,,,,,1,1,1,1,,1,1,1,,,,"Yes, I have been required to both share data and complete a data availability statement.",Yes,2,Yes,4,1,1,1,1,1,,1,,Teaching,"Yes, someone could recreate both my data cleaning/coding and analysis steps.",8+ years (and maintained so it is always accessible),,1,1,1,,1,1,1,1,,,1,1,,1,1,1,1,1,1,1,,,3,4,2,3,3,1,1,1,1,1,1,1,,,No,Yes,,Yes,Yes,,Yes,Yes,Yes,Yes,Yes,,,,,Yes,Yes,Yes,Yes,Yes,Yes,Yes,Yes,Yes,Yes,Yes,Yes,I dont know,4,4,4,4,4,
222,226,Post-Doctoral Fellow,,1,9,Predominantly research focused university or college,, United States of America,1,6,3,2,1,0,0,4,Social and Personality Psychology,,Primarily quantitative,1,,1,1,,,,,,,,1,,,,,1,,,,,,No,1,1,1,1,,1,,,,,,,1,1,,1,,1,,,,,,,Im not sure if my institution offers these services,Im not sure if my institution offers these services,Im not sure if my institution offers these services,1,1,2,1,1,1,1,3,3,1,4,5,4,1,4,2,5,1,4,5,5,3,3,5,1,,1,1,1,1,,,,No,1,,,,,,,,1,,,,,1,,1,,1,1,,,,,,1,,,,,1,,,,1,,1,1,,,1,,,1,,,,,,,1,,1,,,,,,1,,,,,1,,,,Yes ,1,,,,,,,,,1,,,,,Yes ,1,4,3,3,4,2,3,3,5,1,1,,,,,,,,,1,,,1,,,,,1,1,,,,,,,,,,,,1,,,,"Yes, everyone uses the same software tool(s).","Yes, always","Yes, I primarily create my own code.",1,,,1,,,,,,,1,,,1,,,,,,1,,,Yes,Yes. Someone could recreate both my data cleaning/coding and analysis steps.,1,3,2,4,5,,,,0,,,,,,,,,,,,,0,,,,,,,,,,0,,,,,,,,,,,,,,,,0,,,,,,,,,,,,0,,,,,,,,,,,,,,,,,,,,,,,,,,,0,,,,,,,,,,,,,,,,,,,,,,,,,,,,,,,,,,,,,,,,,,
223,227,"Associate Professor  (US), Senior Lecturer (UK), or equivalent",,2,20,Predominantly teaching focused university or college,, Canada,1,3,3,0,0,0,0,3,Developmental Psychology,,Primarily quantitative,1,,,1,,,,,,,,1,1,1,,,,,,,,,"Yes, though I generally do not revisit my DMPs after I submit a grant or project proposal.",1,1,1,1,1,1,,,1,,,,1,,,,1,,,,1,,,,No,No,No,4,4,4,5,4,5,4,4,5,4,5,4,4,4,4,4,4,4,2,4,3,2,2,3,1,1,,,,,,,,Yes,1,,,,,,1,,1,,,,,1,1,1,,1,1,1,,,,,,,,,,1,1,,1,,,,1,,,1,,,,,,,,1,,1,1,,,1,,,,1,1,1,1,1,,,,,No,1,1,1,,1,,,,1,,,,,,No,3,4,5,5,5,5,2,2,3,1,1,,,,,,,,,1,,,,,,,,1,1,1,,,,1,,,,1,,,,,,,"Some tools are used by everyone, but sometimes different people or different projects use additional tools.","Sometimes, when possible","Yes, I use both code I have created myself and adapt code written by others.",1,,,,,,,,1,,1,1,,,,,,,,,,,Yes,Someone could recreate my cleaning/coding but not analysis steps.,3,3,3,4,4,2,3,3,1,,1,1,,,,,,,,,,1,,,,,,,,1,,1,1,1,,,1,1,,,,,No,No,,No,,1,,,,,,,1,,Someone could recreate my data analysis but not cleaning/coding steps.,8+ years (but in a formats that it may become obsolete),,1,1,,,1,,1,,,,,,,,,,,,,,,,3,3,5,4,5,1,1,,1,,1,1,,,No,I dont know,No,No,No,No,No,No,No,No,No,No,No,No,No,I dont know,I dont know,No,No,No,I dont know,I dont know,I dont know,I dont know,I dont know,I dont know,I dont know,I dont know,4,5,5,5,5,
224,228,"Associate Professor  (US), Senior Lecturer (UK), or equivalent",,2,18,Predominantly research focused university or college,, Canada,1,10,4,4,1,1,0,4,Cognitive Neuroscience,,Primarily quantitative,1,1,,1,,,,1,,,,1,1,1,,,,,,,,,"Yes, though I generally do not revisit my DMPs after I submit a grant or project proposal.",1,1,1,1,1,1,1,,1,,,,1,,1,1,,1,1,,1,,,,"Yes, and I have taken advantage of it.","Yes, and I have taken advantage of it.","Yes, and I have taken advantage of it.",4,4,2,2,3,2,2,2,4,2,5,5,3,3,5,5,4,4,3,4,4,4,3,4,1,1,,,1,,1,,,Yes,1,1,,,,,1,,1,1,1,,Paper/Pencil tests (e.g. Trail Making Task)),1,1,1,1,1,,1,,1,1,1,1,1,,1,Cerebrospinal fluid,1,1,1,,1,1,1,1,,,1,,1,,,1,1,,,,1,1,,1,1,,,,1,1,1,,,,,,,Yes ,1,1,1,1,1,,1,,1,,,,,,Yes ,2,3,4,4,4,3,3,3,4,1,1,,,,,1,,,1,1,,,,,,,,1,,,,,,1,,,,1,,,,,,,"No, there is no standardization in terms of what software tools my lab or research group members use.","Sometimes, when possible","Yes, I use both code I have created myself and adapt code written by others.",1,,1,,,,,,,,1,1,1,,,,1,,,,,,No ,Yes. Someone could recreate both my data cleaning/coding and analysis steps.,5,5,5,4,3,2,2,4,1,1,1,,,,,1,,,,1,,1,1,,,,1,,,,,1,1,,,,,1,1,1,,To foster discovery by other groups that were not indended at the time of data collection,"Yes, I have been required to both share data and complete a data availability statement.",Yes,4,Yes,3,1,,,,,,1,,For discovery and testing novel hypotheses,"Yes, someone could recreate both my data cleaning/coding and analysis steps.",4-8 years after the conclusion of a project,,1,,1,1,1,,1,,1,1,,1,1,,1,1,,1,,,,,4,3,4,4,5,1,1,1,,,,,,,Yes,No,No,Yes,Yes,Yes,Yes,Yes,Yes,No,No,Yes,No,Yes,Yes,Yes,Yes,Yes,Yes,Yes,Yes,Yes,Yes,I dont know,Yes,I dont know,Yes,Yes,2,3,3,4,4,
225,229,Post-Doctoral Fellow,,1,7,Predominantly research focused university or college,, Germany,1,31,15,10,4,2,0,4,Cognitive Psychology,,Primarily quantitative,1,,,1,,,,,,,,1,1,1,,,1,,,,,,I dont know.,1,1,1,1,,1,,,1,,,,1,,1,1,,1,,,,,,,No,"Yes, but I have not taken advantage of it.","Yes, but I have not taken advantage of it.",5,5,2,2,2,4,2,3,4,1,5,5,5,5,4,3,4,3,3,5,5,4,3,4,1,1,,,1,,1,,,No,1,1,,,,,,,,,,,,1,,1,,1,,1,,,1,,1,,1,,,1,1,1,1,1,1,1,1,,,1,,,1,,,,,,,1,,1,,1,,,,1,1,1,,,,,,,Im not sure.,1,,1,,1,,,,1,1,,,,,Im not sure.,2,4,4,1,1,2,4,2,4,1,,,,,,1,,,,1,,,1,,,,,1,,,,,,,,,,1,,,1,,,,"Some tools are used by everyone, but sometimes different people or different projects use additional tools.","Sometimes, when possible","Yes, I use both code I have created myself and adapt code written by others.",1,,,1,,1,,,,,1,,1,1,,1,,,,,,,No ,Yes. Someone could recreate both my data cleaning/coding and analysis steps.,2,2,1,2,3,4,2,4,1,,,,,,,,,,,1,,1,,,1,,,,,,,1,1,1,1,,1,1,1,,,,"Yes, I have been required to both share data and complete a data availability statement.",No,,No,,1,,,,,,,1,,"Yes, someone could recreate both my data cleaning/coding and analysis steps.",8+ years (but in a formats that it may become obsolete),,1,,1,,1,,1,,,1,,1,,1,1,1,1,1,1,1,,,4,4,1,2,4,1,1,1,1,1,1,1,,,Yes,No,No,Yes,Yes,Yes,No,No,Yes,Yes,Yes,Yes,No,No,No,Yes,Yes,Yes,Yes,Yes,No,Yes,Yes,Yes,Yes,Yes,I dont know,I dont know,4,2,4,4,4,
226,230,Post-Doctoral Fellow,,2,15,Government agency or research center,, Netherlands,1,23,4,10,6,2,1,1,Cognitive Psychology,,Primarily quantitative,1,,,,,,,1,,,,1,,,,,1,,,,,,"Yes, though I generally do not revisit my DMPs after I submit a grant or project proposal.",1,1,,1,,1,,,1,,,,1,,,1,,1,,,,,,,Im not sure if my institution offers these services,"Yes, and I have taken advantage of it.","Yes, and I have taken advantage of it.",1,2,2,2,3,2,3,1,3,1,5,4,3,3,3,1,4,2,2,3,4,4,3,3,1,1,,,1,,,,,No,1,,1,,1,,,,,,,,,1,1,1,,1,,1,,,,,,,1,,,1,1,,1,,,1,,,,1,,,1,,,,,,,1,,1,,,,,,1,1,1,,,,,,,No,1,,,1,1,,,1,,1,,,,,Im not sure.,1,4,2,2,2,4,4,3,5,1,,,,,1,1,,,,1,,,1,,,,,1,,,,,,,,,,,,,1,,,,"Some tools are used by everyone, but sometimes different people or different projects use additional tools.","Yes, always","Yes, I primarily create my own code.",1,,,1,,,,,,,1,,1,,,1,,,1,,,,No ,Yes. Someone could recreate both my data cleaning/coding and analysis steps.,1,1,1,2,2,3,2,4,1,,,,,,1,,,,,,,1,,,1,,,1,,,,1,,1,,,,1,1,,,,"Yes, I have been required to complete a data availability statement.",Yes,2,No,,1,,1,,,,,,,Someone could recreate my data analysis but not cleaning/coding steps.,4-8 years after the conclusion of a project,,1,,,,1,,,,,,,,,,,,1,,1,,,,2,1,2,4,3,1,1,,1,,,,,,Yes,I dont know,No,Yes,Yes,No,Yes,No,No,No,No,Yes,No,Yes,Yes,I dont know,Yes,Yes,I dont know,Yes,I dont know,I dont know,No,No,Yes,Yes,Yes,Yes,2,3,2,3,4,
227,231,"Professor (US), Reader (UK), or equivalent",,2,25,Predominantly research focused university or college,, United Kingdom of Great Britain and Northern Ireland,1,10,0,10,0,0,0,5,Cognitive Psychology,,Primarily quantitative,1,,,1,1,,,,,,,1,1,1,,1,,,,,,,I dont know.,1,1,1,1,,1,1,1,1,,,,1,1,1,,,1,1,1,1,,,,Im not sure if my institution offers these services,Im not sure if my institution offers these services,"Yes, and I have taken advantage of it.",4,4,3,2,2,3,2,2,4,3,5,5,5,5,2,3,2,2,2,5,5,2,2,5,1,1,1,,1,,1,,,Yes,1,1,,,,,,,1,1,,,,1,1,1,,1,1,1,1,1,,,,,,,,1,1,1,1,1,1,1,1,,,1,,,,,,,,1,,1,1,1,,,,,,1,,1,1,1,,,,,No,1,1,1,1,1,1,1,1,1,1,1,,,,No,More than 3,4,1,3,5,5,5,4,5,1,1,1,,1,,,,,,1,,,1,1,,,JMP,1,,1,,1,,,,,,1,,,1,1,,JMP,"No, there is no standardization in terms of what software tools my lab or research group members use.","Sometimes, when possible","Yes, I use both code I have created myself and adapt code written by others.",1,,,1,,,1,,,,1,1,1,,,,,,1,,,,No ,No. I would have to be present.,1,3,1,1,5,5,4,5,1,1,1,,,,,,,,,,,1,1,1,,,,1,,,,1,1,1,,,1,1,1,,,,No,No,,Yes,5,1,,,,,,,1,,"Yes, someone could recreate both my data cleaning/coding and analysis steps.",8+ years (and maintained so it is always accessible),,1,1,1,,1,1,1,,,,,,,,,1,1,1,1,,,,5,5,3,5,5,1,1,1,1,1,1,1,,,No,I dont know,No,Yes,Yes,No,No,No,Yes,Yes,Yes,No,No,No,No,Yes,Yes,Yes,I dont know,I dont know,I dont know,Yes,Yes,Yes,Yes,Yes,I dont know,I dont know,3,4,5,4,3,
228,232,Graduate Student,,1,8,Predominantly research focused university or college,, United States of America,1,18,10,5,1,2,0,0,Clinical Psychology,,Primarily quantitative,1,1,1,,,,,,,,,1,,,,,,1,,,,,I dont know.,1,1,,1,,1,1,,1,,,,1,,,,,,1,,,,,,Im not sure if my institution offers these services,Im not sure if my institution offers these services,"Yes, but I have not taken advantage of it.",3,1,2,3,4,4,5,4,5,1,5,4,4,5,3,3,3,4,5,3,5,4,3,4,1,1,1,1,,,,,,Yes,1,,,,,,,,,,,1,,1,1,1,1,1,1,1,,,,,1,1,,,,1,,1,1,1,,1,1,,,1,,,,,,,,1,,1,,,,1,,,,1,1,1,1,,,,,,Yes ,1,,1,,1,,1,1,1,,,,,,Yes ,1,5,5,2,1,1,4,3,3,1,1,,,,,,1,,1,1,,,1,,,,,1,,,,,,,,,1,1,,,,,,,"Some tools are used by everyone, but sometimes different people or different projects use additional tools.","Yes, always","Yes, I use both code I have created myself and adapt code written by others.",1,,,,,,1,,,,1,,1,,,,,,,,,,No ,Yes. Someone could recreate both my data cleaning/coding and analysis steps.,3,3,2,2,4,1,2,3,1,,1,1,,,1,,,,,,,1,,,,,,,,1,,1,,,,,,,,,1,,No,No,,No,,1,,,,,,,1,,Someone could recreate my data analysis but not cleaning/coding steps.,8+ years (and maintained so it is always accessible),,1,1,1,1,1,1,,,,,,1,1,,,,1,,1,,,,3,4,5,5,5,1,1,,,,,,,,No,No,No,No,No,No,No,No,No,No,No,No,No,No,No,I dont know,I dont know,I dont know,I dont know,I dont know,I dont know,I dont know,I dont know,I dont know,I dont know,I dont know,I dont know,I dont know,3,3,5,2,5,
229,233,Post-Doctoral Fellow,,2,15,Equally research/teaching focused university or college,, Germany,1,18,3,10,1,4,0,1,Other (Please describe),Psychophysics,Primarily quantitative,1,,1,,,,,,,,,1,,1,,,,,,,,,No,1,1,1,1,1,1,,1,1,,,,1,,,,1,1,,1,1,,,,Im not sure if my institution offers these services,No,No,4,2,2,2,2,2,2,2,1,2,4,3,1,3,3,2,4,1,3,5,5,4,2,5,1,1,,,,,,,,No,1,,,,,1,1,,,,,,,1,,1,,,,1,,,,,,,1,,,1,1,1,1,,1,1,1,,,1,,1,,1,1,,,,,1,1,1,1,1,,,,1,1,1,,,,,,,No,1,,1,,1,1,1,,,1,,,,,Yes ,3,3,2,2,2,3,4,2,4,1,,,,,,,,,,1,,,,,,,,1,,1,,,1,,,1,,,,,1,,,,"Some tools are used by everyone, but sometimes different people or different projects use additional tools.","Sometimes, when possible","Yes, I primarily create my own code.",1,,1,,1,1,,,,,1,1,,,,1,1,,1,,,,Yes,Yes. Someone could recreate both my data cleaning/coding and analysis steps.,1,2,2,3,3,5,1,4,1,,,,,,,,,,,1,,1,1,,,1,,,,,,1,1,1,,,,1,1,,,,"Yes, I have been required to complete a data availability statement.",Yes,2,Yes,4,1,1,,1,,,,,,"No, I would have to be present.",8+ years (and maintained so it is always accessible),,1,,1,,,,1,,,,,,,1,1,,1,1,1,1,,,2,2,4,3,2,1,1,1,1,,1,1,,,Yes,No,Yes,Yes,Yes,No,Yes,Yes,No,Yes,No,Yes,No,No,No,Yes,Yes,Yes,Yes,Yes,Yes,No,Yes,No,Yes,Yes,No,I dont know,1,2,2,2,2,
230,234,"Associate Professor  (US), Senior Lecturer (UK), or equivalent",,2,20,Equally research/teaching focused university or college,, United States of America,1,17,12,3,1,0,1,6,Social and Personality Psychology,,A mix of quantitative and qualitative,1,1,1,,1,,,,,,,1,1,1,,,,,,,,,"Yes, though I generally do not revisit my DMPs after I submit a grant or project proposal.",1,,,,,,1,,,,,,1,,,,,,1,,,,,,Im not sure if my institution offers these services,Im not sure if my institution offers these services,"Yes, and I have taken advantage of it.",4,2,3,3,3,2,2,1,5,3,3,4,5,5,4,1,3,3,4,4,4,3,3,4,1,1,1,,1,,1,,,No,1,,,,,,,,1,,,,,1,1,1,,1,1,1,1,,,1,,,,1,"institutional data (e.g., student grades)",1,,1,1,1,,1,1,,,1,,,,,,,,1,,1,,1,,,,,,1,,,,1,,,,,Im not sure.,1,1,1,,1,,,,,1,,,,,Yes ,2,1,3,3,1,1,3,3,4,1,,,,,,,1,,,1,,,,,,,,1,,,,,,,1,,,1,,,,,,,"Some tools are used by everyone, but sometimes different people or different projects use additional tools.",No,Im not sure.,1,,,,,,,,1,,1,,1,,,,,,,1,,,No ,Yes. Someone could recreate both my data cleaning/coding and analysis steps.,2,3,1,1,2,3,3,4,1,1,1,,,,,,,,,,,1,,,,,,,,1,,1,,,,,,,,,1,,"Yes, I have been required to complete a data availability statement.",No,,Yes,3,1,,,,,,,1,,Someone could recreate my data analysis but not cleaning/coding steps.,4-8 years after the conclusion of a project,,1,1,1,,1,1,1,,,,1,,,,,,1,,1,1,,,2,2,2,2,2,1,1,1,1,,1,1,,,No,No,Yes,No,Yes,No,No,No,Yes,No,No,Yes,No,No,No,Yes,Yes,Yes,I dont know,I dont know,No,Yes,I dont know,I dont know,Yes,I dont know,I dont know,No,1,1,1,1,1,
231,235,Graduate Student,,1,5,Equally research/teaching focused university or college,, United Kingdom of Great Britain and Northern Ireland,1,7,3,3,0,1,0,0,Other (Please describe),Psycholinguistics,Primarily quantitative,1,,,1,,,,1,,,,1,,,,,,1,,,,,No,1,1,,1,,1,,1,1,,,,1,,,1,,,,1,1,,,,Im not sure if my institution offers these services,Im not sure if my institution offers these services,Im not sure if my institution offers these services,4,1,1,3,1,1,1,1,2,3,5,5,2,5,1,2,2,1,3,5,5,3,2,5,1,,,,1,,,,,No,1,,,,,,,,1,,1,,Gorilla Experiment Builder (gorilla.sc),1,,1,,,,1,,,,,,,,,,1,,,1,1,1,,1,,,1,,,,,,,,1,,1,1,1,,,,,,1,1,1,,,,,1,"I process all of my data in R (with some parts of the processing pipeline occurring in Excel). The script contains detailed notes on how to run it, also for the bits that are done in Excel. I use the same basic script for all of my experiments, which I tailor to the particular experiment (for example if a particular task wasn't included or I had two groups of participants whose data needed to be processed separately). These scripts are uploaded to the OSF along with the raw data so that others can scrutinise it (if they want) and/or reproduce my results.",No,1,,,1,1,1,,,,1,,,,,No,2,5,4,4,4,4,5,3,5,1,,,,,,,,,,1,,,,1,,,Minitab,1,,,,,,,,,,,,,1,,,,"Some tools are used by everyone, but sometimes different people or different projects use additional tools.","Yes, always","Yes, I primarily create my own code.",1,,,1,,,,,,,1,1,,,,,,,1,,1,I write notes in the same R script that I write the code for my analyses in. I also keep an Excel workbook to which I copy the analysis output from R.,No ,Yes. Someone could recreate both my data cleaning/coding and analysis steps.,3,2,1,2,3,4,1,5,1,,1,,,,,,,,,,,1,,,1,,,,,,,1,1,1,,,,1,1,,,,"Yes, I have been required to both share data and complete a data availability statement.",No,,No,,1,,,,,,,1,,I am not sure.,Other (Please describe),"My intention is to keep all data indefinitely, but I haven't ever thought about formats becoming obsolete, so I haven't considered maintenance in detail. Perhaps that isn't necessary when my data is usually saved as .csv files, but thanks for bringing that to my attention!  ",1,,1,,,,1,,,,,,,,,1,1,1,,,,,1,1,3,4,5,1,1,,1,,,,,,No,I dont know,Yes,Yes,Yes,No,No,Yes,No,Yes,No,Yes,No,No,No,Yes,Yes,Yes,I dont know,I dont know,I dont know,No,I dont know,I dont know,Yes,Yes,I dont know,I dont know,2,3,3,3,1,
232,236,"Professor (US), Reader (UK), or equivalent",,2,25,Equally research/teaching focused university or college,, Australia,1,10,4,3,0,2,1,0,Cognitive Psychology,,Primarily quantitative,1,,,,,,,1,,,,1,1,,,,,,,,,,I dont know.,1,1,,1,,1,,,,,,,1,1,,,,,,,1,,,,Im not sure if my institution offers these services,Im not sure if my institution offers these services,"Yes, and I have taken advantage of it.",4,3,4,4,4,3,2,2,4,3,5,5,5,5,3,3,4,3,2,5,5,4,4,4,1,1,1,1,,,,,,Yes,1,1,,,1,1,,,,,,,,1,1,1,1,1,1,1,,,,,,,,,,1,1,1,1,1,1,1,1,,,1,,,,,,,,1,,1,1,1,,,,,,1,,,,1,,,,,No,1,,1,,1,,,,1,,,,,,Yes ,2,2,3,3,3,3,4,4,4,1,,,,,,,,,,1,,,,,,,,1,1,1,,,,,,,,1,,,,,,,"Some tools are used by everyone, but sometimes different people or different projects use additional tools.",No,"Yes, I use both code I have created myself and adapt code written by others.",1,,,,,,,,1,,1,,1,,,,,,,,,,No ,Yes. Someone could recreate both my data cleaning/coding and analysis steps.,1,1,2,2,2,1,2,4,1,1,1,1,,,,,,,,,,1,,,,,,,,1,,1,,,,,,,,,1,,Im not sure.,No,,Yes,1,1,,1,,,,,,,"Yes, someone could recreate both my data cleaning/coding and analysis steps.",8+ years (but in a formats that it may become obsolete),,1,1,1,1,1,1,1,,,,,,,,1,1,1,,,,,,4,4,4,4,4,1,1,1,1,,,,,,No,Yes,No,Yes,Yes,I dont know,I dont know,No,Yes,No,Yes,Yes,Yes,No,No,Yes,Yes,Yes,I dont know,I dont know,I dont know,Yes,I dont know,Yes,Yes,Yes,I dont know,I dont know,1,1,4,4,4,
233,237,Graduate Student,,1,5,Predominantly research focused university or college,, United States of America,1,8,5,3,0,0,0,0,Cognitive Psychology,,Primarily quantitative,1,1,1,,,,,,,,,1,,,,,,1,,,,,No,1,,,1,1,,1,,1,,,,1,,,1,1,,1,1,1,,,,Im not sure if my institution offers these services,Im not sure if my institution offers these services,"Yes, and I have taken advantage of it.",2,2,4,3,5,2,5,1,2,2,4,4,3,3,2,3,3,2,1,4,4,3,2,4,1,1,,,1,,,,,No,1,,,,,,1,,,1,,,,1,,,,,,1,,,1,,,,,,,1,1,1,1,1,1,1,1,,,1,1,1,1,,,,,,,1,1,1,,1,,,,1,,,,1,,,,,No,1,1,1,,,1,,,,1,,,,,No,2,4,3,4,3,4,3,2,4,1,,,,,,,,,,,,,1,,,,,1,,,,,,,,1,,,,,1,,,,"Some tools are used by everyone, but sometimes different people or different projects use additional tools.","Sometimes, when possible","Yes, I primarily create my own code.",1,,1,1,,,,,,,1,,,,,1,1,,,1,,,No ,No. I would have to be present.,3,2,1,5,5,2,2,4,1,,1,,1,,1,,,,,,,1,,,,,,,,1,,1,,,,,,,,,1,,No,No,,No,,1,,,,,,,1,,"No, I would have to be present.",I dont know.,,1,,,,,,1,,,1,,,,,1,1,1,1,1,,,,3,3,5,5,5,1,1,1,1,,1,,,,Yes,Yes,Yes,No,I dont know,No,No,No,No,No,No,No,No,No,No,Yes,I dont know,I dont know,Yes,Yes,I dont know,I dont know,Yes,Yes,Yes,Yes,I dont know,I dont know,3,3,4,3,3,
234,238,Research Associate/Scientist,,1,8,Equally research/teaching focused university or college,, Austria,1,9,4,2,1,2,0,1,Clinical Psychology,,A mix of quantitative and qualitative,1,,,,,,,,1,,Private Founation,1,,1,,,,,,,,,No,1,,1,1,,,1,,1,,,,1,,1,,,,,,1,,,,Im not sure if my institution offers these services,No,"Yes, but I have not taken advantage of it.",4,4,3,5,2,3,3,2,3,4,4,3,2,3,1,3,1,2,3,5,4,,,,0,,,,,,,,,,0,,,,,,,,,,,,,0,,,,,,,,,,,,,,,,0,,,,,,,,,,0,,,,,,,,,,0,,,,,,,,0,,,,,,,,,,0,,,,,,,,,,,,,,,,,,,,,,,,0,,,,,,,,,,,,,,,,,,0,,,,,,,,,,,,,,,,,,,,0,,,,,,,,,,0,,,,,,,,,,,,,,,,,,,,,,0,,,,,,,,,,,,,0,,,,,,,,,,0,,,,,,,,,,,,,,,,0,,,,,,,,,,,,0,,,,,,,,,,,,,,,,,,,,,,,,,,,0,,,,,,,,,,,,,,,,,,,,,,,,,,,,,,,,,,,,,,,,,,
235,239,Research Associate/Scientist,,2,12,Predominantly research focused university or college,, Indonesia,1,6,4,0,0,1,1,0,Social and Personality Psychology,,Primarily quantitative,1,,,,,,,1,,,,1,,,1,,,,,,,,No,1,,1,1,1,,,1,1,,,,1,,,,,,,1,1,,,,No,No,No,1,2,2,2,2,5,5,5,2,1,5,4,4,3,5,3,5,3,3,5,5,4,5,5,1,1,1,1,,1,1,,,No,1,,,,,,,,,,1,,Free survey platform (LimeSurvey & Soscisurvey),1,,1,,1,,1,,,,,,,,,,1,1,,,1,,1,1,,,1,,,1,,,,,,,1,1,1,,,,,,1,1,1,1,,,,,,Yes ,1,1,,,1,,,,,1,1,,,,Yes ,2,5,5,5,5,5,3,4,5,1,1,1,1,1,,,,,,1,,,1,,,,,1,,,1,,,,,,,,,,1,,,,"Some tools are used by everyone, but sometimes different people or different projects use additional tools.","Sometimes, when possible","Yes, I primarily create my own code.",1,,,1,,,,,,,1,,,1,,1,,,,,,,No ,Yes. Someone could recreate both my data cleaning/coding and analysis steps.,5,5,5,5,5,4,5,5,1,,,,,,,,,,1,1,,1,1,,1,,,,,,,1,1,1,,,,1,1,,,,"Yes, I have been required to complete a data availability statement.",No,,No,,1,,,,,,,1,,"Yes, someone could recreate both my data cleaning/coding and analysis steps.",8+ years (but in a formats that it may become obsolete),,1,,1,,1,,,,,,,,,,,,,1,1,1,,,4,3,5,5,5,1,1,1,,,,,,,Yes,Yes,Yes,Yes,Yes,No,No,No,Yes,Yes,Yes,Yes,No,Yes,No,Yes,Yes,Yes,Yes,Yes,Yes,Yes,Yes,Yes,Yes,Yes,Yes,Yes,3,5,5,5,5,
236,240,"Assistant Professor (US), Lecturer (UK), or equivalent",,1,11,Equally research/teaching focused university or college,, Canada,1,8,5,3,0,0,0,1,Clinical Psychology,,Primarily quantitative,1,,,1,,1,,1,,,,1,1,,,,,,,,,,No,1,1,1,1,,1,,1,1,,,,1,1,,,,,,,,,,,Im not sure if my institution offers these services,Im not sure if my institution offers these services,"Yes, and I have taken advantage of it.",3,3,1,4,2,1,1,3,4,3,5,4,5,5,5,2,4,2,4,3,4,3,4,4,1,,,,1,,1,,,Yes,1,,,,,,,,1,1,,,,1,,1,1,1,1,1,,,,,,,,,,1,,1,,1,,,1,,,1,,1,,,,,,1,,1,1,1,,,,,,1,,,1,1,,,,,Im not sure.,1,,,1,1,,,,,,,,,,Im not sure.,2,4,3,2,3,4,,,,0,,,,,,,,,,,,,,,,,,0,,,,,,,,,,,,,,,,,,,,0,,,,,,,,,,0,,,,,,,,,,,,,,,,,,,,,,0,,,,,,,,,,,,,0,,,,,,,,,,0,,,,,,,,,,,,,,,,0,,,,,,,,,,,,0,,,,,,,,,,,,,,,,,,,,,,,,,,,0,,,,,,,,,,,,,,,,,,,,,,,,,,,,,,,,,,,,,,,,,,
237,241,"Assistant Professor (US), Lecturer (UK), or equivalent",,2,13,Medical school or health sciences center,, United States of America,0,0,0,0,0,0,0,4,Clinical Psychology,,Primarily quantitative,1,,,,1,,,,,,,1,,1,,,,,,,,,"Yes, though I generally do not revisit my DMPs after I submit a grant or project proposal.",1,1,,1,,1,1,,1,,,,1,,,,,1,1,,,,,,Im not sure if my institution offers these services,Im not sure if my institution offers these services,"Yes, and I have taken advantage of it.",3,2,2,2,3,3,2,1,4,2,5,5,5,5,3,2,3,3,4,4,3,3,2,4,1,1,,1,,,1,,,Yes,1,,,,,,,1,,,1,,Trivox ,1,,1,1,1,1,,,,,,,,,,,1,1,1,,1,1,1,1,,,1,1,,,,,,,,,1,1,1,,,,,,1,,,,1,,,,,Yes ,1,1,,,,,,1,1,,,,,,Yes ,1,3,2,2,2,2,3,2,4,1,1,,,1,,,,,1,1,,,1,,,,,1,1,,,,,,,,,1,,,,,,,"Some tools are used by everyone, but sometimes different people or different projects use additional tools.","Sometimes, when possible","Yes, I use both code I have created myself and adapt code written by others.",1,1,,,,,,,,,1,,,,,,,,,1,,,Not applicable,Yes. Someone could recreate both my data cleaning/coding and analysis steps.,3,3,2,3,3,3,3,4,1,,1,,,,,,,,,,,1,,,,,,,,1,,1,,,,,,,,,1,,"Yes, I have been required to complete a data availability statement.",Yes,3,No,,1,,,,,1,,,,"Yes, someone could recreate both my data cleaning/coding and analysis steps.",I dont know.,,1,,1,1,,,,,,,,,,,,,,,,,,,4,4,5,5,5,1,1,,1,,,,,,No,Yes,No,Yes,Yes,Yes,No,No,I dont know,No,No,No,No,No,No,I dont know,Yes,Yes,Yes,No,No,I dont know,I dont know,I dont know,I dont know,I dont know,I dont know,I dont know,2,3,3,3,3,
238,242,Post-Doctoral Fellow,,1,8,Medical school or health sciences center,, United States of America,1,5,0,0,5,0,0,2,Social and Personality Psychology,,Primarily quantitative,1,1,,,,,,,,,,1,,,,,1,,,,,,No,1,1,1,1,1,1,1,1,1,,,,1,,,,,1,,,1,,,,Im not sure if my institution offers these services,Im not sure if my institution offers these services,Im not sure if my institution offers these services,1,1,1,2,2,,2,2,3,3,4,3,3,4,4,2,3,1,4,5,5,,,,0,,,,,,,,,,0,,,,,,,,,,,,,0,,,,,,,,,,,,,,,,0,,,,,,,,,,0,,,,,,,,,,0,,,,,,,,0,,,,,,,,,,0,,,,,,,,,,,,,,,,,,,,,,,,0,,,,,,,,,,,,,,,,,,0,,,,,,,,,,,,,,,,,,,,0,,,,,,,,,,0,,,,,,,,,,,,,,,,,,,,,,0,,,,,,,,,,,,,0,,,,,,,,,,0,,,,,,,,,,,,,,,,0,,,,,,,,,,,,0,,,,,,,,,,,,,,,,,,,,,,,,,,,0,,,,,,,,,,,,,,,,,,,,,,,,,,,,,,,,,,,,,,,,,,
239,243,"Assistant Professor (US), Lecturer (UK), or equivalent",,2,13,Predominantly research focused university or college,, United Kingdom of Great Britain and Northern Ireland,1,6,1,5,0,0,0,10,Cognitive Psychology,,Primarily quantitative,1,,1,,1,,,1,,,,1,1,1,,1,,,,,1,Former post-doc -- still ongoing,"Yes, though I generally do not revisit my DMPs after I submit a grant or project proposal.",1,1,1,1,,1,,1,1,,,,1,,,,1,,,,1,,,,"Yes, and I have taken advantage of it.","Yes, but I have not taken advantage of it.","Yes, but I have not taken advantage of it.",2,1,2,1,2,1,1,1,2,1,2,5,2,3,2,1,4,2,1,5,5,5,3,5,1,1,,,1,,1,,,No,1,,,,,,,,,,1,,Tatool Web,1,,1,,1,,1,,1,1,1,,,,,,1,1,1,1,1,1,1,1,,,1,,1,1,,,1,1,,Tatool Web,1,1,1,,,,,,1,1,,1,,,,,,Yes ,1,,1,,,1,,,,1,,,,,No,2,1,1,3,3,2,5,3,5,1,1,1,,,,1,,1,,1,,,1,,,,,1,,,,,,,,,,,,,1,,,,"Some tools are used by everyone, but sometimes different people or different projects use additional tools.","Sometimes, when possible","Yes, I primarily create my own code.",1,,1,1,,,,,,,1,,,1,,,,,,,1,Commenting code,Yes,Yes. Someone could recreate both my data cleaning/coding and analysis steps.,1,1,1,2,1,4,3,5,1,1,1,1,,,1,,,,,1,,1,,,1,,,,,,,1,,1,,,,1,1,,,,"Yes, I have been required to complete a data availability statement.",Yes,3,Yes,4,1,,1,,,,,,,"No, I would have to be present.",8+ years (but in a formats that it may become obsolete),,1,,,,1,,1,,1,1,1,,,,,,,1,1,,,,1,1,1,3,2,1,1,1,1,1,1,1,,,Yes,Yes,No,Yes,Yes,No,Yes,No,No,Yes,Yes,Yes,Yes,No,Yes,I dont know,Yes,Yes,I dont know,Yes,I dont know,I dont know,Yes,Yes,Yes,I dont know,No,I dont know,1,1,1,1,1,
240,244,Research Associate/Scientist,,2,20,Government agency or research center,, United States of America,1,20,0,0,0,20,0,0,Industrial/Organizational Psychology,,Primarily quantitative,1,,,1,,,,,,,,1,1,,,,,,,,,,"Yes, and I generally revist my DMPs throughout the course of a project.",1,1,1,1,1,1,1,,1,,,,1,1,1,1,1,1,1,,1,,,,No,No,"Yes, and I have taken advantage of it.",2,1,1,1,1,1,1,1,4,1,5,5,4,5,2,2,4,4,4,5,5,4,3,4,1,,1,1,,,1,,,No,0,,,,,,,,,,,,,1,1,1,,1,1,1,1,,,1,,,,,,1,1,1,1,1,1,1,1,,,1,1,,,,,,,,,1,1,1,1,1,,,,1,1,1,1,,,,,,Yes ,1,,,1,,,,,1,,,,,,Yes ,1,1,3,3,3,1,4,4,4,1,1,,,1,,1,,,1,1,,1,1,,,,,1,1,,,,,,,,1,1,,,1,,,,"Yes, everyone uses the same software tool(s).",No,"Yes, I primarily create my own code.",1,1,,,,1,,,,,1,1,1,,1,,,,,,,,Yes,Yes. Someone could recreate both my data cleaning/coding and analysis steps.,1,3,1,1,1,4,4,4,1,1,1,1,,1,,,,,1,1,,1,,,,,,,,1,,1,1,1,,,,1,1,,,,No,No,,No,,1,,1,1,,,,,,"Yes, someone could recreate both my data cleaning/coding and analysis steps.",8+ years (but in a formats that it may become obsolete),,1,1,1,,1,1,1,1,,,1,,,,,,,1,,,,,1,1,1,1,1,1,1,,1,,,1,,,Yes,Yes,No,Yes,No,Yes,Yes,No,No,Yes,Yes,No,No,Yes,No,No,I dont know,No,Yes,,No,No,Yes,Yes,No,No,Yes,No,1,1,1,1,,
241,245,Graduate Student,,1,5,Equally research/teaching focused university or college,, United States of America,1,11,5,4,0,2,0,2,Social and Personality Psychology,,A mix of quantitative and qualitative,1,,1,,,,,1,,,,1,1,,,,,1,,,,,No,1,1,,,,1,,,,,,,1,,,,,,,,1,,1,,Im not sure if my institution offers these services,Im not sure if my institution offers these services,Im not sure if my institution offers these services,1,1,1,1,1,1,1,1,1,1,5,5,5,5,1,1,3,1,1,5,3,5,2,1,1,,,,1,,,,,No,1,,,,,,,1,,,1,,Surveymonkey ,1,,1,,1,1,,,,,,,,,,,1,,,,1,,1,1,,,1,,,,,,,,1,,1,,1,,,,,,1,,1,,,,,,,No,1,,1,,,,,,,1,,,,,Yes ,1,1,1,1,1,1,5,3,5,1,1,,,,,,,,1,1,1,,1,,,,,1,1,,,,,,,,,1,,,,,,,"Some tools are used by everyone, but sometimes different people or different projects use additional tools.","Yes, always",No,1,,,,,,,,1,,1,,1,,,,,,,,,,No ,Yes. Someone could recreate both my data cleaning/coding and analysis steps.,1,1,1,1,1,2,1,3,1,,,1,,,,,,,,,,1,,,,,,,,1,,1,,,,,1,1,,,,,No,No,,No,,1,,,,,,,1,,"Yes, someone could recreate both my data cleaning/coding and analysis steps.",1-3 years after the conclusion of a project,,1,,,,1,1,,,,,,,,,,,,,,,,,1,1,1,1,1,1,,,1,,,,,,No,No,No,No,No,Yes,No,No,No,I dont know,No,No,No,No,I dont know,No,No,No,No,,No,No,No,No,No,No,No,No,1,1,1,1,1,
242,246,"Assistant Professor (US), Lecturer (UK), or equivalent",,1,5,Predominantly teaching focused university or college,, United States of America,1,5,1,3,0,1,0,3,Educational Psychology,,Primarily quantitative,1,,,,,,,1,,,,1,1,,,,,,,,,,No,1,1,1,1,,1,,1,1,,,,1,1,,,,1,,,1,,,,No,No,No,3,4,4,5,3,5,3,3,3,3,5,4,2,3,3,3,3,2,3,5,5,3,2,4,1,1,1,1,,,1,,,Yes,1,,,,,,,,1,,,1,,1,1,1,1,1,,1,,1,,,,,,,,1,1,,,,,,,,,1,,,,,,,,1,,1,1,,,,,,,1,,1,,,,,,,Yes ,1,,,1,,,,,,1,,,,,Im not sure.,1,4,4,3,4,4,4,3,5,1,1,,,,,,1,,,1,,,,,,,,1,1,,1,,,,1,,,1,,,,1,,GraphPad,"Some tools are used by everyone, but sometimes different people or different projects use additional tools.","Sometimes, when possible",No,1,,,,,,,,1,,1,,,,,,,,,,1,"Excel ""data books""",Yes,Someone could recreate my data analysis but not cleaning/coding steps.,5,3,5,4,5,3,3,3,1,,,,,1,,,,,,,,1,,,,,,,,1,,1,1,1,,,,1,,,,,No,Yes,4,No,,1,,1,,1,,,,,Someone could recreate my data analysis but not cleaning/coding steps.,I dont know.,,1,,1,1,1,,1,,1,,,,,,,,,,,,,,4,4,4,4,4,1,1,1,1,,,1,,,No,Yes,No,No,No,Yes,Yes,No,No,No,No,No,No,No,Yes,Yes,Yes,Yes,Yes,Yes,I dont know,I dont know,Yes,I dont know,I dont know,I dont know,I dont know,Yes,4,3,4,4,4,
243,247,Graduate Student,,1,4,Predominantly research focused university or college,, Netherlands,0,0,0,0,0,0,0,0,Industrial/Organizational Psychology,,Primarily quantitative,1,1,,,,,,,,,,1,,,,,,1,,,,,No,1,1,,1,1,,,1,1,,,,1,,,,,,,,,,1,,Im not sure if my institution offers these services,Im not sure if my institution offers these services,"Yes, and I have taken advantage of it.",1,1,3,5,1,4,4,1,1,4,4,2,2,4,2,5,5,5,3,5,5,1,3,4,1,1,,1,1,,,,,No,1,1,,,,,,,1,,,,,1,,1,1,,,1,,,,1,,,,,,1,,,,1,,1,1,,,1,,,1,,,,,,,1,,1,,1,,,,1,,,,,1,,,,Im not sure.,1,,,,,,,,,1,1,,,,Yes ,2,5,4,2,4,5,1,4,4,1,,1,,,,,1,,,1,,,1,,,,,1,,1,,,,,1,,,,,,1,,,,"Some tools are used by everyone, but sometimes different people or different projects use additional tools.","Yes, always","Yes, I primarily create my own code.",1,,,,,,,,1,,1,1,1,,,,,,,,,,Not applicable,Yes. Someone could recreate both my data cleaning/coding and analysis steps.,2,3,3,4,4,3,3,5,1,,1,,,,,,,,,,,1,,,1,,,,,,,1,1,1,,,1,1,1,,,,No,No,,No,,1,,,,,,,1,,"Yes, someone could recreate both my data cleaning/coding and analysis steps.",I dont know.,,1,,1,1,1,,1,,,,1,,,,,,,,1,1,,,4,2,3,4,5,1,1,1,1,,1,1,,,No,Yes,No,,No,No,Yes,Yes,No,No,Yes,Yes,No,No,No,Yes,,Yes,I dont know,Yes,Yes,Yes,Yes,Yes,Yes,Yes,I dont know,Yes,4,3,1,3,2,
244,248,"Assistant Professor (US), Lecturer (UK), or equivalent",,2,15,Predominantly teaching focused university or college,, United States of America,0,0,0,0,0,0,0,,Social and Personality Psychology,,Primarily quantitative,1,,,,,,,1,1,,Lol,1,1,,,,,,,,,,No,1,1,,1,1,1,1,1,1,,,,1,1,,,,1,,,,,,,Im not sure if my institution offers these services,Im not sure if my institution offers these services,Im not sure if my institution offers these services,4,3,3,4,5,5,3,3,1,4,5,2,4,4,3,4,2,1,,4,5,3,3,1,1,1,,,1,,1,,,No,1,1,,,,,,,1,,,,,1,,1,,1,1,1,,,,,,,,,,1,1,1,1,1,,1,1,,,1,,,,,,,,1,,1,1,1,,,,,,1,,,,,1,,,,Not applicable,1,,,1,1,,,,,,1,,,,,1,1,4,1,4,4,3,3,1,1,1,,,1,,,,,,1,1,,,,,,,1,1,,,,,,,,,1,,,,,,,,"Sometimes, when possible","Yes, I primarily create my own code.",1,,,,,,,,1,,1,1,,,,,,,,,,,Not applicable,No. I would have to be present.,1,4,3,4,3,3,3,1,1,,,1,,,,1,,,,,,1,,,,,,,,1,,1,,,,,,,,,1,,No,No,,No,,1,,,,,,,1,,Someone could recreate my data analysis but not cleaning/coding steps.,8+ years (but in a formats that it may become obsolete),,1,,1,,1,,,,,,,,,,1,1,1,1,1,,,,3,2,4,4,4,1,1,1,1,,,1,,,No,No,No,I dont know,,No,Yes,No,,No,No,No,No,No,No,No,I dont know,,No,Yes,No,,No,No,No,No,No,No,,,,,,
245,249,"Associate Professor  (US), Senior Lecturer (UK), or equivalent",,2,25,Predominantly research focused university or college,, Sweden,1,1,0,0,0,1,0,2,Social and Personality Psychology,,Primarily quantitative,1,,,,,,,,1,1,None,1,,,,,,,,1,,,No,1,1,,,,1,,1,1,,,,1,,,,,,,1,1,,,,Im not sure if my institution offers these services,Im not sure if my institution offers these services,Im not sure if my institution offers these services,2,2,5,5,4,4,1,1,1,2,5,5,2,2,4,1,5,1,1,5,5,,,,0,,,,,,,,,,0,,,,,,,,,,,,,0,,,,,,,,,,,,,,,,0,,,,,,,,,,0,,,,,,,,,,0,,,,,,,,0,,,,,,,,,,0,,,,,,,,,,,,,,,,,,,,,,,,0,,,,,,,,,,,,,,,,,,0,,,,,,,,,,,,,,,,,,,,0,,,,,,,,,,0,,,,,,,,,,,,,,,,,,,,,,0,,,,,,,,,,,,,0,,,,,,,,,,0,,,,,,,,,,,,,,,,0,,,,,,,,,,,,0,,,,,,,,,,,,,,,,,,,,,,,,,,,0,,,,,,,,,,,,,,,,,,,,,,,,,,,,,,,,,,,,,,,,,,
246,250,Post-Doctoral Fellow,,2,13,Predominantly research focused university or college,, United States of America,1,35,15,3,12,3,2,3,Cognitive Neuroscience,,Primarily quantitative,1,1,,1,,,,1,,,,1,1,1,,,1,,,,,,"Yes, though I generally do not revisit my DMPs after I submit a grant or project proposal.",1,1,1,1,1,1,1,1,1,,,,1,,1,1,1,1,1,1,1,,,,"Yes, but I have not taken advantage of it.",Im not sure if my institution offers these services,"Yes, and I have taken advantage of it.",5,4,3,3,5,5,4,4,4,1,5,5,5,5,5,5,4,5,4,4,5,4,2,3,1,1,,1,1,,1,,,Yes,1,,,,,1,,1,1,1,,,,1,,1,1,1,1,1,1,1,1,,1,1,1,,,1,1,1,1,1,1,1,1,,,1,,,,,,1,,,,1,1,1,1,1,,,,1,1,,1,1,,,,,No,1,1,1,1,1,,1,1,1,1,,,,,No,3,3,3,3,4,5,4,2,3,1,1,,,,,,,,,1,,,1,,,,,1,,,,,,,,,,,,,1,,,,"No, there is no standardization in terms of what software tools my lab or research group members use.","Sometimes, when possible","Yes, I use both code I have created myself and adapt code written by others.",1,,,,,1,,,,,1,,,,,,,,1,,1,Google Sheets,No ,Yes. Someone could recreate both my data cleaning/coding and analysis steps.,4,5,4,4,4,2,2,3,1,,,1,1,,,1,,,,,,1,,,,,,,,1,,1,,,1,,1,1,1,,,,"Yes, I have been required to complete a data availability statement.",Yes,4,Yes,2,1,,,1,1,,,,,Someone could recreate my data analysis but not cleaning/coding steps.,8+ years (and maintained so it is always accessible),,1,,,1,1,1,1,,1,1,,1,,1,1,1,1,1,1,1,,,4,5,4,4,4,1,1,1,1,,1,1,,,Yes,Yes,Yes,,No,Yes,Yes,I dont know,Yes,I dont know,I dont know,Yes,Yes,Yes,No,,Yes,I dont know,Yes,Yes,Yes,Yes,Yes,Yes,Yes,Yes,Yes,No,4,4,5,4,4,
247,251,"Associate Professor  (US), Senior Lecturer (UK), or equivalent",,1,11,Predominantly teaching focused university or college,, United States of America,1,16,14,0,0,2,0,100,Cognitive Psychology,,Primarily quantitative,1,,,,,,,1,,,,1,1,1,,,,,,,,,"Yes, though I generally do not revisit my DMPs after I submit a grant or project proposal.",1,1,1,1,1,1,1,1,1,,,,1,,,,,,1,,,,,,No,No,No,4,4,4,4,3,4,4,3,3,4,5,4,4,5,3,3,3,1,1,5,5,2,2,5,1,1,,,1,,1,,,No,1,,,,1,,1,,1,,,,,1,,1,,1,,1,,,1,,,,1,,,1,1,1,1,1,1,1,1,,,1,,,1,,,,,,,1,,1,,,,,,1,,1,1,1,,,,,Im not sure.,1,,1,,,,,,,1,,,,,Im not sure.,1,4,4,5,4,4,3,3,5,1,1,,,,,1,,,,1,,,,,,,,1,1,,,,,1,,,,1,,,1,,,,"Some tools are used by everyone, but sometimes different people or different projects use additional tools.","Sometimes, when possible","Yes, I use both code I have created myself and adapt code written by others.",1,,,1,,,,,,,1,,1,,,,,,,1,,,No ,Yes. Someone could recreate both my data cleaning/coding and analysis steps.,3,3,3,3,3,3,2,5,1,,1,1,,,,,,,,,,1,1,,1,1,,,,,,1,1,1,,,,1,1,,,,"Yes, I have been required to both share data and complete a data availability statement.",No,,I don't know.,,1,,,,,,,1,,"Yes, someone could recreate both my data cleaning/coding and analysis steps.",8+ years (but in a formats that it may become obsolete),,1,,,,1,1,1,,,1,,,,1,1,1,1,1,1,,,,4,3,4,4,4,1,1,1,1,1,1,1,,,I dont know,Yes,Yes,Yes,Yes,Yes,Yes,Yes,No,No,No,Yes,Yes,Yes,Yes,Yes,No,Yes,Yes,Yes,Yes,I dont know,I dont know,I dont know,Yes,Yes,Yes,Yes,2,2,3,4,4,
248,252,Post-Doctoral Fellow,,1,8,Predominantly research focused university or college,, United States of America,1,16,12,2,1,0,1,3,Social and Personality Psychology,,Primarily quantitative,1,,,,,,,1,,,,1,,,,,1,,,,,,No,1,1,1,1,1,1,1,1,1,,,,1,,1,1,,1,1,1,1,,,,Im not sure if my institution offers these services,Im not sure if my institution offers these services,Im not sure if my institution offers these services,2,1,2,2,1,1,1,1,1,3,4,4,1,2,3,3,3,1,2,5,5,4,3,4,1,1,,,1,,,,,No,1,,,1,,,,,1,,,,,1,,1,,1,,1,,,,,,,,,,1,1,1,1,1,1,,1,,,1,,,1,,1,,,,,1,1,,,,,,,1,1,1,,,,,,,No,1,1,,1,1,,,,,,,1,,"I use Qualtrics quite a bit, and I know that the rawest datafiles will always be available to redownload.",No,1,1,2,5,1,1,5,3,3,1,,,,,,,,,,1,,,,,,,,1,,,,,,,,,,1,,,1,,,,"Some tools are used by everyone, but sometimes different people or different projects use additional tools.",Im not sure,"Yes, I use both code I have created myself and adapt code written by others.",1,,1,1,,,,,,,1,,1,,,,,,,,1,Annotations in analysis script,Yes,Yes. Someone could recreate both my data cleaning/coding and analysis steps.,1,2,1,1,1,4,3,3,1,,,1,,,,,,,,,,1,1,,1,,,,,,,1,1,1,,,,1,1,,,,"Yes, I have been required to both share data and complete a data availability statement.",Yes,3,Yes,5,1,1,,,,,,,,"Yes, someone could recreate both my data cleaning/coding and analysis steps.",8+ years (and maintained so it is always accessible),,1,,1,,1,,1,,,,,,,,1,,,1,1,,,,2,2,2,1,2,1,1,1,1,,,1,,,I dont know,No,No,Yes,No,No,No,No,No,Yes,No,Yes,No,Yes,No,No,I dont know,No,Yes,Yes,No,No,Yes,No,Yes,Yes,Yes,Yes,1,1,1,1,1,
249,253,Post-Doctoral Fellow,,1,9,Predominantly research focused university or college,, Canada,1,11,7,2,1,0,1,5,Social and Personality Psychology,,Primarily quantitative,1,,,1,,,,1,1,,Self-funded,1,1,1,,,1,,,,,,I dont know.,1,1,,1,1,1,,,1,,,,1,1,,1,1,1,,,1,,,,Im not sure if my institution offers these services,Im not sure if my institution offers these services,Im not sure if my institution offers these services,3,1,4,4,5,1,3,1,1,3,5,5,5,1,3,3,3,1,3,5,5,,,,0,,,,,,,,,,0,,,,,,,,,,,,,0,,,,,,,,,,,,,,,,0,,,,,,,,,,0,,,,,,,,,,0,,,,,,,,0,,,,,,,,,,0,,,,,,,,,,,,,,,,,,,,,,,,0,,,,,,,,,,,,,,,,,,0,,,,,,,,,,,,,,,,,,,,0,,,,,,,,,,0,,,,,,,,,,,,,,,,,,,,,,0,,,,,,,,,,,,,0,,,,,,,,,,0,,,,,,,,,,,,,,,,0,,,,,,,,,,,,0,,,,,,,,,,,,,,,,,,,,,,,,,,,0,,,,,,,,,,,,,,,,,,,,,,,,,,,,,,,,,,,,,,,,,,
250,254,"Associate Professor  (US), Senior Lecturer (UK), or equivalent",,2,20,Predominantly research focused university or college,, United States of America,1,29,20,5,1,2,1,5,Developmental Psychology,,Primarily quantitative,1,,,1,,,,,,,,1,1,1,,,,,,,,,"Yes, though I generally do not revisit my DMPs after I submit a grant or project proposal.",1,1,1,1,,1,1,1,1,,,,1,1,,,,1,1,,,,,,Im not sure if my institution offers these services,Im not sure if my institution offers these services,"Yes, and I have taken advantage of it.",4,1,1,3,2,2,1,2,1,1,5,4,5,5,1,1,4,1,4,1,2,3,2,4,1,,1,1,,,1,,,Yes,1,,,,,,,,1,1,,,,1,1,1,,1,,,,,,,,,,,,1,1,1,1,1,1,1,1,,,1,,,,,,,,1,,1,1,1,,1,,,,1,1,1,1,,,,,,Yes ,1,,1,,,,,1,,1,,,,,Yes ,1,1,4,5,4,3,3,2,5,1,1,,,1,,,1,,1,1,,,1,,,,,1,,,,,,,1,,1,,,,1,,,,"Some tools are used by everyone, but sometimes different people or different projects use additional tools.",No,"Yes, I primarily create my own code.",1,,,,,,,,1,,1,,1,,,,,,,,1,Notes within scripts,No ,No. I would have to be present.,5,5,5,3,2,2,1,3,1,1,1,1,,,,,,,,,,1,,,,,,,,1,,1,,1,1,,,,,,,,Im not sure.,Yes,2,No,,1,,,,,,1,,New studies ,"No, I would have to be present.",4-8 years after the conclusion of a project,,1,,1,,1,,,,1,,,,,,1,1,,1,,1,,,2,4,5,3,3,1,1,,1,,1,1,,,Yes,No,No,No,No,Yes,Yes,No,No,Yes,No,No,No,No,No,Yes,Yes,No,Yes,Yes,No,No,Yes,I dont know,I dont know,I dont know,No,No,4,3,4,2,5,
251,255,Post-Doctoral Fellow,,1,10,Equally research/teaching focused university or college,, United States of America,1,8,0,5,1,2,0,2,Educational Psychology,,Primarily quantitative,1,,,1,,,,,,,,1,,,,,1,,,,,,No,1,1,,,,1,,,,,,,1,1,,,,1,1,,,,,,No,No,Im not sure if my institution offers these services,4,1,5,5,5,5,2,1,1,1,5,5,2,2,2,1,4,2,3,4,3,5,5,5,1,,1,1,1,1,,,,Yes,1,,,,,,,,1,,,,,1,,1,,1,,1,,,,,,,,,,1,1,,,1,,1,1,,,1,,,,,,,,1,,1,,1,,,,,,1,,1,1,,,,,,Yes ,1,1,1,,,,,,,1,,,,,Yes ,1,1,1,1,2,3,4,4,5,1,1,,,,,,,,,1,,,1,,,,,1,1,,,,,,,,,,,,1,,,,"Some tools are used by everyone, but sometimes different people or different projects use additional tools.",No,"Yes, I primarily create my own code.",1,,,,,,,,1,,0,,,,,"I use literate programming tools (e.g. Jupyter, R Markdown/knitr).",,,I keep notes in ReadMe files. ,,,,Not applicable,Yes. Someone could recreate both my data cleaning/coding and analysis steps.,3,3,2,1,5,,,,0,,,,,,,,,,,,,0,,,,,,,,,,0,,,,,,,,,,,,,,,,0,,,,,,,,,,,,0,,,,,,,,,,,,,,,,,,,,,,,,,,,0,,,,,,,,,,,,,,,,,,,,,,,,,,,,,,,,,,,,,,,,,,
252,256,Graduate Student,,1,7,Predominantly research focused university or college,, Australia,1,4,0,4,0,0,0,0,Cognitive Psychology,,Primarily quantitative,1,,,1,,,,,,1,,1,,,,,,,,1,,,"Yes, though I generally do not revisit my DMPs after I submit a grant or project proposal.",1,1,1,1,1,1,1,,1,,,,1,,,,,1,,,1,,,,Im not sure if my institution offers these services,Im not sure if my institution offers these services,Im not sure if my institution offers these services,5,3,5,5,5,5,5,5,1,5,5,5,1,5,3,3,1,1,3,5,5,,,,0,,,,,,,,,,0,,,,,,,,,,,,,0,,,,,,,,,,,,,,,,0,,,,,,,,,,0,,,,,,,,,,0,,,,,,,,0,,,,,,,,,,0,,,,,,,,,,,,,,,,,,,,,,,,0,,,,,,,,,,,,,,,,,,0,,,,,,,,,,,,,,,,,,,,0,,,,,,,,,,0,,,,,,,,,,,,,,,,,,,,,,0,,,,,,,,,,,,,0,,,,,,,,,,0,,,,,,,,,,,,,,,,0,,,,,,,,,,,,0,,,,,,,,,,,,,,,,,,,,,,,,,,,0,,,,,,,,,,,,,,,,,,,,,,,,,,,,,,,,,,,,,,,,,,
253,257,"Assistant Professor (US), Lecturer (UK), or equivalent",,2,23,Equally research/teaching focused university or college,, United States of America,1,6,4,2,0,0,0,2,Biopsychology or Behavioral Neuroscience,,Primarily quantitative,1,1,,,,,,1,,,,1,1,1,,,,,,,,,"Yes, and I generally revist my DMPs throughout the course of a project.",1,1,1,,,1,,1,,,,,1,,,,,1,1,,,,,,Im not sure if my institution offers these services,Im not sure if my institution offers these services,"Yes, and I have taken advantage of it.",3,3,3,4,4,4,2,2,3,1,5,5,5,5,4,4,3,2,2,5,5,4,2,5,1,1,,1,1,,,,,Yes,1,1,,,,,,,1,,1,,Superlab ,1,,1,1,1,,1,,1,1,,1,,,,,1,1,1,,,1,1,1,,,1,,,,,1,,,,,1,1,,,,,,,1,1,1,1,,,,,,Yes ,1,,1,1,,,,,,,,,,,Yes ,2,3,4,5,4,3,3,2,5,1,1,,,,,,,,,1,,,,,,,,1,1,,,,,,,,,1,,,,,,,"Some tools are used by everyone, but sometimes different people or different projects use additional tools.","Sometimes, when possible","Yes, I use both code I have created myself and adapt code written by others.",1,,,,,,,,1,,1,,1,,,,,,,,,,Yes,Yes. Someone could recreate both my data cleaning/coding and analysis steps.,2,5,3,3,4,3,2,5,1,1,1,,,,,,,,,,,1,,,,,,,,1,,1,1,1,,,,1,1,,,,Im not sure.,No,,Yes,3,1,,,,,,,1,,"Yes, someone could recreate both my data cleaning/coding and analysis steps.",8+ years (but in a formats that it may become obsolete),,1,,1,1,1,,1,,1,1,,1,,,,,1,1,,,,,4,5,2,4,5,1,1,1,1,,1,1,,,No,I dont know,No,Yes,No,No,No,No,Yes,Yes,Yes,No,No,No,No,I dont know,Yes,No,I dont know,I dont know,I dont know,I dont know,Yes,Yes,I dont know,I dont know,I dont know,Yes,3,5,5,5,5,
254,258,Graduate Student,,1,7.5,Predominantly research focused university or college,, United Kingdom of Great Britain and Northern Ireland,1,4,0,1,1,2,0,3,Cognitive Psychology,,Primarily quantitative,1,,,,,,,1,1,,,1,,,,,,1,,1,,,I dont know.,1,1,1,1,,,,1,1,,,,1,1,,,1,,,1,1,,,,"Yes, but I have not taken advantage of it.","Yes, but I have not taken advantage of it.","Yes, but I have not taken advantage of it.",4,2,4,3,3,2,4,1,1,2,4,4,4,5,2,3,4,3,5,4,5,3,2,4,1,1,,,,,1,,,No,1,,,,,1,1,,,,,,,1,,1,,1,,1,,,,,,,,,,1,1,1,1,1,1,1,1,,,1,1,,1,,,,,,,1,1,,,1,,,,1,1,,,,,,,,Im not sure.,1,1,1,,1,1,,,1,,,,,,Im not sure.,2,2,4,5,4,3,3,2,4,1,1,1,,,,1,,,,1,,,1,,,,,1,1,1,,,,,,,,1,,,1,,,,"Some tools are used by everyone, but sometimes different people or different projects use additional tools.",No,"Yes, I primarily create my own code.",1,,,1,,,,,,,1,1,1,,,,,,,,,,Not applicable,Yes. Someone could recreate both my data cleaning/coding and analysis steps.,5,5,4,2,3,1,1,4,1,,,,,,,,,,1,1,,1,1,,1,,,,,,,1,1,,,,1,1,1,,,,"Yes, I have been required to both share data and complete a data availability statement.",Yes,3,Yes,4,1,,1,1,,,,,,"Yes, someone could recreate both my data cleaning/coding and analysis steps.",I dont know.,,1,,1,,,,1,,,,,,,,1,1,1,1,1,,,,3,3,2,5,2,1,1,1,,,,,,,No,I dont know,No,Yes,Yes,Yes,Yes,I dont know,I dont know,Yes,No,No,No,Yes,No,Yes,Yes,Yes,Yes,Yes,Yes,I dont know,Yes,Yes,Yes,Yes,Yes,Yes,2,2,2,3,5,
255,259,Adjunct Professor or other non-tenure-track faculty,,2,22,Predominantly research focused university or college,, United States of America,1,10,9,0,0,0,1,1,Social and Personality Psychology,,A mix of quantitative and qualitative,1,,,,,,,1,,,,1,1,,,,,,,,,,No,1,1,1,1,,,1,1,1,,,,1,,,,,,1,1,1,,,,"Yes, but I have not taken advantage of it.",Im not sure if my institution offers these services,"Yes, but I have not taken advantage of it.",5,2,4,5,5,2,3,1,1,4,3,4,1,3,2,1,2,1,1,4,4,3,3,4,1,1,1,,1,,,,,No,1,,,,,,,,1,,,,,1,1,1,,1,1,,1,,,,,,,,,1,1,,1,1,,1,1,,,1,,,1,,,,,,,1,1,,,,,,,1,,,,,1,,,,No,1,,,,,,,,,,,1,,Carbonite ,No,1,1,5,1,5,5,1,2,4,1,1,,,1,,,,,,1,,,,,,,,1,,,,,,,,,,1,,,,,,,"Some tools are used by everyone, but sometimes different people or different projects use additional tools.",No,"Yes, I primarily adapt code written by others.",1,,,1,,,,,,,1,,1,,,,,,,,,,Yes,Yes. Someone could recreate both my data cleaning/coding and analysis steps.,2,4,4,4,4,1,2,5,1,1,1,1,,,,,,,,,,1,1,,,,,,,,,1,1,1,,,,1,1,,,,No,Yes,3,Yes,3,1,,,,,,1,,To obtain descriptives they did not publish,"Yes, someone could recreate both my data cleaning/coding and analysis steps.",8+ years (but in a formats that it may become obsolete),,1,,1,,1,1,,,,,,,,,,,,,1,1,,,5,4,4,5,5,1,1,1,1,,,,,,No,I dont know,No,No,Yes,No,Yes,No,No,Yes,Yes,Yes,No,No,No,I dont know,I dont know,Yes,I dont know,Yes,No,I dont know,Yes,Yes,Yes,I dont know,I dont know,I dont know,3,2,2,2,4,
256,260,"Associate Professor  (US), Senior Lecturer (UK), or equivalent",,2,23,Predominantly research focused university or college,, United States of America,1,5,0,5,0,0,0,2,Educational Psychology,,Primarily quantitative,1,,1,1,1,,,,,,,1,,1,1,1,,,,,,,"Yes, though I generally do not revisit my DMPs after I submit a grant or project proposal.",1,1,1,1,1,,,,1,,,,1,1,,1,,,,,1,,,,No,No,"Yes, and I have taken advantage of it.",2,3,3,3,4,4,1,1,1,1,4,4,5,4,2,3,4,3,1,4,3,,,,0,,,,,,,,,,0,,,,,,,,,,,,,0,,,,,,,,,,,,,,,,0,,,,,,,,,,0,,,,,,,,,,0,,,,,,,,0,,,,,,,,,,0,,,,,,,,,,,,,,,,,,,,,,,,0,,,,,,,,,,,,,,,,,,0,,,,,,,,,,,,,,,,,,,,0,,,,,,,,,,0,,,,,,,,,,,,,,,,,,,,,,0,,,,,,,,,,,,,0,,,,,,,,,,0,,,,,,,,,,,,,,,,0,,,,,,,,,,,,0,,,,,,,,,,,,,,,,,,,,,,,,,,,0,,,,,,,,,,,,,,,,,,,,,,,,,,,,,,,,,,,,,,,,,,
257,261,"Associate Professor  (US), Senior Lecturer (UK), or equivalent",,2,22,Predominantly research focused university or college,, United States of America,0,0,0,0,0,0,0,10,Quantitative Psychology,,Primarily quantitative,1,1,1,1,,,,1,,,,1,1,1,,1,,,,,1,Statistician,"Yes, though I generally do not revisit my DMPs after I submit a grant or project proposal.",1,1,1,1,1,1,1,1,1,,,,1,,1,,,1,1,,1,,,,"Yes, and I have taken advantage of it.","Yes, and I have taken advantage of it.","Yes, and I have taken advantage of it.",1,1,1,1,4,1,3,1,1,1,5,4,4,4,2,1,3,4,2,4,4,3,1,5,1,1,1,1,1,1,1,,,Yes,1,,,,,,,1,,,,,,1,1,1,1,1,1,1,1,1,1,1,1,1,1,,,1,1,,,1,,,,,,1,,,,,,,,1,,1,1,1,,,,,,1,1,1,,1,,,,,Not applicable,1,,,,,1,,,,,,,,,Im not sure.,1,3,3,2,4,4,4,2,5,1,,,,1,,,1,,1,1,,,1,1,,,Jmp,1,1,,,,,,1,,1,1,,,1,,,,Im not sure.,No,"Yes, I use both code I have created myself and adapt code written by others.",1,,,,,,,,1,,1,,1,1,,1,,,,,,,Not applicable,Yes. Someone could recreate both my data cleaning/coding and analysis steps.,1,1,1,3,3,3,1,4,1,1,1,1,1,1,1,1,,,,,,1,,,,,,,,1,,1,,,,,,,,,1,,Im not sure.,No,,Yes,5,1,,,,,,,1,,"No, I would have to be present.",8+ years (but in a formats that it may become obsolete),,1,1,1,1,1,1,1,1,1,1,1,1,1,1,1,1,1,1,1,1,,,4,4,2,4,4,1,1,1,1,,,,,,Yes,No,Yes,No,No,No,Yes,No,No,No,No,No,No,No,No,I dont know,Yes,Yes,Yes,Yes,I dont know,Yes,I dont know,Yes,I dont know,I dont know,I dont know,No,2,3,3,3,3,
258,262,Graduate Student,,1,10,Commercial organization,, United States of America,1,3,0,3,0,0,0,2,Developmental Psychology,,A mix of quantitative and qualitative,1,1,,1,,,,1,,,,1,,1,,,,1,,,,,No,1,1,,,,1,,,,,,,1,1,,,,1,,,1,,,,Im not sure if my institution offers these services,No,"Yes, and I have taken advantage of it.",3,2,2,2,4,1,1,1,4,2,4,5,1,5,4,4,3,2,5,4,5,3,3,4,1,1,1,1,1,,1,,,Yes,1,,,,,,,,1,1,,,,1,1,1,1,1,1,,1,,,1,,1,,,,1,,,,1,1,1,1,,,1,,,,,,1,1,,In codebooks that can be requested,1,1,1,,1,,,,1,1,1,1,,,,,,Yes ,1,1,1,1,,,1,1,,1,,,,,Yes ,More than 3,4,3,3,4,3,3,3,4,1,,,,,,,1,,1,1,,,1,,,,,1,,,,,,,1,,1,1,,,1,,,,"Some tools are used by everyone, but sometimes different people or different projects use additional tools.","Sometimes, when possible","Yes, I use both code I have created myself and adapt code written by others.",1,,,,,,,,1,,1,1,1,1,,,,,1,,,,Yes,Yes. Someone could recreate both my data cleaning/coding and analysis steps.,3,3,3,4,4,2,2,4,1,1,1,1,,,,,,,,,,1,,,,,,,,1,,1,,,,,,,,,1,,No,No,,No,,1,,,,,1,,,,"Yes, someone could recreate both my data cleaning/coding and analysis steps.",Other (Please describe),None of our projects have concluded yet.,1,1,1,1,1,1,,,,,,,,,1,,,,1,,,,4,4,4,4,4,1,1,1,1,,1,1,,,No,No,No,No,Yes,Yes,Yes,No,No,No,No,No,No,No,No,I dont know,Yes,Yes,Yes,Yes,I dont know,Yes,Yes,Yes,I dont know,I dont know,I dont know,I dont know,4,4,4,4,5,
259,263,Post-Doctoral Fellow,,1,8,Predominantly research focused university or college,, Canada,1,34,30,2,1,0,1,2,Social and Personality Psychology,,Primarily quantitative,1,,,,,,,,1,,sshrc,1,,,,,,,,1,,,No,1,1,,1,1,1,1,1,1,,,,1,,,,,1,1,,,,,,No,No,No,3,2,,,,,,,,,,,,,,,,,,,,4,4,4,1,1,,,1,,1,,,No,0,,,,,,,,,,,,,1,1,1,,1,,1,,,,,,,,,,1,1,,,1,,,1,,,1,,,,,,,,1,,1,,1,1,1,,,,1,,1,1,,,,,,Yes ,1,1,1,1,1,1,1,1,,1,,,,,Yes ,3,3,4,4,4,4,5,4,4,1,,,,,,,1,,,1,,,,,,,,1,1,1,,,,,1,,,1,,,1,,,,"Some tools are used by everyone, but sometimes different people or different projects use additional tools.",No,"Yes, I use both code I have created myself and adapt code written by others.",1,,,,,,,1,,Only within the lab,1,,1,,,,,,,,1,follow standard lab checklist,Yes,Im not sure.,2,3,,4,,1,1,4,1,,,1,,,,,,,,,,1,,,,,,,,1,,0,,,,,,,,,,,"Yes, I have been required to complete a data availability statement.",No,,No,,1,,,,,,,1,,"Yes, someone could recreate both my data cleaning/coding and analysis steps.",8+ years (but in a formats that it may become obsolete),,1,,,,1,,1,,,,,,,,,,,,,,,,3,2,4,4,4,1,1,1,1,,,1,,,No,No,No,No,Yes,Yes,No,No,I dont know,Yes,No,Yes,No,No,No,Yes,Yes,Yes,Yes,Yes,I dont know,No,Yes,Yes,Yes,Yes,I dont know,I dont know,3,3,4,4,4,
260,264,"Assistant Professor (US), Lecturer (UK), or equivalent",,1,4,Equally research/teaching focused university or college,, Bangladesh,1,3,3,0,0,0,0,2,Social and Personality Psychology,,Primarily quantitative,1,,,,,,,,,1,,1,1,,,,,,,,,,No,1,1,,1,,,1,,1,,,,1,1,,,,,1,,1,,,,No,Im not sure if my institution offers these services,Im not sure if my institution offers these services,3,5,2,3,2,4,3,3,3,4,5,5,3,5,5,5,5,3,5,5,4,3,3,3,1,,1,,,,,,,No,1,,,,,,,,,,,1,,1,,1,,1,,,,,,,,,,,,1,,,,1,,,1,,,1,,,,,,,,1,,1,1,,,,,,,1,,,,1,,,,,Im not sure.,1,,,,,,,,,1,,,,,Im not sure.,1,4,4,4,4,3,2,2,3,1,,,,,,,,,,1,,,,,,,,1,1,,,,,,,,,1,,,1,,,,"Some tools are used by everyone, but sometimes different people or different projects use additional tools.","Yes, always",No,1,,,,,,,,1,,1,,1,,,,,,,,,,Not applicable,Yes. Someone could recreate both my data cleaning/coding and analysis steps.,3,3,3,3,4,3,3,3,1,,1,,,,,,,,,,,1,,,,,,,,1,,0,,,,,,,,,,,No,No,,No,,1,,,,1,,,,,"Yes, someone could recreate both my data cleaning/coding and analysis steps.",I dont know.,,1,,,,1,,,,,,,,,,,,,,,,,,3,3,3,3,3,1,1,1,,,,,,,I dont know,Yes,Yes,I dont know,No,I dont know,Yes,I dont know,I dont know,I dont know,I dont know,I dont know,I dont know,I dont know,I dont know,Yes,I dont know,No,I dont know,Yes,I dont know,I dont know,I dont know,I dont know,I dont know,,I dont know,I dont know,3,3,4,3,3,
261,265,"Assistant Professor (US), Lecturer (UK), or equivalent",,2,15,Predominantly research focused university or college,, United States of America,1,3,2,1,0,0,0,3,Cognitive Psychology,,Primarily quantitative,1,,,,,,,1,,,,1,,,,,,,,1,,,"Yes, though I generally do not revisit my DMPs after I submit a grant or project proposal.",1,1,,1,,,,,1,,,,1,,,,,1,,,,,,,Im not sure if my institution offers these services,Im not sure if my institution offers these services,"Yes, and I have taken advantage of it.",3,3,4,4,4,4,4,3,2,5,5,4,4,5,2,2,2,3,3,3,5,2,1,5,1,1,1,1,1,,1,,,No,1,,,,,,1,,1,,,,,1,1,1,,1,,1,1,,1,1,1,,,,,1,,1,1,1,1,,1,,,1,,,,,1,1,,,,1,,1,,,,,,1,,,,1,,,,,No,1,,,,,,,,,1,,,,,Im not sure.,1,3,4,3,5,4,2,1,4,1,1,,,,,1,,,,1,,,1,,,,,1,,,,,,1,,,,,,,1,,,,"Some tools are used by everyone, but sometimes different people or different projects use additional tools.",No,"Yes, I use both code I have created myself and adapt code written by others.",1,,,1,,,1,,,,1,,,,,1,,,,,,,No ,No. I would have to be present.,5,5,5,5,3,1,1,3,1,1,1,1,1,,1,1,,,,,,1,,,1,,,,,,,1,,,,,,,1,,,,No,No,,No,,1,,,,1,,,,,"No, I would have to be present.",4-8 years after the conclusion of a project,,1,1,,,,,1,,,,,1,,,,,,1,,,,,3,3,4,5,5,1,1,,,,,,,,I dont know,Yes,No,Yes,Yes,No,Yes,No,Yes,No,No,No,No,No,No,Yes,Yes,I dont know,Yes,Yes,I dont know,I dont know,I dont know,I dont know,No,No,I dont know,No,3,2,4,4,2,
262,266,"Assistant Professor (US), Lecturer (UK), or equivalent",,2,15,Equally research/teaching focused university or college,, Singapore,1,9,8,0,0,1,0,3,Health Psychology,,Primarily quantitative,1,,,1,,,,,,,,1,1,,,,,,,,,,"Yes, though I generally do not revisit my DMPs after I submit a grant or project proposal.",1,1,1,1,1,1,1,1,1,,,,1,,,1,,,,,,,,,"Yes, but I have not taken advantage of it.","Yes, but I have not taken advantage of it.","Yes, but I have not taken advantage of it.",5,3,4,3,5,2,3,1,4,2,3,3,4,5,4,2,4,1,1,3,3,3,3,3,1,1,1,,1,1,,,,Yes,1,,,,,,1,1,1,,,,,1,1,1,1,1,,1,,,,,1,,,,,1,1,1,1,1,1,1,1,,,1,,,1,,,,,,,1,,1,,,,,,1,1,1,,,,,,,No,1,1,1,,,,1,,,1,,,,,No,1,1,2,2,1,1,3,3,3,1,1,,,,,1,,,,1,,,1,,,,,1,1,,,,,1,,,,1,,,1,,,,"Some tools are used by everyone, but sometimes different people or different projects use additional tools.","Sometimes, when possible","Yes, I use both code I have created myself and adapt code written by others.",1,,,1,,,,,,,1,,1,1,,,,,,,,,No ,Yes. Someone could recreate both my data cleaning/coding and analysis steps.,2,3,1,1,1,2,2,2,1,1,,1,,,,,,,,,,1,,,,,,,,1,,1,,,,,1,1,,,,,No,No,,No,,1,,,,,,,1,,"Yes, someone could recreate both my data cleaning/coding and analysis steps.",8+ years (and maintained so it is always accessible),,1,1,1,,1,,1,,,,1,1,,,1,1,1,1,1,1,,,2,1,3,2,2,1,1,1,1,,,1,,,No,I dont know,Yes,Yes,Yes,Yes,Yes,I dont know,No,Yes,Yes,Yes,Yes,I dont know,Yes,Yes,Yes,Yes,Yes,Yes,I dont know,Yes,Yes,Yes,Yes,Yes,I dont know,Yes,1,1,1,1,2,
263,267,Graduate Student,,1,5,Equally research/teaching focused university or college,, Slovakia,1,7,0,1,4,2,0,5,Other (Please describe),Behavioral economics,Primarily quantitative,1,,,1,,,,,,,,1,,1,,,,,,,,,No,1,1,1,1,1,1,1,1,1,,,,1,,,1,1,1,,1,,,,,No,No,No,2,4,3,4,3,4,2,4,2,2,5,5,5,3,4,3,3,4,5,5,5,3,2,5,1,1,1,1,1,,,,,Yes,1,,,,,,,,,,1,,.,1,,1,1,1,1,,,,,,,,,,,1,,1,,1,1,1,1,,,1,,,1,,,,,,,1,1,1,,,,,,1,1,1,,1,,,,,Yes ,1,,,,,,,,,1,,,,,Yes ,2,1,4,3,2,4,4,2,5,1,,1,,,,,,,,1,,,1,,,,,1,,,,,,,,,,,,,1,,,,"No, there is no standardization in terms of what software tools my lab or research group members use.",No,"Yes, I primarily adapt code written by others.",1,,,1,,,,,,,1,,,,,,,,,,1,I keep notes in R,,Yes. Someone could recreate both my data cleaning/coding and analysis steps.,4,4,3,3,2,4,2,5,1,,,,,,1,,,,,,,1,,,1,,,,,,,1,1,1,1,,,1,1,,,,No,Yes,2,No,,1,1,1,,,1,,,,"Yes, someone could recreate both my data cleaning/coding and analysis steps.",I dont know.,,0,,,,,,,,,,,,,,,,,,,,,,3,3,4,4,4,1,1,1,1,,1,1,,,No,No,Yes,Yes,Yes,No,Yes,No,I dont know,Yes,Yes,Yes,Yes,No,No,Yes,Yes,Yes,Yes,Yes,Yes,I dont know,Yes,Yes,Yes,Yes,Yes,Yes,3,3,4,3,5,
264,268,Graduate Student,,1,3,Predominantly research focused university or college,, United States of America,1,2,0,2,0,0,0,1,Social and Personality Psychology,,Primarily quantitative,1,,1,,1,,,1,,,,1,,,,,,,,1,,,No,1,1,,1,,1,,1,1,,,,1,1,,,,1,1,1,1,,,,Im not sure if my institution offers these services,Im not sure if my institution offers these services,Im not sure if my institution offers these services,2,2,3,2,3,3,3,1,4,4,3,3,1,3,1,1,2,1,4,5,5,2,2,3,1,,,,1,,1,,,No,1,,,,,,,,1,,,,,1,,1,,1,1,,,,,,,,,,,1,,,,1,,1,,,,1,,,,,,,,1,,1,,1,,,,,,1,,,,,1,,,,No,1,,,,,,,,,1,,,,,Yes ,1,2,2,3,2,3,5,3,5,1,1,,,,,,,,,1,,,1,,,,,1,,,,,,,,,,,,,1,,,,"Some tools are used by everyone, but sometimes different people or different projects use additional tools.",No,"Yes, I primarily create my own code.",1,,,,,,,,1,,1,,,,,1,,,,,,,Yes,Yes. Someone could recreate both my data cleaning/coding and analysis steps.,2,1,1,3,3,3,1,3,1,,1,,,,1,,,,,,,1,,,,,,,,1,,1,1,1,,,,1,1,,,,No,Yes,2,No,,1,,,,,1,,,,"No, I would have to be present.",I dont know.,,1,,1,,1,1,,,,,,,,,,,,,,,,,4,2,4,,5,1,1,1,1,,,1,,,Yes,Yes,No,No,No,No,No,No,No,No,No,Yes,Yes,No,No,Yes,Yes,Yes,Yes,No,Yes,No,No,No,Yes,Yes,No,Yes,2,2,2,2,2,
265,269,"Associate Professor  (US), Senior Lecturer (UK), or equivalent",,2,24,Equally research/teaching focused university or college,, Canada,1,12,8,4,0,0,0,1,Developmental Psychology,,Primarily quantitative,1,,,1,,,,1,,,,1,1,1,,,,,,,,,No,1,1,1,1,,,,,1,,,,1,1,,,,,,,1,1,,"From the ""culture"" and typical practices of labs I've been involved in",Im not sure if my institution offers these services,"Yes, but I have not taken advantage of it.","Yes, but I have not taken advantage of it.",1,3,1,1,1,1,3,1,4,2,5,5,4,5,3,2,4,2,2,2,3,3,2,2,1,1,1,,,,,,,Yes,1,1,,,,,,,,,,,,1,,1,,1,,1,,1,1,,,,,,,1,1,,1,1,1,1,1,,,1,,,,,,,,1,,1,1,1,,1,,,,1,1,1,1,,,,,,No,1,,1,,,,1,,,1,,,,,Yes ,2,3,3,1,2,2,3,3,3,1,,,,,,,1,,1,1,,,1,,,,,1,,,,,,,1,,,,,,1,,,,"Some tools are used by everyone, but sometimes different people or different projects use additional tools.","Sometimes, when possible","Yes, I use both code I have created myself and adapt code written by others.",1,,,,,,,,1,,1,,1,,,1,,,1,,,,No ,No. I would have to be present.,2,2,2,4,5,1,3,3,1,,1,1,,,,,,,,,,1,,,,,,,,1,,1,,,,,,,,,1,,No,No,,No,,1,,,,,,,1,,Someone could recreate my data analysis but not cleaning/coding steps.,8+ years (and maintained so it is always accessible),,1,1,,,1,,1,,1,1,,,,,,,,,,,1,Code/output from statistical analyses,3,3,2,2,3,1,1,1,1,,1,1,,,No,I dont know,No,Yes,Yes,No,No,No,No,Yes,Yes,No,No,No,No,I dont know,Yes,Yes,I dont know,I dont know,I dont know,I dont know,Yes,I dont know,Yes,Yes,No,I dont know,1,3,2,2,2,
266,270,Post-Doctoral Fellow,,1,7,Equally research/teaching focused university or college,, Australia,1,12,1,7,1,3,0,0,Social and Personality Psychology,,Primarily qualitative,1,,,1,,,,,,,,1,,,,,1,,,,,,"Yes, though I generally do not revisit my DMPs after I submit a grant or project proposal.",1,1,,,,1,,,,,,,1,,,,,,,,1,,,,"Yes, but I have not taken advantage of it.",Im not sure if my institution offers these services,Im not sure if my institution offers these services,3,2,1,2,2,3,3,2,2,2,4,2,3,4,2,2,4,2,2,3,3,4,2,4,1,1,,,1,,,,,No,1,,,,,,,,1,,,,,1,,1,,,1,1,,,,,,1,,,,1,1,1,1,1,,1,1,,,1,,,,,,,,1,,1,1,1,,,,,,1,1,1,,,,,,,Im not sure.,1,1,1,1,1,,,,,,,,,,Im not sure.,3,3,2,2,1,3,3,2,4,1,,,,,,,,,,1,,,,,,,,1,,,,,,,,,,,1,,1,,,,"No, there is no standardization in terms of what software tools my lab or research group members use.","Sometimes, when possible","Yes, I use both code I have created myself and adapt code written by others.",1,,,,,,,,1,,1,,1,,,,,,,,,,No ,Yes. Someone could recreate both my data cleaning/coding and analysis steps.,2,2,2,2,3,2,1,4,1,,,1,,,1,,,,,,,1,,,,,,,,1,,1,,,,,,,,,1,,"Yes, I have been required to complete a data availability statement.",Yes,5,No,,1,,1,,,,,,,"Yes, someone could recreate both my data cleaning/coding and analysis steps.",8+ years (but in a formats that it may become obsolete),,1,,1,,1,,1,,,,,,1,,1,,1,,,,,,3,4,4,4,4,1,1,,1,,,,,,No,I dont know,No,Yes,No,No,Yes,No,No,No,No,No,No,No,No,Yes,Yes,Yes,I dont know,Yes,I dont know,Yes,Yes,Yes,Yes,Yes,I dont know,I dont know,3,4,4,4,4,
267,271,"Professor (US), Reader (UK), or equivalent",,2,25,Equally research/teaching focused university or college,, United States of America,1,3,3,0,0,0,0,2,Social and Personality Psychology,,Primarily quantitative,1,,,,,,,,,1,,0,,,,,,,,,,,No,1,1,1,1,,,,1,1,,,,1,,1,,1,,,1,,,,,"Yes, but I have not taken advantage of it.","Yes, but I have not taken advantage of it.","Yes, but I have not taken advantage of it.",3,1,3,3,3,1,1,3,1,2,4,4,3,4,5,3,5,3,3,5,5,4,3,5,1,,,1,1,,,,,No,1,,,,,,,,1,,,,,1,,1,,1,1,1,,,,,,,,,,1,,,1,1,,1,,,,1,,,1,,,,,,,1,1,1,1,,,,,1,,1,1,,,,,,Yes ,1,,,,,,,,,1,,,,,Yes ,1,3,2,2,2,2,4,3,5,1,,,,1,,,,,1,1,,,,,,,,1,,,,,,,,,,1,,,,,,,"Yes, everyone uses the same software tool(s).",Im not sure,"Yes, I primarily adapt code written by others.",1,,,1,,,,,,,1,,,1,,,,,,,,,Yes,Yes. Someone could recreate both my data cleaning/coding and analysis steps.,2,4,3,3,3,4,3,5,0,,,,,,,,,,,,,1,,,1,,,,,,,1,1,1,,,,1,1,,,,No,Yes,3,Yes,3,1,,1,,,,,,,"Yes, someone could recreate both my data cleaning/coding and analysis steps.",8+ years (but in a formats that it may become obsolete),,1,,1,,1,1,,,,,,,,,,,,,1,1,,,3,3,2,2,4,1,1,1,1,,,1,,,Yes,Yes,No,Yes,Yes,Yes,No,No,Yes,Yes,Yes,Yes,No,Yes,I dont know,Yes,Yes,Yes,Yes,I dont know,I dont know,I dont know,Yes,Yes,Yes,Yes,Yes,Yes,4,2,2,2,3,
268,272,Graduate Student,,1,7,Predominantly research focused university or college,, Australia,1,7,2,5,0,0,0,3,Cognitive Psychology,,Primarily quantitative,1,,,1,,,,1,,,,1,,1,,,,,,,,,No,1,1,1,1,,1,1,1,1,,,,1,,,1,,1,1,1,1,,,,"Yes, but I have not taken advantage of it.","Yes, but I have not taken advantage of it.","Yes, but I have not taken advantage of it.",3,3,3,4,3,2,2,1,1,4,5,4,5,5,3,4,3,3,4,5,5,3,3,5,1,1,,,1,,,,,No,1,,,,,,,,1,,1,,LiveCode,1,,1,,1,,,,,,,,,,,,1,1,,1,1,1,,1,,,1,,,1,,,,,,,1,,1,,,,,,1,1,,,,,,,,Yes ,1,,,,1,1,,,,1,,,,,Yes ,2,3,3,2,4,3,3,3,5,1,1,,,,,,,,,1,,,,,,,,1,1,,1,,,,,,,1,,,1,,,,"Yes, everyone uses the same software tool(s).",Im not sure,"Yes, I primarily create my own code.",1,,,1,,,,,,,1,,,,,,,,,,1,I keep notes in the syntax ,Yes,Yes. Someone could recreate both my data cleaning/coding and analysis steps.,4,4,5,4,3,4,1,5,1,,,,,,,,,,1,1,,1,,,1,,,,,,,1,1,1,1,,,1,1,,,,No,Yes,2,Yes,5,1,1,,,,,,,,"Yes, someone could recreate both my data cleaning/coding and analysis steps.",8+ years (and maintained so it is always accessible),,1,,1,,1,,,,,,,,,,,,,,,,,,5,2,5,5,5,1,1,1,1,,,1,,,Yes,Yes,Yes,Yes,No,No,No,Yes,No,Yes,Yes,Yes,No,Yes,No,Yes,Yes,I dont know,Yes,Yes,Yes,No,Yes,Yes,Yes,Yes,Yes,Yes,4,2,2,2,2,
269,273,Graduate Student,,1,3,Equally research/teaching focused university or college,, Australia,1,13,8,4,0,1,0,0,Social and Personality Psychology,,Primarily quantitative,1,,,,,,,,,1,,1,,,,,,,,1,,,I dont know.,1,1,,,,1,,,,,,,1,,,,,,,,,,1,,"Yes, but I have not taken advantage of it.","Yes, but I have not taken advantage of it.",Im not sure if my institution offers these services,3,1,,4,1,,5,1,1,5,5,4,1,2,2,1,2,1,2,3,3,1,1,5,1,1,,,1,,,,,Yes,1,,,1,,,,,1,,,,,1,,1,1,1,,1,,,,,,,,,,1,,,,1,,,1,,,1,,,,,,,,1,,1,1,1,,,,,,1,,,,,1,,,,Im not sure.,1,,,,,,,,1,1,,,,,Im not sure.,I do not keep any backup copies of my digital files/data.,5,5,5,5,5,2,3,4,1,,,,,,,,,,1,,,,,,,,1,,,,,,,,,,1,1,,,,,,"Some tools are used by everyone, but sometimes different people or different projects use additional tools.",,"Yes, I primarily create my own code.",1,,,,,,,,1,,1,1,1,,,,,,,,,,Not applicable,Yes. Someone could recreate both my data cleaning/coding and analysis steps.,2,4,3,3,5,1,2,4,1,1,,1,,,,,1,,,,,1,,,,,,,,1,,1,,,,,,,,,1,,No,Yes,2,No,,1,,1,,,,,,,"Yes, someone could recreate both my data cleaning/coding and analysis steps.",I dont know.,,1,,1,1,1,,,,,,,,,,,,1,,,1,,,4,4,2,3,3,1,1,1,1,,,,,,No,I dont know,No,No,No,No,Yes,No,No,Yes,No,No,No,No,No,Yes,Yes,Yes,I dont know,Yes,I dont know,Yes,Yes,I dont know,Yes,Yes,Yes,Yes,5,5,5,5,3,
270,274,"Assistant Professor (US), Lecturer (UK), or equivalent",,2,13,Equally research/teaching focused university or college,, United States of America,1,26,20,6,0,0,0,3,Other (Please describe),Social Neuroscience,Primarily quantitative,1,,1,,1,,,1,,,,1,1,,,,,,,,,,"Yes, though I generally do not revisit my DMPs after I submit a grant or project proposal.",1,1,,1,,,,1,,,,,1,,,,,,,1,1,,,,No,No,No,,,,,,,,,,,,,,,,,,,,,,,,,0,,,,,,,,,,0,,,,,,,,,,,,,0,,,,,,,,,,,,,,,,0,,,,,,,,,,0,,,,,,,,,,0,,,,,,,,0,,,,,,,,,,0,,,,,,,,,,,,,,,,,,,,,,,,0,,,,,,,,,,,,,,,,,,0,,,,,,,,,,,,,,,,,,,,0,,,,,,,,,,0,,,,,,,,,,,,,,,,,,,,,,0,,,,,,,,,,,,,0,,,,,,,,,,0,,,,,,,,,,,,,,,,0,,,,,,,,,,,,0,,,,,,,,,,,,,,,,,,,,,,,,,,,0,,,,,,,,,,,,,,,,,,,,,,,,,,,,,,,,,,,,,,,,,,
271,275,Project Coordinator or Lab Manager,,1,4,Predominantly research focused university or college,, Germany,0,0,0,0,0,0,0,,Clinical Psychology,,Primarily quantitative,1,,,,1,,,,,,,1,,,,,,1,,,,,No,1,1,,,,1,,,1,,,,1,1,,,,1,,,1,,,,"Yes, and I have taken advantage of it.",Im not sure if my institution offers these services,Im not sure if my institution offers these services,,,,,,,,,,,,,,,,,,,,,,,,,0,,,,,,,,,,0,,,,,,,,,,,,,0,,,,,,,,,,,,,,,,0,,,,,,,,,,0,,,,,,,,,,0,,,,,,,,0,,,,,,,,,,0,,,,,,,,,,,,,,,,,,,,,,,,0,,,,,,,,,,,,,,,,,,0,,,,,,,,,,,,,,,,,,,,0,,,,,,,,,,0,,,,,,,,,,,,,,,,,,,,,,0,,,,,,,,,,,,,0,,,,,,,,,,0,,,,,,,,,,,,,,,,0,,,,,,,,,,,,0,,,,,,,,,,,,,,,,,,,,,,,,,,,0,,,,,,,,,,,,,,,,,,,,,,,,,,,,,,,,,,,,,,,,,,
272,276,"Assistant Professor (US), Lecturer (UK), or equivalent",,2,15,Predominantly research focused university or college,, United States of America,1,16,12,4,0,0,0,5,Clinical Psychology,,Primarily quantitative,1,,,,,1,,1,,,,1,1,1,,,,,,,,,No,1,1,1,1,1,1,1,,1,,,,1,,1,1,1,,1,1,1,,,,No,No,No,3,1,4,4,5,5,2,1,1,2,5,4,5,5,3,1,3,1,1,5,5,3,1,5,1,1,1,1,1,1,1,,,Yes,1,,,,,1,,,1,,1,,Opensesame ,1,1,1,1,1,1,1,1,1,,,1,,1,,,1,1,1,1,1,1,1,1,,,1,,1,1,,,1,,,,1,1,1,1,,,,,1,1,1,1,1,,,,,No,1,,1,1,1,,,,,1,,,,,No,2,5,5,5,3,5,4,2,5,1,,,,,,,1,,1,1,,,1,,,,,1,,,,,,,1,,,1,,,1,,,,"Some tools are used by everyone, but sometimes different people or different projects use additional tools.",No,"Yes, I use both code I have created myself and adapt code written by others.",1,,1,1,,,1,,,,1,,1,,,,1,,,,,,No ,Yes. Someone could recreate both my data cleaning/coding and analysis steps.,3,3,3,4,4,2,1,5,1,1,1,,,,1,,,,,,,1,,,1,,,,,,,1,1,1,,,,1,1,,,,"Yes, I have been required to complete a data availability statement.",Yes,1,No,,1,1,1,1,,,,,,Someone could recreate my data analysis but not cleaning/coding steps.,8+ years (but in a formats that it may become obsolete),,1,,1,,1,,1,,1,,,1,,1,1,1,1,1,1,,,,5,5,5,5,5,1,1,,1,1,,1,,,Yes,Yes,Yes,No,Yes,Yes,Yes,No,No,Yes,No,Yes,No,No,No,Yes,Yes,Yes,Yes,Yes,Yes,I dont know,Yes,Yes,Yes,I dont know,Yes,I dont know,5,5,5,5,5,
273,277,"Associate Professor  (US), Senior Lecturer (UK), or equivalent",,2,20,Equally research/teaching focused university or college,, United States of America,1,6,6,0,0,0,0,1,Cognitive Psychology,,Primarily quantitative,1,,,,,,,1,,,,1,1,,,,,,,,,,No,1,1,,1,,1,1,1,,,,,1,,,,,1,1,1,,,,,"Yes, but I have not taken advantage of it.","Yes, but I have not taken advantage of it.",Im not sure if my institution offers these services,3,1,4,5,,,,,,,,,,,,,,,,,,,,,0,,,,,,,,,,0,,,,,,,,,,,,,0,,,,,,,,,,,,,,,,0,,,,,,,,,,0,,,,,,,,,,0,,,,,,,,0,,,,,,,,,,0,,,,,,,,,,,,,,,,,,,,,,,,0,,,,,,,,,,,,,,,,,,0,,,,,,,,,,,,,,,,,,,,0,,,,,,,,,,0,,,,,,,,,,,,,,,,,,,,,,0,,,,,,,,,,,,,0,,,,,,,,,,0,,,,,,,,,,,,,,,,0,,,,,,,,,,,,0,,,,,,,,,,,,,,,,,,,,,,,,,,,0,,,,,,,,,,,,,,,,,,,,,,,,,,,,,,,,,,,,,,,,,,